date,water_temp_f,water_temp_c
2019-01-01,32.0,0.0
2019-01-02,32.0,0.0
2019-01-03,32.0,0.0
2019-01-04,32.0,0.0
2019-01-05,32.0,0.0
2019-01-06,32.0,0.0
2019-01-07,32.0,0.0
2019-01-08,32.0,0.0
2019-01-09,32.0,0.0
2019-01-10,32.0,0.0
2019-01-11,32.0,0.0
2019-01-12,32.0,0.0
2019-01-13,32.0,0.0
2019-01-14,32.0,0.0
2019-01-15,32.0,0.0
2019-01-16,32.0,0.0
2019-01-17,32.0,0.0
2019-01-18,32.0,0.0
2019-01-19,32.0,0.0
2019-01-20,32.0,0.0
2019-01-21,32.0,0.0
2019-01-22,32.0,0.0
2019-01-23,32.0,0.0
2019-01-24,32.0,0.0
2019-01-25,32.0,0.0
2019-01-26,32.0,0.0
2019-01-27,32.0,0.0
2019-01-28,32.0,0.0
2019-01-29,32.0,0.0
2019-01-30,32.0,0.0
2019-01-31,32.0,0.0
2019-02-01,32.0,0.0
2019-02-02,32.0,0.0
2019-02-03,32.0,0.0
2019-02-04,32.0,0.0
2019-02-05,32.0,0.0
2019-02-06,32.0,0.0
2019-02-07,32.0,0.0
2019-02-08,32.0,0.0
2019-02-09,32.0,0.0
2019-02-10,32.0,0.0
2019-02-11,32.0,0.0
2019-02-12,32.0,0.0
2019-02-13,32.0,0.0
2019-02-14,32.0,0.0
2019-02-15,32.0,0.0
2019-02-16,32.0,0.0
2019-02-17,32.0,0.0
2019-02-18,32.0,0.0
2019-02-19,32.0,0.0
2019-02-20,32.0,0.0
2019-02-21,32.0,0.0
2019-02-22,32.0,0.0
2019-02-23,32.0,0.0
2019-02-24,32.0,0.0
2019-02-25,32.0,0.0
2019-02-26,32.0,0.0
2019-02-27,32.0,0.0
2019-02-28,32.0,0.0
2019-03-01,32.0,0.0
2019-03-02,32.0,0.0
2019-03-03,32.0,0.0
2019-03-04,32.0,0.0
2019-03-05,32.0,0.0
2019-03-06,32.0,0.0
2019-03-07,32.0,0.0
2019-03-08,32.0,0.0
2019-03-09,32.0,0.0
2019-03-10,32.0,0.0
2019-03-11,32.0,0.0
2019-03-12,32.0,0.0
2019-03-13,32.0,0.0
2019-03-14,33.0,0.5555555555555556
2019-03-15,33.0,0.5555555555555556
2019-03-16,33.0,0.5555555555555556
2019-03-17,32.0,0.0
2019-03-18,32.0,0.0
2019-03-19,33.0,0.5555555555555556
2019-03-20,33.0,0.5555555555555556
2019-03-21,33.0,0.5555555555555556
2019-03-22,34.0,1.1111111111111112
2019-03-23,34.0,1.1111111111111112
2019-03-24,34.0,1.1111111111111112
2019-03-25,34.0,1.1111111111111112
2019-03-26,34.0,1.1111111111111112
2019-03-27,36.0,2.2222222222222223
2019-03-28,38.0,3.3333333333333335
2019-03-29,38.0,3.3333333333333335
2019-03-30,39.0,3.888888888888889
2019-03-31,38.0,3.3333333333333335
2019-04-01,39.0,3.888888888888889
2019-04-02,39.0,3.888888888888889
2019-04-03,39.0,3.888888888888889
2019-04-04,40.0,4.444444444444445
2019-04-05,40.0,4.444444444444445
2019-04-06,40.0,4.444444444444445
2019-04-07,41.0,5.0
2019-04-08,42.0,5.555555555555555
2019-04-09,43.0,6.111111111111111
2019-04-10,43.0,6.111111111111111
2019-04-11,41.0,5.0
2019-04-12,40.0,4.444444444444445
2019-04-13,39.0,3.888888888888889
2019-04-14,39.0,3.888888888888889
2019-04-15,41.0,5.0
2019-04-16,42.0,5.555555555555555
2019-04-17,44.0,6.666666666666667
2019-04-18,44.0,6.666666666666667
2019-04-19,44.0,6.666666666666667
2019-04-20,46.0,7.777777777777778
2019-04-21,48.0,8.88888888888889
2019-04-22,50.0,10.0
2019-04-23,50.0,10.0
2019-04-24,51.0,10.555555555555555
2019-04-25,53.0,11.666666666666666
2019-04-26,53.0,11.666666666666666
2019-04-27,54.0,12.222222222222221
2019-04-28,53.0,11.666666666666666
2019-04-29,53.0,11.666666666666666
2019-04-30,52.0,11.11111111111111
2019-05-01,51.0,10.555555555555555
2019-05-02,51.0,10.555555555555555
2019-05-03,50.0,10.0
2019-05-04,52.0,11.11111111111111
2019-05-05,53.0,11.666666666666666
2019-05-06,54.0,12.222222222222221
2019-05-07,54.0,12.222222222222221
2019-05-08,55.0,12.777777777777779
2019-05-09,53.0,11.666666666666666
2019-05-10,52.0,11.11111111111111
2019-05-11,52.0,11.11111111111111
2019-05-12,53.0,11.666666666666666
2019-05-13,54.0,12.222222222222221
2019-05-14,55.0,12.777777777777779
2019-05-15,57.0,13.88888888888889
2019-05-16,59.0,15.0
2019-05-17,61.0,16.11111111111111
2019-05-18,61.0,16.11111111111111
2019-05-19,59.0,15.0
2019-05-20,56.0,13.333333333333334
2019-05-21,57.0,13.88888888888889
2019-05-22,56.0,13.333333333333334
2019-05-23,56.0,13.333333333333334
2019-05-24,56.0,13.333333333333334
2019-05-25,57.0,13.88888888888889
2019-05-26,57.0,13.88888888888889
2019-05-27,59.0,15.0
2019-05-28,58.0,14.444444444444445
2019-05-29,59.0,15.0
2019-05-30,60.0,15.555555555555555
2019-05-31,62.0,16.666666666666668
2019-06-01,63.0,17.22222222222222
2019-06-02,64.0,17.77777777777778
2019-06-03,64.0,17.77777777777778
2019-06-04,65.0,18.333333333333332
2019-06-05,66.0,18.88888888888889
2019-06-06,67.0,19.444444444444443
2019-06-07,70.0,21.11111111111111
2019-06-08,71.0,21.666666666666668
2019-06-09,73.0,22.77777777777778
2019-06-10,70.0,21.11111111111111
2019-06-11,70.0,21.11111111111111
2019-06-12,69.0,20.555555555555557
2019-06-13,63.0,17.22222222222222
2019-06-14,67.0,19.444444444444443
2019-06-15,69.0,20.555555555555557
2019-06-16,68.0,20.0
2019-06-17,69.0,20.555555555555557
2019-06-18,70.0,21.11111111111111
2019-06-19,70.0,21.11111111111111
2019-06-20,70.0,21.11111111111111
2019-06-21,69.0,20.555555555555557
2019-06-22,69.0,20.555555555555557
2019-06-23,70.0,21.11111111111111
2019-06-24,69.0,20.555555555555557
2019-06-25,68.0,20.0
2019-06-26,69.0,20.555555555555557
2019-06-27,70.0,21.11111111111111
2019-06-28,71.0,21.666666666666668
2019-06-29,73.0,22.77777777777778
2019-06-30,74.0,23.333333333333332
2019-07-01,73.0,22.77777777777778
2019-07-02,74.0,23.333333333333332
2019-07-03,75.0,23.88888888888889
2019-07-05,75.0,23.88888888888889
2019-07-06,53.0,11.666666666666666
2019-07-09,75.0,23.88888888888889
2019-07-11,74.0,23.333333333333332
2019-07-12,74.0,23.333333333333332
2019-07-21,77.0,25.0
2019-07-22,76.0,24.444444444444443
2019-07-23,46.0,7.777777777777778
2019-08-06,77.0,25.0
2019-08-08,76.0,24.444444444444443
2019-08-14,75.0,23.88888888888889
2019-08-21,74.0,23.333333333333332
2019-08-22,74.0,23.333333333333332
2019-08-23,73.0,22.77777777777778
2019-08-24,73.0,22.77777777777778
2019-08-25,72.0,22.22222222222222
2019-08-26,71.0,21.666666666666668
2019-08-27,70.0,21.11111111111111
2019-08-28,68.0,20.0
2019-08-29,69.0,20.555555555555557
2019-08-30,69.0,20.555555555555557
2019-08-31,70.0,21.11111111111111
2019-09-01,69.0,20.555555555555557
2019-09-02,70.0,21.11111111111111
2019-09-03,72.0,22.22222222222222
2019-09-04,70.0,21.11111111111111
2019-09-05,70.0,21.11111111111111
2019-09-06,70.0,21.11111111111111
2019-09-07,71.0,21.666666666666668
2019-09-08,69.0,20.555555555555557
2019-09-09,67.0,19.444444444444443
2019-09-10,67.0,19.444444444444443
2019-09-11,69.0,20.555555555555557
2019-09-12,66.0,18.88888888888889
2019-09-13,66.0,18.88888888888889
2019-09-14,64.0,17.77777777777778
2019-09-15,65.0,18.333333333333332
2019-09-16,66.0,18.88888888888889
2019-09-17,67.0,19.444444444444443
2019-09-18,68.0,20.0
2019-09-19,69.0,20.555555555555557
2019-09-20,71.0,21.666666666666668
2019-09-21,72.0,22.22222222222222
2019-09-22,71.0,21.666666666666668
2019-09-23,70.0,21.11111111111111
2019-09-24,69.0,20.555555555555557
2019-09-25,69.0,20.555555555555557
2019-09-26,66.0,18.88888888888889
2019-09-27,66.0,18.88888888888889
2019-09-28,64.0,17.77777777777778
2019-09-29,63.0,17.22222222222222
2019-09-30,62.0,16.666666666666668
2019-10-01,64.0,17.77777777777778
2019-10-02,61.0,16.11111111111111
2019-10-03,60.0,15.555555555555555
2019-10-04,58.0,14.444444444444445
2019-10-05,56.0,13.333333333333334
2019-10-06,55.0,12.777777777777779
2019-10-07,55.0,12.777777777777779
2019-10-08,54.0,12.222222222222221
2019-10-09,55.0,12.777777777777779
2019-10-10,56.0,13.333333333333334
2019-10-11,55.0,12.777777777777779
2019-10-12,52.0,11.11111111111111
2019-10-13,50.0,10.0
2019-10-14,49.0,9.444444444444445
2019-10-15,49.0,9.444444444444445
2019-10-16,48.0,8.88888888888889
2019-10-17,48.0,8.88888888888889
2019-10-18,48.0,8.88888888888889
2019-10-19,49.0,9.444444444444445
2019-10-20,49.0,9.444444444444445
2019-10-21,51.0,10.555555555555555
2019-10-22,50.0,10.0
2019-10-23,49.0,9.444444444444445
2019-10-24,48.0,8.88888888888889
2019-10-25,47.0,8.333333333333334
2019-10-26,46.0,7.777777777777778
2019-10-27,46.0,7.777777777777778
2019-10-28,45.0,7.222222222222222
2019-10-29,44.0,6.666666666666667
2019-10-30,43.0,6.111111111111111
2019-10-31,42.0,5.555555555555555
2019-11-01,41.0,5.0
2019-11-04,40.0,4.444444444444445
2019-11-05,38.0,3.3333333333333335
2019-11-06,39.0,3.888888888888889
2019-11-07,36.0,2.2222222222222223
2019-11-08,36.0,2.2222222222222223
2019-11-09,36.0,2.2222222222222223
2019-11-10,36.0,2.2222222222222223
2019-11-11,33.0,0.5555555555555556
2019-11-12,32.0,0.0
2019-11-13,33.0,0.5555555555555556
2019-11-14,32.0,0.0
2019-11-15,33.0,0.5555555555555556
2019-11-16,33.0,0.5555555555555556
2019-11-17,35.0,1.6666666666666667
2019-11-18,35.0,1.6666666666666667
2019-11-19,36.0,2.2222222222222223
2019-11-20,36.0,2.2222222222222223
2019-11-23,36.0,2.2222222222222223
2019-11-24,36.0,2.2222222222222223
2019-11-25,37.0,2.7777777777777777
2019-11-26,37.0,2.7777777777777777
2019-11-27,35.0,1.6666666666666667
2019-11-28,35.0,1.6666666666666667
2019-11-29,35.0,1.6666666666666667
2019-11-30,35.0,1.6666666666666667
2019-12-01,35.0,1.6666666666666667
2019-12-02,33.0,0.5555555555555556
2019-12-03,33.0,0.5555555555555556
2019-12-04,34.0,1.1111111111111112
2019-12-05,33.0,0.5555555555555556
2019-12-06,33.0,0.5555555555555556
2019-12-07,33.0,0.5555555555555556
2019-12-08,34.0,1.1111111111111112
2019-12-09,34.0,1.1111111111111112
2019-12-10,32.0,0.0
2019-12-11,32.0,0.0
2019-12-12,33.0,0.5555555555555556
2019-12-13,33.0,0.5555555555555556
2019-12-14,33.0,0.5555555555555556
2019-12-15,33.0,0.5555555555555556
2019-12-16,33.0,0.5555555555555556
2019-12-17,33.0,0.5555555555555556
2019-12-18,33.0,0.5555555555555556
2019-12-19,33.0,0.5555555555555556
2019-12-20,32.0,0.0
2019-12-27,33.0,0.5555555555555556
2019-12-28,33.0,0.5555555555555556
2019-12-29,33.0,0.5555555555555556
2019-12-30,33.0,0.5555555555555556
2019-12-31,33.0,0.5555555555555556
2020-01-01,32.0,0.0
2020-01-02,33.0,0.5555555555555556
2020-01-03,33.0,0.5555555555555556
2020-01-04,33.0,0.5555555555555556
2020-01-05,33.0,0.5555555555555556
2020-01-06,33.0,0.5555555555555556
2020-01-07,33.0,0.5555555555555556
2020-01-08,32.0,0.0
2020-01-09,32.0,0.0
2020-01-10,32.0,0.0
2020-01-11,32.0,0.0
2020-01-12,32.0,0.0
2020-01-13,32.0,0.0
2020-01-14,32.0,0.0
2020-01-15,33.0,0.5555555555555556
2020-01-16,32.0,0.0
2020-01-17,32.0,0.0
2020-01-18,32.0,0.0
2020-01-19,32.0,0.0
2020-01-20,32.0,0.0
2020-01-21,32.0,0.0
2020-01-22,32.0,0.0
2020-01-23,32.0,0.0
2020-01-24,32.0,0.0
2020-01-25,32.0,0.0
2020-01-26,33.0,0.5555555555555556
2020-01-27,32.0,0.0
2020-01-28,33.0,0.5555555555555556
2020-01-29,33.0,0.5555555555555556
2020-01-30,32.0,0.0
2020-01-31,33.0,0.5555555555555556
2020-02-01,33.0,0.5555555555555556
2020-02-02,33.0,0.5555555555555556
2020-02-03,33.0,0.5555555555555556
2020-02-04,33.0,0.5555555555555556
2020-02-05,32.0,0.0
2020-02-06,33.0,0.5555555555555556
2020-02-07,33.0,0.5555555555555556
2020-02-08,33.0,0.5555555555555556
2020-02-09,32.0,0.0
2020-02-10,32.0,0.0
2020-02-11,32.0,0.0
2020-02-12,32.0,0.0
2020-02-13,32.0,0.0
2020-02-14,32.0,0.0
2020-02-15,32.0,0.0
2020-02-16,33.0,0.5555555555555556
2020-02-17,32.0,0.0
2020-02-18,32.0,0.0
2020-02-19,32.0,0.0
2020-02-20,32.0,0.0
2020-02-21,32.0,0.0
2020-02-22,32.0,0.0
2020-02-23,32.0,0.0
2020-02-24,32.0,0.0
2020-02-25,33.0,0.5555555555555556
2020-02-26,33.0,0.5555555555555556
2020-02-27,33.0,0.5555555555555556
2020-02-28,33.0,0.5555555555555556
2020-02-29,33.0,0.5555555555555556
2020-03-01,33.0,0.5555555555555556
2020-03-02,34.0,1.1111111111111112
2020-03-03,34.0,1.1111111111111112
2020-03-04,35.0,1.6666666666666667
2020-03-05,37.0,2.7777777777777777
2020-03-06,35.0,1.6666666666666667
2020-03-07,36.0,2.2222222222222223
2020-03-08,37.0,2.7777777777777777
2020-03-09,38.0,3.3333333333333335
2020-03-10,35.0,1.6666666666666667
2020-03-11,35.0,1.6666666666666667
2020-03-12,36.0,2.2222222222222223
2020-03-13,34.0,1.1111111111111112
2020-03-14,34.0,1.1111111111111112
2020-03-15,34.0,1.1111111111111112
2020-03-16,35.0,1.6666666666666667
2020-03-17,35.0,1.6666666666666667
2020-03-18,37.0,2.7777777777777777
2020-03-19,38.0,3.3333333333333335
2020-03-20,37.0,2.7777777777777777
2020-03-21,37.0,2.7777777777777777
2020-03-22,37.0,2.7777777777777777
2020-03-23,38.0,3.3333333333333335
2020-03-24,39.0,3.888888888888889
2020-03-25,40.0,4.444444444444445
2020-03-26,40.0,4.444444444444445
2020-03-27,41.0,5.0
2020-03-28,43.0,6.111111111111111
2020-03-29,42.0,5.555555555555555
2020-03-30,41.0,5.0
2020-03-31,42.0,5.555555555555555
2020-04-01,42.0,5.555555555555555
2020-04-02,44.0,6.666666666666667
2020-04-03,45.0,7.222222222222222
2020-04-04,43.0,6.111111111111111
2020-04-05,43.0,6.111111111111111
2020-04-06,44.0,6.666666666666667
2020-04-07,45.0,7.222222222222222
2020-04-08,46.0,7.777777777777778
2020-04-09,46.0,7.777777777777778
2020-04-10,45.0,7.222222222222222
2020-04-11,46.0,7.777777777777778
2020-04-12,47.0,8.333333333333334
2020-04-13,44.0,6.666666666666667
2020-04-14,43.0,6.111111111111111
2020-04-15,42.0,5.555555555555555
2020-04-16,41.0,5.0
2020-04-17,42.0,5.555555555555555
2020-04-18,43.0,6.111111111111111
2020-04-19,45.0,7.222222222222222
2020-04-20,45.0,7.222222222222222
2020-04-21,46.0,7.777777777777778
2020-04-22,47.0,8.333333333333334
2020-04-23,49.0,9.444444444444445
2020-04-24,50.0,10.0
2020-04-25,52.0,11.11111111111111
2020-04-26,54.0,12.222222222222221
2020-04-27,55.0,12.777777777777779
2020-04-28,57.0,13.88888888888889
2020-04-29,55.0,12.777777777777779
2020-04-30,56.0,13.333333333333334
2020-05-01,58.0,14.444444444444445
2020-05-02,59.0,15.0
2020-05-03,59.0,15.0
2020-05-04,59.0,15.0
2020-05-05,60.0,15.555555555555555
2020-05-06,60.0,15.555555555555555
2020-05-07,60.0,15.555555555555555
2020-05-08,58.0,14.444444444444445
2020-05-09,58.0,14.444444444444445
2020-05-10,57.0,13.88888888888889
2020-05-11,54.0,12.222222222222221
2020-05-12,56.0,13.333333333333334
2020-05-13,57.0,13.88888888888889
2020-05-14,56.0,13.333333333333334
2020-05-15,58.0,14.444444444444445
2020-05-16,59.0,15.0
2020-05-17,59.0,15.0
2020-05-18,57.0,13.88888888888889
2020-05-19,58.0,14.444444444444445
2020-05-20,59.0,15.0
2020-05-21,60.0,15.555555555555555
2020-05-22,61.0,16.11111111111111
2020-05-23,61.0,16.11111111111111
2020-05-24,62.0,16.666666666666668
2020-05-25,63.0,17.22222222222222
2020-06-01,67.0,19.444444444444443
2020-06-03,70.0,21.11111111111111
2020-06-04,72.0,22.22222222222222
2020-06-05,72.0,22.22222222222222
2020-06-06,73.0,22.77777777777778
2020-06-07,72.0,22.22222222222222
2020-06-08,73.0,22.77777777777778
2020-06-09,75.0,23.88888888888889
2020-06-10,74.0,23.333333333333332
2020-06-11,71.0,21.666666666666668
2020-06-12,72.0,22.22222222222222
2020-06-13,69.0,20.555555555555557
2020-06-14,70.0,21.11111111111111
2020-06-15,70.0,21.11111111111111
2020-06-16,70.0,21.11111111111111
2020-06-17,72.0,22.22222222222222
2020-06-20,74.0,23.333333333333332
2020-06-21,74.0,23.333333333333332
2020-06-27,75.0,23.88888888888889
2020-06-28,76.0,24.444444444444443
2020-06-29,76.0,24.444444444444443
2020-06-30,75.0,23.88888888888889
2020-07-01,78.0,25.555555555555557
2020-07-02,77.0,25.0
2020-07-03,78.0,25.555555555555557
2020-07-04,79.0,26.11111111111111
2020-07-05,80.0,26.666666666666668
2020-07-06,81.0,27.22222222222222
2020-07-07,81.0,27.22222222222222
2020-07-08,81.0,27.22222222222222
2020-07-10,80.0,26.666666666666668
2020-07-11,81.0,27.22222222222222
2020-07-12,80.0,26.666666666666668
2020-07-13,81.0,27.22222222222222
2020-07-14,80.0,26.666666666666668
2020-07-15,77.0,25.0
2020-07-16,78.0,25.555555555555557
2020-07-17,78.0,25.555555555555557
2020-07-18,80.0,26.666666666666668
2020-07-19,80.0,26.666666666666668
2020-07-20,78.0,25.555555555555557
2020-07-22,78.0,25.555555555555557
2020-07-23,75.0,23.88888888888889
2020-07-24,77.0,25.0
2020-07-25,79.0,26.11111111111111
2020-07-26,78.0,25.555555555555557
2020-07-27,78.0,25.555555555555557
2020-07-28,79.0,26.11111111111111
2020-07-29,77.0,25.0
2020-07-31,76.0,24.444444444444443
2020-08-04,74.0,23.333333333333332
2020-08-05,75.0,23.88888888888889
2020-08-15,75.0,23.88888888888889
2020-09-01,73.0,22.77777777777778
2020-09-02,72.0,22.22222222222222
2020-09-03,72.0,22.22222222222222
2020-09-04,67.0,19.444444444444443
2020-09-05,69.0,20.555555555555557
2020-09-06,71.0,21.666666666666668
2020-09-07,69.0,20.555555555555557
2020-09-08,66.0,18.88888888888889
2020-09-09,64.0,17.77777777777778
2020-09-10,62.0,16.666666666666668
2020-09-11,63.0,17.22222222222222
2020-09-12,62.0,16.666666666666668
2020-09-13,62.0,16.666666666666668
2020-09-14,63.0,17.22222222222222
2020-09-15,64.0,17.77777777777778
2020-09-16,65.0,18.333333333333332
2020-09-17,64.0,17.77777777777778
2020-09-18,63.0,17.22222222222222
2020-09-19,63.0,17.22222222222222
2020-09-20,64.0,17.77777777777778
2020-09-21,63.0,17.22222222222222
2020-09-22,64.0,17.77777777777778
2020-09-23,65.0,18.333333333333332
2020-09-24,67.0,19.444444444444443
2020-09-25,67.0,19.444444444444443
2020-09-26,69.0,20.555555555555557
2020-09-27,67.0,19.444444444444443
2020-09-28,65.0,18.333333333333332
2020-09-29,62.0,16.666666666666668
2020-09-30,62.0,16.666666666666668
2020-10-01,60.0,15.555555555555555
2020-10-02,59.0,15.0
2020-10-03,58.0,14.444444444444445
2020-10-04,57.0,13.88888888888889
2020-10-05,58.0,14.444444444444445
2020-10-06,58.0,14.444444444444445
2020-10-07,59.0,15.0
2020-10-08,59.0,15.0
2020-10-09,59.0,15.0
2020-10-10,60.0,15.555555555555555
2020-10-11,60.0,15.555555555555555
2020-10-12,60.0,15.555555555555555
2020-10-13,59.0,15.0
2020-10-14,57.0,13.88888888888889
2020-10-15,55.0,12.777777777777779
2020-10-16,53.0,11.666666666666666
2020-10-17,51.0,10.555555555555555
2020-10-18,51.0,10.555555555555555
2020-10-19,48.0,8.88888888888889
2020-10-20,47.0,8.333333333333334
2020-10-22,44.0,6.666666666666667
2020-10-23,43.0,6.111111111111111
2020-10-24,42.0,5.555555555555555
2020-10-25,41.0,5.0
2020-10-26,39.0,3.888888888888889
2020-10-27,39.0,3.888888888888889
2020-10-28,38.0,3.3333333333333335
2020-10-29,40.0,4.444444444444445
2020-10-30,40.0,4.444444444444445
2020-10-31,40.0,4.444444444444445
2020-11-01,40.0,4.444444444444445
2020-11-02,39.0,3.888888888888889
2020-11-03,40.0,4.444444444444445
2020-11-04,42.0,5.555555555555555
2020-11-05,43.0,6.111111111111111
2020-11-06,44.0,6.666666666666667
2020-11-08,49.0,9.444444444444445
2020-11-09,51.0,10.555555555555555
2020-11-10,50.0,10.0
2020-11-11,46.0,7.777777777777778
2020-11-12,46.0,7.777777777777778
2020-11-13,44.0,6.666666666666667
2020-11-14,41.0,5.0
2020-11-15,41.0,5.0
2020-11-16,38.0,3.3333333333333335
2020-11-17,37.0,2.7777777777777777
2020-11-18,37.0,2.7777777777777777
2020-11-19,38.0,3.3333333333333335
2020-11-20,39.0,3.888888888888889
2020-11-21,38.0,3.3333333333333335
2020-11-22,37.0,2.7777777777777777
2020-11-23,37.0,2.7777777777777777
2020-11-24,37.0,2.7777777777777777
2020-11-25,38.0,3.3333333333333335
2020-11-26,38.0,3.3333333333333335
2020-11-27,37.0,2.7777777777777777
2020-11-28,37.0,2.7777777777777777
2020-11-29,37.0,2.7777777777777777
2020-11-30,35.0,1.6666666666666667
2020-12-01,34.0,1.1111111111111112
2020-12-02,35.0,1.6666666666666667
2020-12-03,35.0,1.6666666666666667
2020-12-04,35.0,1.6666666666666667
2020-12-05,35.0,1.6666666666666667
2020-12-06,36.0,2.2222222222222223
2020-12-07,36.0,2.2222222222222223
2020-12-08,36.0,2.2222222222222223
2020-12-09,36.0,2.2222222222222223
2020-12-10,37.0,2.7777777777777777
2020-12-11,37.0,2.7777777777777777
2020-12-12,36.0,2.2222222222222223
2020-12-13,35.0,1.6666666666666667
2020-12-14,33.0,0.5555555555555556
2020-12-15,33.0,0.5555555555555556
2020-12-16,33.0,0.5555555555555556
2020-12-17,34.0,1.1111111111111112
2020-12-18,34.0,1.1111111111111112
2020-12-19,34.0,1.1111111111111112
2020-12-20,34.0,1.1111111111111112
2020-12-21,35.0,1.6666666666666667
2020-12-22,34.0,1.1111111111111112
2020-12-23,34.0,1.1111111111111112
2020-12-24,33.0,0.5555555555555556
2020-12-25,33.0,0.5555555555555556
2020-12-26,33.0,0.5555555555555556
2020-12-27,33.0,0.5555555555555556
2020-12-28,33.0,0.5555555555555556
2020-12-29,33.0,0.5555555555555556
2020-12-30,33.0,0.5555555555555556
2020-12-31,33.0,0.5555555555555556
2021-01-01,33.0,0.5555555555555556
2021-01-02,33.0,0.5555555555555556
2021-01-03,33.0,0.5555555555555556
2021-01-04,33.0,0.5555555555555556
2021-01-05,33.0,0.5555555555555556
2021-01-06,33.0,0.5555555555555556
2021-01-07,33.0,0.5555555555555556
2021-01-08,33.0,0.5555555555555556
2021-01-09,33.0,0.5555555555555556
2021-01-10,33.0,0.5555555555555556
2021-01-11,33.0,0.5555555555555556
2021-01-12,33.0,0.5555555555555556
2021-01-13,33.0,0.5555555555555556
2021-01-14,33.0,0.5555555555555556
2021-01-15,33.0,0.5555555555555556
2021-01-16,34.0,1.1111111111111112
2021-01-17,34.0,1.1111111111111112
2021-01-18,34.0,1.1111111111111112
2021-01-19,34.0,1.1111111111111112
2021-01-20,33.0,0.5555555555555556
2021-01-21,33.0,0.5555555555555556
2021-01-22,33.0,0.5555555555555556
2021-01-23,33.0,0.5555555555555556
2021-01-24,33.0,0.5555555555555556
2021-01-25,33.0,0.5555555555555556
2021-01-26,33.0,0.5555555555555556
2021-01-27,33.0,0.5555555555555556
2021-01-28,33.0,0.5555555555555556
2021-01-29,33.0,0.5555555555555556
2021-01-30,33.0,0.5555555555555556
2021-01-31,33.0,0.5555555555555556
2021-02-01,18.0,-7.777777777777778
2021-02-02,19.0,-7.222222222222222
2021-02-03,29.0,-1.6666666666666667
2021-02-04,33.0,0.5555555555555556
2021-02-05,33.0,0.5555555555555556
2021-02-06,33.0,0.5555555555555556
2021-02-07,33.0,0.5555555555555556
2021-02-08,33.0,0.5555555555555556
2021-02-09,33.0,0.5555555555555556
2021-02-10,33.0,0.5555555555555556
2021-02-11,33.0,0.5555555555555556
2021-02-12,33.0,0.5555555555555556
2021-02-13,33.0,0.5555555555555556
2021-02-14,33.0,0.5555555555555556
2021-02-15,33.0,0.5555555555555556
2021-02-16,33.0,0.5555555555555556
2021-02-17,33.0,0.5555555555555556
2021-02-18,33.0,0.5555555555555556
2021-02-19,33.0,0.5555555555555556
2021-02-20,33.0,0.5555555555555556
2021-02-21,33.0,0.5555555555555556
2021-02-22,33.0,0.5555555555555556
2021-02-23,33.0,0.5555555555555556
2021-02-24,33.0,0.5555555555555556
2021-02-25,33.0,0.5555555555555556
2021-02-26,33.0,0.5555555555555556
2021-02-27,33.0,0.5555555555555556
2021-02-28,5.0,-15.0
2021-03-01,34.0,1.1111111111111112
2021-03-02,33.0,0.5555555555555556
2021-03-03,33.0,0.5555555555555556
2021-03-04,34.0,1.1111111111111112
2021-03-05,35.0,1.6666666666666667
2021-03-06,35.0,1.6666666666666667
2021-03-07,36.0,2.2222222222222223
2021-03-08,37.0,2.7777777777777777
2021-03-09,37.0,2.7777777777777777
2021-03-10,37.0,2.7777777777777777
2021-03-11,37.0,2.7777777777777777
2021-03-12,39.0,3.888888888888889
2021-03-13,39.0,3.888888888888889
2021-03-14,41.0,5.0
2021-03-15,39.0,3.888888888888889
2021-03-16,37.0,2.7777777777777777
2021-03-17,39.0,3.888888888888889
2021-03-18,38.0,3.3333333333333335
2021-03-19,40.0,4.444444444444445
2021-03-20,40.0,4.444444444444445
2021-03-21,42.0,5.555555555555555
2021-03-22,44.0,6.666666666666667
2021-03-24,45.0,7.222222222222222
2021-03-25,45.0,7.222222222222222
2021-03-26,17.0,-8.333333333333334
2021-03-27,45.0,7.222222222222222
2021-03-28,44.0,6.666666666666667
2021-03-29,44.0,6.666666666666667
2021-03-30,46.0,7.777777777777778
2021-03-31,42.0,5.555555555555555
2021-04-01,43.0,6.111111111111111
2021-04-02,44.0,6.666666666666667
2021-04-03,45.0,7.222222222222222
2021-04-04,46.0,7.777777777777778
2021-04-05,49.0,9.444444444444445
2021-04-06,52.0,11.11111111111111
2021-04-07,54.0,12.222222222222221
2021-04-08,56.0,13.333333333333334
2021-04-09,56.0,13.333333333333334
2021-04-10,54.0,12.222222222222221
2021-04-11,52.0,11.11111111111111
2021-04-12,52.0,11.11111111111111
2021-04-13,49.0,9.444444444444445
2021-04-14,47.0,8.333333333333334
2021-04-15,47.0,8.333333333333334
2021-04-16,47.0,8.333333333333334
2021-04-17,48.0,8.88888888888889
2021-04-18,49.0,9.444444444444445
2021-04-19,48.0,8.88888888888889
2021-04-20,46.0,7.777777777777778
2021-04-21,47.0,8.333333333333334
2021-04-22,47.0,8.333333333333334
2021-04-23,49.0,9.444444444444445
2021-04-24,48.0,8.88888888888889
2021-04-25,48.0,8.88888888888889
2021-04-26,48.0,8.88888888888889
2021-04-27,49.0,9.444444444444445
2021-04-28,48.0,8.88888888888889
2021-04-29,50.0,10.0
2021-04-30,51.0,10.555555555555555
2021-05-01,53.0,11.666666666666666
2021-05-02,56.0,13.333333333333334
2021-05-03,56.0,13.333333333333334
2021-05-04,57.0,13.88888888888889
2021-05-05,55.0,12.777777777777779
2021-05-06,53.0,11.666666666666666
2021-05-07,57.0,13.88888888888889
2021-05-08,56.0,13.333333333333334
2021-05-09,57.0,13.88888888888889
2021-05-10,57.0,13.88888888888889
2021-05-11,56.0,13.333333333333334
2021-05-12,58.0,14.444444444444445
2021-05-13,58.0,14.444444444444445
2021-05-14,60.0,15.555555555555555
2021-05-15,59.0,15.0
2021-05-16,63.0,17.22222222222222
2021-05-17,63.0,17.22222222222222
2021-05-18,65.0,18.333333333333332
2021-05-19,65.0,18.333333333333332
2021-05-20,67.0,19.444444444444443
2021-05-21,68.0,20.0
2021-05-22,69.0,20.555555555555557
2021-05-23,71.0,21.666666666666668
2021-05-24,71.0,21.666666666666668
2021-05-25,72.0,22.22222222222222
2021-05-26,71.0,21.666666666666668
2021-05-27,70.0,21.11111111111111
2021-05-28,63.0,17.22222222222222
2021-05-29,66.0,18.88888888888889
2021-05-30,66.0,18.88888888888889
2021-05-31,63.0,17.22222222222222
2021-06-01,66.0,18.88888888888889
2021-06-02,67.0,19.444444444444443
2021-06-03,67.0,19.444444444444443
2021-06-04,70.0,21.11111111111111
2021-06-05,72.0,22.22222222222222
2021-06-06,74.0,23.333333333333332
2021-06-07,75.0,23.88888888888889
2021-06-08,78.0,25.555555555555557
2021-06-09,80.0,26.666666666666668
2021-06-10,82.0,27.77777777777778
2021-06-11,83.0,28.333333333333332
2021-06-12,81.0,27.22222222222222
2021-06-13,80.0,26.666666666666668
2021-06-14,79.0,26.11111111111111
2021-06-15,79.0,26.11111111111111
2021-06-16,79.0,26.11111111111111
2021-06-17,79.0,26.11111111111111
2021-06-19,79.0,26.11111111111111
2021-06-20,78.0,25.555555555555557
2021-06-21,74.0,23.333333333333332
2021-06-22,71.0,21.666666666666668
2021-06-23,73.0,22.77777777777778
2021-06-24,75.0,23.88888888888889
2021-06-25,77.0,25.0
2021-06-26,77.0,25.0
2021-06-27,77.0,25.0
2021-06-28,77.0,25.0
2021-07-06,83.0,28.333333333333332
2021-07-08,75.0,23.88888888888889
2021-07-28,82.0,27.77777777777778
2021-08-07,77.0,25.0
2021-08-08,76.0,24.444444444444443
2021-08-09,77.0,25.0
2021-08-10,79.0,26.11111111111111
2021-08-11,79.0,26.11111111111111
2021-08-12,78.0,25.555555555555557
2021-08-13,76.0,24.444444444444443
2021-08-14,75.0,23.88888888888889
2021-08-22,76.0,24.444444444444443
2021-08-23,76.0,24.444444444444443
2021-08-24,77.0,25.0
2021-08-25,76.0,24.444444444444443
2021-08-26,77.0,25.0
2021-08-27,75.0,23.88888888888889
2021-08-28,75.0,23.88888888888889
2021-08-29,76.0,24.444444444444443
2021-08-30,76.0,24.444444444444443
2021-08-31,77.0,25.0
2021-09-01,76.0,24.444444444444443
2021-09-02,75.0,23.88888888888889
2021-09-03,73.0,22.77777777777778
2021-09-04,71.0,21.666666666666668
2021-09-05,72.0,22.22222222222222
2021-09-06,73.0,22.77777777777778
2021-09-07,74.0,23.333333333333332
2021-09-08,72.0,22.22222222222222
2021-09-09,71.0,21.666666666666668
2021-09-10,72.0,22.22222222222222
2021-09-11,72.0,22.22222222222222
2021-09-12,72.0,22.22222222222222
2021-09-13,71.0,21.666666666666668
2021-09-14,71.0,21.666666666666668
2021-09-15,70.0,21.11111111111111
2021-09-16,70.0,21.11111111111111
2021-09-17,71.0,21.666666666666668
2021-09-18,71.0,21.666666666666668
2021-09-19,70.0,21.11111111111111
2021-09-20,72.0,22.22222222222222
2021-09-21,69.0,20.555555555555557
2021-09-22,68.0,20.0
2021-09-23,69.0,20.555555555555557
2021-09-24,69.0,20.555555555555557
2021-09-25,66.0,18.88888888888889
2021-09-26,65.0,18.333333333333332
2021-09-27,67.0,19.444444444444443
2021-09-28,67.0,19.444444444444443
2021-09-29,68.0,20.0
2021-09-30,69.0,20.555555555555557
2021-10-01,69.0,20.555555555555557
2021-10-02,70.0,21.11111111111111
2021-10-03,69.0,20.555555555555557
2021-10-04,68.0,20.0
2021-10-05,69.0,20.555555555555557
2021-10-06,69.0,20.555555555555557
2021-10-07,69.0,20.555555555555557
2021-10-08,69.0,20.555555555555557
2021-10-09,69.0,20.555555555555557
2021-10-10,70.0,21.11111111111111
2021-10-11,69.0,20.555555555555557
2021-10-12,67.0,19.444444444444443
2021-10-13,67.0,19.444444444444443
2021-10-14,65.0,18.333333333333332
2021-10-15,61.0,16.11111111111111
2021-10-16,60.0,15.555555555555555
2021-10-17,58.0,14.444444444444445
2021-10-18,60.0,15.555555555555555
2021-10-19,60.0,15.555555555555555
2021-10-20,61.0,16.11111111111111
2021-10-21,60.0,15.555555555555555
2021-10-22,57.0,13.88888888888889
2021-10-23,56.0,13.333333333333334
2021-10-24,55.0,12.777777777777779
2021-10-25,53.0,11.666666666666666
2021-10-26,54.0,12.222222222222221
2021-10-27,53.0,11.666666666666666
2021-10-28,53.0,11.666666666666666
2021-10-29,52.0,11.11111111111111
2021-10-30,52.0,11.11111111111111
2021-10-31,52.0,11.11111111111111
2021-11-01,49.0,9.444444444444445
2021-11-02,48.0,8.88888888888889
2021-11-03,48.0,8.88888888888889
2021-11-04,48.0,8.88888888888889
2021-11-05,48.0,8.88888888888889
2021-11-06,48.0,8.88888888888889
2021-11-07,48.0,8.88888888888889
2021-11-08,48.0,8.88888888888889
2021-11-09,48.0,8.88888888888889
2021-11-10,47.0,8.333333333333334
2021-11-11,48.0,8.88888888888889
2021-11-12,46.0,7.777777777777778
2021-11-13,44.0,6.666666666666667
2021-11-14,43.0,6.111111111111111
2021-11-15,42.0,5.555555555555555
2021-11-16,42.0,5.555555555555555
2021-11-17,41.0,5.0
2021-11-18,40.0,4.444444444444445
2021-11-19,37.0,2.7777777777777777
2021-11-20,38.0,3.3333333333333335
2021-11-21,38.0,3.3333333333333335
2021-11-22,37.0,2.7777777777777777
2021-11-23,36.0,2.2222222222222223
2021-11-24,38.0,3.3333333333333335
2021-11-25,37.0,2.7777777777777777
2021-11-26,36.0,2.2222222222222223
2021-11-27,35.0,1.6666666666666667
2021-11-28,36.0,2.2222222222222223
2021-11-29,36.0,2.2222222222222223
2021-11-30,36.0,2.2222222222222223
2021-12-01,38.0,3.3333333333333335
2021-12-02,38.0,3.3333333333333335
2021-12-03,39.0,3.888888888888889
2021-12-04,38.0,3.3333333333333335
2021-12-05,38.0,3.3333333333333335
2021-12-06,36.0,2.2222222222222223
2021-12-07,33.0,0.5555555555555556
2021-12-08,34.0,1.1111111111111112
2021-12-09,35.0,1.6666666666666667
2021-12-10,35.0,1.6666666666666667
2021-12-11,35.0,1.6666666666666667
2021-12-12,35.0,1.6666666666666667
2021-12-13,34.0,1.1111111111111112
2021-12-14,34.0,1.1111111111111112
2021-12-15,34.0,1.1111111111111112
2021-12-16,35.0,1.6666666666666667
2021-12-17,33.0,0.5555555555555556
2021-12-18,34.0,1.1111111111111112
2021-12-19,33.0,0.5555555555555556
2021-12-20,34.0,1.1111111111111112
2021-12-21,34.0,1.1111111111111112
2021-12-22,33.0,0.5555555555555556
2021-12-23,33.0,0.5555555555555556
2021-12-24,33.0,0.5555555555555556
2021-12-25,33.0,0.5555555555555556
2021-12-26,33.0,0.5555555555555556
2021-12-27,33.0,0.5555555555555556
2021-12-28,33.0,0.5555555555555556
2021-12-29,33.0,0.5555555555555556
2021-12-30,33.0,0.5555555555555556
2021-12-31,33.0,0.5555555555555556
2022-01-01,33.0,0.5555555555555556
2022-01-02,33.0,0.5555555555555556
2022-01-03,33.0,0.5555555555555556
2022-01-05,33.0,0.5555555555555556
2022-01-06,33.0,0.5555555555555556
2022-01-07,33.0,0.5555555555555556
2022-01-08,33.0,0.5555555555555556
2022-01-09,33.0,0.5555555555555556
2022-01-10,33.0,0.5555555555555556
2022-01-11,33.0,0.5555555555555556
2022-01-12,33.0,0.5555555555555556
2022-01-13,33.0,0.5555555555555556
2022-01-14,33.0,0.5555555555555556
2022-01-15,33.0,0.5555555555555556
2022-01-16,33.0,0.5555555555555556
2022-01-17,33.0,0.5555555555555556
2022-01-18,33.0,0.5555555555555556
2022-01-19,33.0,0.5555555555555556
2022-01-20,33.0,0.5555555555555556
2022-01-21,33.0,0.5555555555555556
2022-01-22,33.0,0.5555555555555556
2022-01-23,33.0,0.5555555555555556
2022-01-24,33.0,0.5555555555555556
2022-01-25,33.0,0.5555555555555556
2022-01-26,33.0,0.5555555555555556
2022-01-27,33.0,0.5555555555555556
2022-01-28,33.0,0.5555555555555556
2022-01-29,33.0,0.5555555555555556
2022-01-30,33.0,0.5555555555555556
2022-01-31,33.0,0.5555555555555556
2022-02-01,33.0,0.5555555555555556
2022-02-02,33.0,0.5555555555555556
2022-02-03,33.0,0.5555555555555556
2022-02-04,33.0,0.5555555555555556
2022-02-05,33.0,0.5555555555555556
2022-02-06,33.0,0.5555555555555556
2022-02-07,33.0,0.5555555555555556
2022-02-08,33.0,0.5555555555555556
2022-02-09,33.0,0.5555555555555556
2022-02-10,33.0,0.5555555555555556
2022-02-11,33.0,0.5555555555555556
2022-02-12,33.0,0.5555555555555556
2022-02-13,33.0,0.5555555555555556
2022-02-14,33.0,0.5555555555555556
2022-02-15,33.0,0.5555555555555556
2022-02-16,33.0,0.5555555555555556
2022-02-17,32.0,0.0
2022-02-18,33.0,0.5555555555555556
2022-02-19,33.0,0.5555555555555556
2022-02-20,33.0,0.5555555555555556
2022-02-21,33.0,0.5555555555555556
2022-02-22,15.0,-9.444444444444445
2022-02-23,33.0,0.5555555555555556
2022-02-24,33.0,0.5555555555555556
2022-02-25,33.0,0.5555555555555556
2022-02-26,33.0,0.5555555555555556
2022-02-27,33.0,0.5555555555555556
2022-02-28,33.0,0.5555555555555556
2022-03-01,33.0,0.5555555555555556
2022-03-03,33.0,0.5555555555555556
2022-03-04,33.0,0.5555555555555556
2022-03-05,33.0,0.5555555555555556
2022-03-07,33.0,0.5555555555555556
2022-03-08,34.0,1.1111111111111112
2022-03-09,16.0,-8.88888888888889
2022-03-10,34.0,1.1111111111111112
2022-03-11,34.0,1.1111111111111112
2022-03-12,33.0,0.5555555555555556
2022-03-13,34.0,1.1111111111111112
2022-03-14,34.0,1.1111111111111112
2022-03-16,35.0,1.6666666666666667
2022-03-17,35.0,1.6666666666666667
2022-03-18,37.0,2.7777777777777777
2022-03-19,36.0,2.2222222222222223
2022-03-20,38.0,3.3333333333333335
2022-03-21,33.0,0.5555555555555556
2022-03-22,40.0,4.444444444444445
2022-03-23,38.0,3.3333333333333335
2022-03-24,37.0,2.7777777777777777
2022-03-25,38.0,3.3333333333333335
2022-03-26,34.0,1.1111111111111112
2022-03-27,34.0,1.1111111111111112
2022-03-28,35.0,1.6666666666666667
2022-03-29,37.0,2.7777777777777777
2022-03-30,36.0,2.2222222222222223
2022-03-31,36.0,2.2222222222222223
2022-04-01,36.0,2.2222222222222223
2022-04-02,39.0,3.888888888888889
2022-04-04,39.0,3.888888888888889
2022-04-05,40.0,4.444444444444445
2022-04-06,40.0,4.444444444444445
2022-04-07,40.0,4.444444444444445
2022-04-08,39.0,3.888888888888889
2022-04-09,41.0,5.0
2022-04-10,35.0,1.6666666666666667
2022-04-11,44.0,6.666666666666667
2022-04-12,45.0,7.222222222222222
2022-04-13,45.0,7.222222222222222
2022-04-14,43.0,6.111111111111111
2022-04-15,40.0,4.444444444444445
2022-04-16,41.0,5.0
2022-04-17,42.0,5.555555555555555
2022-04-18,42.0,5.555555555555555
2022-04-19,39.0,3.888888888888889
2022-04-20,41.0,5.0
2022-04-21,42.0,5.555555555555555
2022-04-22,44.0,6.666666666666667
2022-04-23,45.0,7.222222222222222
2022-04-24,48.0,8.88888888888889
2022-04-25,45.0,7.222222222222222
2022-04-26,45.0,7.222222222222222
2022-04-27,45.0,7.222222222222222
2022-04-28,46.0,7.777777777777778
2022-04-29,47.0,8.333333333333334
2022-04-30,48.0,8.88888888888889
2022-05-01,48.0,8.88888888888889
2022-05-02,47.0,8.333333333333334
2022-05-03,49.0,9.444444444444445
2022-05-04,49.0,9.444444444444445
2022-05-05,50.0,10.0
2022-05-06,51.0,10.555555555555555
2022-05-07,53.0,11.666666666666666
2022-05-08,55.0,12.777777777777779
2022-05-09,56.0,13.333333333333334
2022-05-10,58.0,14.444444444444445
2022-05-11,60.0,15.555555555555555
2022-05-12,62.0,16.666666666666668
2022-05-13,64.0,17.77777777777778
2022-05-14,64.0,17.77777777777778
2022-05-15,64.0,17.77777777777778
2022-05-16,63.0,17.22222222222222
2022-05-17,61.0,16.11111111111111
2022-05-18,64.0,17.77777777777778
2022-05-19,64.0,17.77777777777778
2022-05-20,64.0,17.77777777777778
2022-05-21,62.0,16.666666666666668
2022-05-22,61.0,16.11111111111111
2022-05-23,61.0,16.11111111111111
2022-05-24,21.0,-6.111111111111111
2022-05-25,61.0,16.11111111111111
2022-05-26,60.0,15.555555555555555
2022-05-27,59.0,15.0
2022-06-10,69.0,20.555555555555557
2022-06-11,70.0,21.11111111111111
2022-06-12,70.0,21.11111111111111
2022-06-13,71.0,21.666666666666668
2022-06-14,71.0,21.666666666666668
2022-06-15,74.0,23.333333333333332
2022-06-16,72.0,22.22222222222222
2022-06-17,73.0,22.77777777777778
2022-06-18,73.0,22.77777777777778
2022-06-19,73.0,22.77777777777778
2022-06-20,75.0,23.88888888888889
2022-06-21,77.0,25.0
2022-06-22,77.0,25.0
2022-06-23,78.0,25.555555555555557
2022-06-24,78.0,25.555555555555557
2022-06-26,75.0,23.88888888888889
2022-06-27,74.0,23.333333333333332
2022-06-28,75.0,23.88888888888889
2022-06-29,74.0,23.333333333333332
2022-06-30,74.0,23.333333333333332
2022-07-01,75.0,23.88888888888889
2022-07-06,76.0,24.444444444444443
2022-07-07,77.0,25.0
2022-07-08,77.0,25.0
2022-07-11,78.0,25.555555555555557
2022-07-12,75.0,23.88888888888889
2022-07-15,78.0,25.555555555555557
2022-07-16,79.0,26.11111111111111
2022-07-17,79.0,26.11111111111111
2022-07-18,80.0,26.666666666666668
2022-07-19,81.0,27.22222222222222
2022-07-23,81.0,27.22222222222222
2022-07-25,75.0,23.88888888888889
2022-08-03,78.0,25.555555555555557
2022-08-04,78.0,25.555555555555557
2022-08-08,76.0,24.444444444444443
2022-08-20,74.0,23.333333333333332
2022-08-22,77.0,25.0
2022-08-23,77.0,25.0
2022-08-24,77.0,25.0
2022-08-25,77.0,25.0
2022-08-26,76.0,24.444444444444443
2022-08-27,77.0,25.0
2022-08-28,75.0,23.88888888888889
2022-08-29,75.0,23.88888888888889
2022-08-30,74.0,23.333333333333332
2022-08-31,74.0,23.333333333333332
2022-09-01,76.0,24.444444444444443
2022-09-02,78.0,25.555555555555557
2022-09-04,74.0,23.333333333333332
2022-09-05,74.0,23.333333333333332
2022-09-06,74.0,23.333333333333332
2022-09-07,76.0,24.444444444444443
2022-09-08,77.0,25.0
2022-09-09,76.0,24.444444444444443
2022-09-10,73.0,22.77777777777778
2022-09-27,62.0,16.666666666666668
2022-09-28,62.0,16.666666666666668
2022-09-29,61.0,16.11111111111111
2022-09-30,61.0,16.11111111111111
2022-10-01,62.0,16.666666666666668
2022-10-02,62.0,16.666666666666668
2022-10-03,63.0,17.22222222222222
2022-10-04,64.0,17.77777777777778
2022-10-05,64.0,17.77777777777778
2022-10-06,65.0,18.333333333333332
2022-10-07,62.0,16.666666666666668
2022-10-08,59.0,15.0
2022-10-09,59.0,15.0
2022-10-10,59.0,15.0
2022-10-11,60.0,15.555555555555555
2022-10-12,61.0,16.11111111111111
2022-10-13,58.0,14.444444444444445
2022-10-14,55.0,12.777777777777779
2022-10-15,51.0,10.555555555555555
2022-10-16,52.0,11.11111111111111
2022-10-17,49.0,9.444444444444445
2022-10-18,47.0,8.333333333333334
2022-10-19,47.0,8.333333333333334
2022-10-20,47.0,8.333333333333334
2022-10-21,48.0,8.88888888888889
2022-10-22,50.0,10.0
2022-10-28,51.0,10.555555555555555
2022-10-29,52.0,11.11111111111111
2022-10-30,53.0,11.666666666666666
2022-10-31,53.0,11.666666666666666
2022-11-01,54.0,12.222222222222221
2022-11-02,53.0,11.666666666666666
2022-11-03,54.0,12.222222222222221
2022-11-04,54.0,12.222222222222221
2022-11-05,52.0,11.11111111111111
2022-11-06,51.0,10.555555555555555
2022-11-07,47.0,8.333333333333334
2022-11-08,46.0,7.777777777777778
2022-11-09,47.0,8.333333333333334
2022-11-10,50.0,10.0
2022-11-11,49.0,9.444444444444445
2022-11-12,44.0,6.666666666666667
2022-11-13,42.0,5.555555555555555
2022-11-14,42.0,5.555555555555555
2022-11-15,41.0,5.0
2022-11-16,41.0,5.0
2022-11-17,39.0,3.888888888888889
2022-11-18,37.0,2.7777777777777777
2022-11-19,35.0,1.6666666666666667
2022-11-20,33.0,0.5555555555555556
2022-11-21,35.0,1.6666666666666667
2022-11-23,36.0,2.2222222222222223
2022-11-24,36.0,2.2222222222222223
2022-11-25,35.0,1.6666666666666667
2022-11-26,36.0,2.2222222222222223
2022-11-27,36.0,2.2222222222222223
2022-11-28,37.0,2.7777777777777777
2022-11-29,37.0,2.7777777777777777
2022-11-30,35.0,1.6666666666666667
2022-12-01,33.0,0.5555555555555556
2022-12-02,34.0,1.1111111111111112
2022-12-03,34.0,1.1111111111111112
2022-12-07,28.0,-2.2222222222222223
2022-12-09,33.0,0.5555555555555556
2022-12-10,34.0,1.1111111111111112
2022-12-11,34.0,1.1111111111111112
2022-12-15,35.0,1.6666666666666667
2022-12-16,34.0,1.1111111111111112
2022-12-17,34.0,1.1111111111111112
2023-01-19,34.0,1.1111111111111112
2023-01-20,34.0,1.1111111111111112
2023-01-21,34.0,1.1111111111111112
2023-01-22,35.0,1.6666666666666667
2023-01-23,35.0,1.6666666666666667
2023-01-24,35.0,1.6666666666666667
2023-01-25,35.0,1.6666666666666667
2023-01-26,35.0,1.6666666666666667
2023-01-27,34.0,1.1111111111111112
2023-01-28,34.0,1.1111111111111112
2023-01-31,33.0,0.5555555555555556
2023-02-01,27.0,-2.7777777777777777
2023-02-02,33.0,0.5555555555555556
2023-02-03,33.0,0.5555555555555556
2023-02-04,33.0,0.5555555555555556
2023-02-05,33.0,0.5555555555555556
2023-02-06,33.0,0.5555555555555556
2023-02-07,33.0,0.5555555555555556
2023-02-08,34.0,1.1111111111111112
2023-02-09,33.0,0.5555555555555556
2023-02-17,34.0,1.1111111111111112
2023-02-18,34.0,1.1111111111111112
2023-02-20,35.0,1.6666666666666667
2023-02-21,34.0,1.1111111111111112
2023-02-22,33.0,0.5555555555555556
2023-02-23,33.0,0.5555555555555556
2023-02-24,33.0,0.5555555555555556
2023-02-25,33.0,0.5555555555555556
2023-02-26,33.0,0.5555555555555556
2023-02-27,33.0,0.5555555555555556
2023-02-28,33.0,0.5555555555555556
2023-03-01,33.0,0.5555555555555556
2023-03-02,34.0,1.1111111111111112
2023-03-03,34.0,1.1111111111111112
2023-03-04,34.0,1.1111111111111112
2023-03-05,35.0,1.6666666666666667
2023-03-06,36.0,2.2222222222222223
2023-03-13,34.0,1.1111111111111112
2023-03-16,36.0,2.2222222222222223
2023-03-17,34.0,1.1111111111111112
2023-03-18,33.0,0.5555555555555556
2023-03-21,35.0,1.6666666666666667
2023-03-22,37.0,2.7777777777777777
2023-03-23,33.0,0.5555555555555556
2023-03-25,39.0,3.888888888888889
2023-03-26,39.0,3.888888888888889
2023-03-27,38.0,3.3333333333333335
2023-03-28,37.0,2.7777777777777777
2023-03-29,36.0,2.2222222222222223
2023-03-30,37.0,2.7777777777777777
2023-03-31,37.0,2.7777777777777777
2023-04-01,34.0,1.1111111111111112
2023-04-02,38.0,3.3333333333333335
2023-04-03,39.0,3.888888888888889
2023-04-04,40.0,4.444444444444445
2023-04-05,39.0,3.888888888888889
2023-04-06,37.0,2.7777777777777777
2023-04-07,39.0,3.888888888888889
2023-04-08,41.0,5.0
2023-04-09,43.0,6.111111111111111
2023-04-10,44.0,6.666666666666667
2023-04-11,46.0,7.777777777777778
2023-04-12,47.0,8.333333333333334
2023-04-13,48.0,8.88888888888889
2023-04-14,49.0,9.444444444444445
2023-04-15,49.0,9.444444444444445
2023-04-16,48.0,8.88888888888889
2023-04-17,45.0,7.222222222222222
2023-04-18,44.0,6.666666666666667
2023-04-19,45.0,7.222222222222222
2023-04-20,45.0,7.222222222222222
2023-04-21,45.0,7.222222222222222
2023-04-22,44.0,6.666666666666667
2023-04-23,43.0,6.111111111111111
2023-04-24,43.0,6.111111111111111
2023-04-26,42.0,5.555555555555555
2023-04-27,45.0,7.222222222222222
2023-04-28,47.0,8.333333333333334
2023-04-29,46.0,7.777777777777778
2023-04-30,47.0,8.333333333333334
2023-05-02,48.0,8.88888888888889
2023-05-03,50.0,10.0
2023-05-04,51.0,10.555555555555555
2023-05-05,54.0,12.222222222222221
2023-05-08,58.0,14.444444444444445
2023-05-09,60.0,15.555555555555555
2023-05-10,61.0,16.11111111111111
2023-05-11,62.0,16.666666666666668
2023-05-12,64.0,17.77777777777778
2023-05-13,64.0,17.77777777777778
2023-05-14,62.0,16.666666666666668
2023-05-16,62.0,16.666666666666668
2023-05-17,63.0,17.22222222222222
2023-05-18,62.0,16.666666666666668
2023-05-19,59.0,15.0
2023-05-20,60.0,15.555555555555555
2023-05-22,63.0,17.22222222222222
2023-05-27,66.0,18.88888888888889
2023-05-30,69.0,20.555555555555557
2023-05-31,69.0,20.555555555555557
2023-06-01,72.0,22.22222222222222
2023-06-02,73.0,22.77777777777778
2023-06-03,74.0,23.333333333333332
2023-06-04,75.0,23.88888888888889
2023-06-05,64.0,17.77777777777778
2023-06-06,76.0,24.444444444444443
2023-06-07,59.0,15.0
2023-06-08,75.0,23.88888888888889
2023-06-09,75.0,23.88888888888889
2023-06-10,76.0,24.444444444444443
2023-06-14,74.0,23.333333333333332
2023-06-15,73.0,22.77777777777778
2023-06-17,71.0,21.666666666666668
2023-06-18,74.0,23.333333333333332
2023-06-19,73.0,22.77777777777778
2023-07-06,78.0,25.555555555555557
2023-07-07,78.0,25.555555555555557
2023-07-08,76.0,24.444444444444443
2023-07-09,76.0,24.444444444444443
2023-07-10,77.0,25.0
2023-07-11,77.0,25.0
2023-07-12,77.0,25.0
2023-07-13,75.0,23.88888888888889
2023-07-14,76.0,24.444444444444443
2023-07-15,77.0,25.0
2023-07-16,76.0,24.444444444444443
2023-07-17,74.0,23.333333333333332
2023-07-18,73.0,22.77777777777778
2023-07-19,77.0,25.0
2023-07-20,77.0,25.0
2023-07-21,76.0,24.444444444444443
2023-07-22,77.0,25.0
2023-07-23,77.0,25.0
2023-07-24,79.0,26.11111111111111
2023-07-25,80.0,26.666666666666668
2023-07-26,80.0,26.666666666666668
2023-07-27,82.0,27.77777777777778
2023-07-28,82.0,27.77777777777778
2023-07-29,80.0,26.666666666666668
2023-07-30,80.0,26.666666666666668
2023-07-31,80.0,26.666666666666668
2023-08-01,80.0,26.666666666666668
2023-08-02,82.0,27.77777777777778
2023-08-03,84.0,28.88888888888889
2023-08-04,84.0,28.88888888888889
2023-08-05,83.0,28.333333333333332
2023-08-06,81.0,27.22222222222222
2023-08-07,78.0,25.555555555555557
2023-08-08,78.0,25.555555555555557
2023-08-09,79.0,26.11111111111111
2023-08-10,79.0,26.11111111111111
2023-08-11,79.0,26.11111111111111
2023-08-12,79.0,26.11111111111111
2023-08-13,79.0,26.11111111111111
2023-08-14,77.0,25.0
2023-08-15,74.0,23.333333333333332
2023-08-16,75.0,23.88888888888889
2023-08-17,76.0,24.444444444444443
2023-08-18,74.0,23.333333333333332
2023-08-19,75.0,23.88888888888889
2023-08-20,78.0,25.555555555555557
2023-08-21,77.0,25.0
2023-08-22,76.0,24.444444444444443
2023-08-23,80.0,26.666666666666668
2023-08-24,83.0,28.333333333333332
2023-08-25,80.0,26.666666666666668
2023-08-31,76.0,24.444444444444443
2023-09-01,75.0,23.88888888888889
2023-09-02,76.0,24.444444444444443
2023-09-03,77.0,25.0
2023-09-04,79.0,26.11111111111111
2023-09-05,80.0,26.666666666666668
2023-09-06,78.0,25.555555555555557
2023-09-08,72.0,22.22222222222222
2023-09-09,73.0,22.77777777777778
2023-09-10,72.0,22.22222222222222
2023-09-11,72.0,22.22222222222222
2023-09-12,71.0,21.666666666666668
2023-09-13,69.0,20.555555555555557
2023-09-14,69.0,20.555555555555557
2023-09-15,70.0,21.11111111111111
2023-09-16,69.0,20.555555555555557
2023-09-17,68.0,20.0
2023-09-18,69.0,20.555555555555557
2023-09-19,69.0,20.555555555555557
2023-09-20,70.0,21.11111111111111
2023-09-22,72.0,22.22222222222222
2023-09-23,71.0,21.666666666666668
2023-09-24,71.0,21.666666666666668
2023-09-25,70.0,21.11111111111111
2023-09-26,69.0,20.555555555555557
2023-09-27,68.0,20.0
2023-09-28,69.0,20.555555555555557
2023-09-29,68.0,20.0
2023-09-30,69.0,20.555555555555557
2023-10-01,71.0,21.666666666666668
2023-10-02,72.0,22.22222222222222
2023-10-03,72.0,22.22222222222222
2023-10-04,71.0,21.666666666666668
2023-10-05,69.0,20.555555555555557
2023-10-06,64.0,17.77777777777778
2023-10-07,60.0,15.555555555555555
2023-10-08,60.0,15.555555555555555
2023-10-09,60.0,15.555555555555555
2023-10-10,59.0,15.0
2023-10-11,60.0,15.555555555555555
2023-10-12,59.0,15.0
2023-10-13,57.0,13.88888888888889
2023-10-14,55.0,12.777777777777779
2023-10-15,55.0,12.777777777777779
2023-10-16,55.0,12.777777777777779
2023-10-17,56.0,13.333333333333334
2023-10-18,56.0,13.333333333333334
2023-10-19,56.0,13.333333333333334
2023-10-20,55.0,12.777777777777779
2023-10-21,57.0,13.88888888888889
2023-10-22,56.0,13.333333333333334
2023-10-23,56.0,13.333333333333334
2023-10-24,57.0,13.88888888888889
2023-10-25,57.0,13.88888888888889
2023-10-26,57.0,13.88888888888889
2023-10-27,57.0,13.88888888888889
2023-10-28,52.0,11.11111111111111
2023-10-29,50.0,10.0
2023-10-30,48.0,8.88888888888889
2023-10-31,46.0,7.777777777777778
2023-11-01,45.0,7.222222222222222
2023-11-02,44.0,6.666666666666667
2023-11-03,45.0,7.222222222222222
2023-11-04,45.0,7.222222222222222
2023-11-05,46.0,7.777777777777778
2023-11-06,46.0,7.777777777777778
2023-11-07,46.0,7.777777777777778
2023-11-08,46.0,7.777777777777778
2023-11-09,45.0,7.222222222222222
2023-11-10,44.0,6.666666666666667
2023-11-11,44.0,6.666666666666667
2023-11-12,45.0,7.222222222222222
2023-11-13,45.0,7.222222222222222
2023-11-14,46.0,7.777777777777778
2023-11-15,47.0,8.333333333333334
2023-11-16,47.0,8.333333333333334
2023-11-17,47.0,8.333333333333334
2023-11-18,46.0,7.777777777777778
2023-11-20,46.0,7.777777777777778
2023-11-21,46.0,7.777777777777778
2023-11-22,44.0,6.666666666666667
2023-11-23,43.0,6.111111111111111
2023-11-24,40.0,4.444444444444445
2023-11-25,40.0,4.444444444444445
2023-11-26,40.0,4.444444444444445
2023-11-27,36.0,2.2222222222222223
2023-11-28,35.0,1.6666666666666667
2023-11-29,35.0,1.6666666666666667
2023-11-30,36.0,2.2222222222222223
2023-12-01,37.0,2.7777777777777777
2023-12-02,37.0,2.7777777777777777
2023-12-03,38.0,3.3333333333333335
2023-12-04,38.0,3.3333333333333335
2023-12-05,37.0,2.7777777777777777
2023-12-06,36.0,2.2222222222222223
2023-12-07,37.0,2.7777777777777777
2023-12-08,38.0,3.3333333333333335
2023-12-09,39.0,3.888888888888889
2023-12-10,36.0,2.2222222222222223
2023-12-11,37.0,2.7777777777777777
2023-12-12,36.0,2.2222222222222223
2023-12-13,35.0,1.6666666666666667
2023-12-14,36.0,2.2222222222222223
2023-12-15,37.0,2.7777777777777777
2023-12-16,38.0,3.3333333333333335
2023-12-17,38.0,3.3333333333333335
2023-12-18,36.0,2.2222222222222223
2023-12-19,35.0,1.6666666666666667
2023-12-20,35.0,1.6666666666666667
2023-12-21,36.0,2.2222222222222223
2023-12-22,37.0,2.7777777777777777
2023-12-23,38.0,3.3333333333333335
2023-12-24,39.0,3.888888888888889
2023-12-25,41.0,5.0
2023-12-26,42.0,5.555555555555555
2023-12-27,42.0,5.555555555555555
2023-12-28,41.0,5.0
2023-12-29,41.0,5.0
2023-12-30,40.0,4.444444444444445
2023-12-31,37.0,2.7777777777777777
2024-01-01,36.0,2.2222222222222223
2024-01-02,35.0,1.6666666666666667
2024-01-03,35.0,1.6666666666666667
2024-01-04,34.0,1.1111111111111112
2024-01-05,34.0,1.1111111111111112
2024-01-06,35.0,1.6666666666666667
2024-01-07,35.0,1.6666666666666667
2024-01-08,34.0,1.1111111111111112
2024-01-09,34.0,1.1111111111111112
2024-01-10,34.0,1.1111111111111112
2024-01-11,34.0,1.1111111111111112
2024-01-12,33.0,0.5555555555555556
2024-01-13,33.0,0.5555555555555556
2024-01-14,33.0,0.5555555555555556
2024-01-15,33.0,0.5555555555555556
2024-01-16,34.0,1.1111111111111112
2024-01-17,34.0,1.1111111111111112
2024-01-18,33.0,0.5555555555555556
2024-01-19,33.0,0.5555555555555556
2024-01-20,34.0,1.1111111111111112
2024-01-21,34.0,1.1111111111111112
2024-01-22,34.0,1.1111111111111112
2024-01-23,33.0,0.5555555555555556
2024-01-24,33.0,0.5555555555555556
2024-01-25,33.0,0.5555555555555556
2024-01-26,33.0,0.5555555555555556
2024-01-27,33.0,0.5555555555555556
2024-01-28,33.0,0.5555555555555556
2024-01-29,34.0,1.1111111111111112
2024-01-30,34.0,1.1111111111111112
2024-01-31,35.0,1.6666666666666667
2024-02-01,35.0,1.6666666666666667
2024-02-02,36.0,2.2222222222222223
2024-02-03,36.0,2.2222222222222223
2024-02-04,36.0,2.2222222222222223
2024-02-05,37.0,2.7777777777777777
2024-02-06,37.0,2.7777777777777777
2024-02-07,38.0,3.3333333333333335
2024-02-08,38.0,3.3333333333333335
2024-02-09,39.0,3.888888888888889
2024-02-10,36.0,2.2222222222222223
2024-02-11,36.0,2.2222222222222223
2024-02-12,37.0,2.7777777777777777
2024-02-13,37.0,2.7777777777777777
2024-02-14,37.0,2.7777777777777777
2024-02-15,37.0,2.7777777777777777
2024-02-16,35.0,1.6666666666666667
2024-02-17,34.0,1.1111111111111112
2024-02-18,34.0,1.1111111111111112
2024-02-19,36.0,2.2222222222222223
2024-02-20,36.0,2.2222222222222223
2024-02-21,37.0,2.7777777777777777
2024-02-22,38.0,3.3333333333333335
2024-02-23,38.0,3.3333333333333335
2024-02-24,38.0,3.3333333333333335
2024-02-25,38.0,3.3333333333333335
2024-02-26,39.0,3.888888888888889
2024-02-27,40.0,4.444444444444445
2024-02-28,37.0,2.7777777777777777
2024-02-29,35.0,1.6666666666666667
2024-03-01,37.0,2.7777777777777777
2024-03-02,39.0,3.888888888888889
2024-03-03,41.0,5.0
2024-03-04,43.0,6.111111111111111
2024-03-05,42.0,5.555555555555555
2024-03-06,41.0,5.0
2024-03-07,42.0,5.555555555555555
2024-03-08,42.0,5.555555555555555
2024-03-09,41.0,5.0
2024-03-10,41.0,5.0
2024-03-11,43.0,6.111111111111111
2024-03-12,45.0,7.222222222222222
2024-03-13,47.0,8.333333333333334
2024-03-14,47.0,8.333333333333334
2024-03-15,47.0,8.333333333333334
2024-03-16,48.0,8.88888888888889
2024-03-17,44.0,6.666666666666667
2024-03-18,41.0,5.0
2024-03-19,42.0,5.555555555555555
2024-03-20,41.0,5.0
2024-03-21,42.0,5.555555555555555
2024-03-22,42.0,5.555555555555555
2024-03-23,40.0,4.444444444444445
2024-03-24,42.0,5.555555555555555
2024-03-25,40.0,4.444444444444445
2024-03-26,40.0,4.444444444444445
2024-03-27,37.0,2.7777777777777777
2024-03-28,38.0,3.3333333333333335
2024-03-29,40.0,4.444444444444445
2024-03-30,42.0,5.555555555555555
2024-03-31,43.0,6.111111111111111
2024-04-01,44.0,6.666666666666667
2024-04-02,43.0,6.111111111111111
2024-04-03,42.0,5.555555555555555
2024-04-04,43.0,6.111111111111111
2024-04-05,45.0,7.222222222222222
2024-04-06,46.0,7.777777777777778
2024-04-07,48.0,8.88888888888889
2024-04-08,47.0,8.333333333333334
2024-04-09,48.0,8.88888888888889
2024-04-10,50.0,10.0
2024-04-11,52.0,11.11111111111111
2024-04-12,51.0,10.555555555555555
2024-04-13,53.0,11.666666666666666
2024-04-14,56.0,13.333333333333334
2024-04-15,57.0,13.88888888888889
2024-04-16,32.0,0.0
2024-04-17,55.0,12.777777777777779
2024-04-18,54.0,12.222222222222221
2024-04-19,52.0,11.11111111111111
2024-04-20,49.0,9.444444444444445
2024-04-21,49.0,9.444444444444445
2024-04-22,50.0,10.0
2024-04-23,50.0,10.0
2024-04-24,50.0,10.0
2024-04-25,52.0,11.11111111111111
2024-04-26,53.0,11.666666666666666
2024-04-27,53.0,11.666666666666666
2024-04-28,44.0,6.666666666666667
2024-04-29,53.0,11.666666666666666
2024-04-30,53.0,11.666666666666666
2024-05-01,55.0,12.777777777777779
2024-05-02,55.0,12.777777777777779
2024-05-03,43.0,6.111111111111111
2024-05-04,56.0,13.333333333333334
2024-05-05,55.0,12.777777777777779
2024-05-06,57.0,13.88888888888889
2024-05-07,58.0,14.444444444444445
2024-05-08,59.0,15.0
2024-05-09,61.0,16.11111111111111
2024-05-10,61.0,16.11111111111111
2024-05-11,61.0,16.11111111111111
2024-05-12,62.0,16.666666666666668
2024-05-13,63.0,17.22222222222222
2024-05-14,64.0,17.77777777777778
2024-05-15,64.0,17.77777777777778
2024-05-16,65.0,18.333333333333332
2024-05-17,64.0,17.77777777777778
2024-05-18,66.0,18.88888888888889
2024-05-19,64.0,17.77777777777778
2024-05-20,66.0,18.88888888888889
2024-05-21,68.0,20.0
2024-05-22,66.0,18.88888888888889
2024-05-23,66.0,18.88888888888889
2024-05-24,68.0,20.0
2024-05-25,65.0,18.333333333333332
2024-05-26,66.0,18.88888888888889
2024-05-27,65.0,18.333333333333332
2024-05-28,60.0,15.555555555555555
2024-05-29,64.0,17.77777777777778
2024-05-30,64.0,17.77777777777778
2024-05-31,27.0,-2.7777777777777777
2024-06-01,64.0,17.77777777777778
2024-06-02,66.0,18.88888888888889
2024-06-03,68.0,20.0
2024-06-04,69.0,20.555555555555557
2024-06-05,67.0,19.444444444444443
2024-06-06,68.0,20.0
2024-06-07,67.0,19.444444444444443
2024-06-08,68.0,20.0
2024-06-09,68.0,20.0
2024-06-10,67.0,19.444444444444443
2024-06-11,68.0,20.0
2024-06-12,66.0,18.88888888888889
2024-06-13,68.0,20.0
2024-06-14,64.0,17.77777777777778
2024-06-15,71.0,21.666666666666668
2024-06-16,70.0,21.11111111111111
2024-06-17,72.0,22.22222222222222
2024-06-18,71.0,21.666666666666668
2024-06-19,70.0,21.11111111111111
2024-06-20,70.0,21.11111111111111
2024-06-21,70.0,21.11111111111111
2024-06-22,69.0,20.555555555555557
2024-06-23,68.0,20.0
2024-06-24,69.0,20.555555555555557
2024-06-25,71.0,21.666666666666668
2024-06-27,64.0,17.77777777777778
2024-06-28,71.0,21.666666666666668
2024-06-30,71.0,21.666666666666668
2024-07-01,72.0,22.22222222222222
2024-07-02,71.0,21.666666666666668
2024-07-03,71.0,21.666666666666668
2024-07-04,71.0,21.666666666666668
2024-07-05,55.0,12.777777777777779
2024-07-06,62.0,16.666666666666668
2024-07-07,71.0,21.666666666666668
2024-07-09,73.0,22.77777777777778
2024-07-10,74.0,23.333333333333332
2024-07-11,74.0,23.333333333333332
2024-07-12,73.0,22.77777777777778
2024-07-13,73.0,22.77777777777778
2024-07-14,75.0,23.88888888888889
2024-07-15,77.0,25.0
2024-07-16,76.0,24.444444444444443
2024-07-17,72.0,22.22222222222222
2024-07-18,75.0,23.88888888888889
2024-07-19,66.0,18.88888888888889
2024-07-20,72.0,22.22222222222222
2024-07-21,76.0,24.444444444444443
2024-07-22,76.0,24.444444444444443
2024-07-23,76.0,24.444444444444443
2024-07-24,75.0,23.88888888888889
2024-07-25,76.0,24.444444444444443
2024-07-27,75.0,23.88888888888889
2024-07-28,78.0,25.555555555555557
2024-07-29,79.0,26.11111111111111
2024-07-30,80.0,26.666666666666668
2024-08-02,78.0,25.555555555555557
2024-08-03,79.0,26.11111111111111
2024-08-05,78.0,25.555555555555557
2024-08-06,74.0,23.333333333333332
2024-08-07,75.0,23.88888888888889
2024-08-08,74.0,23.333333333333332
2024-08-09,71.0,21.666666666666668
2024-08-10,70.0,21.11111111111111
2024-08-11,71.0,21.666666666666668
2024-08-12,70.0,21.11111111111111
2024-08-13,72.0,22.22222222222222
2024-08-14,73.0,22.77777777777778
2024-08-15,73.0,22.77777777777778
2024-08-16,73.0,22.77777777777778
2024-08-17,74.0,23.333333333333332
2024-08-18,74.0,23.333333333333332
2024-08-19,75.0,23.88888888888889
2024-08-21,74.0,23.333333333333332
2024-08-22,73.0,22.77777777777778
2024-08-24,74.0,23.333333333333332
2024-08-25,75.0,23.88888888888889
2024-08-26,77.0,25.0
2024-08-27,77.0,25.0
2024-08-30,57.0,13.88888888888889
2024-08-31,75.0,23.88888888888889
2024-09-01,74.0,23.333333333333332
2024-09-02,73.0,22.77777777777778
2024-09-03,72.0,22.22222222222222
2024-09-04,72.0,22.22222222222222
2024-09-06,72.0,22.22222222222222
2024-09-07,71.0,21.666666666666668
2024-09-08,71.0,21.666666666666668
2024-09-09,71.0,21.666666666666668
2024-09-10,56.0,13.333333333333334
2024-09-11,71.0,21.666666666666668
2024-09-12,72.0,22.22222222222222
2024-09-13,73.0,22.77777777777778
2024-09-14,73.0,22.77777777777778
2024-09-15,73.0,22.77777777777778
2024-09-16,75.0,23.88888888888889
2024-09-17,75.0,23.88888888888889
2024-09-18,73.0,22.77777777777778
2024-09-19,74.0,23.333333333333332
2024-09-20,75.0,23.88888888888889
2024-09-21,74.0,23.333333333333332
2024-09-22,72.0,22.22222222222222
2024-09-23,70.0,21.11111111111111
2024-09-24,70.0,21.11111111111111
2024-09-25,70.0,21.11111111111111
2024-09-26,71.0,21.666666666666668
2024-09-27,71.0,21.666666666666668
2024-09-28,63.0,17.22222222222222
2024-09-29,71.0,21.666666666666668
2024-09-30,72.0,22.22222222222222
2024-10-01,69.0,20.555555555555557
2024-10-02,66.0,18.88888888888889
2024-10-03,66.0,18.88888888888889
2024-10-04,65.0,18.333333333333332
2024-10-05,65.0,18.333333333333332
2024-10-06,63.0,17.22222222222222
2024-10-07,62.0,16.666666666666668
2024-10-08,62.0,16.666666666666668
2024-10-09,62.0,16.666666666666668
2024-10-10,62.0,16.666666666666668
2024-10-11,63.0,17.22222222222222
2024-10-12,63.0,17.22222222222222
2024-10-13,61.0,16.11111111111111
2024-10-14,57.0,13.88888888888889
2024-10-15,56.0,13.333333333333334
2024-10-16,56.0,13.333333333333334
2024-10-17,56.0,13.333333333333334
2024-10-18,55.0,12.777777777777779
2024-10-19,56.0,13.333333333333334
2024-10-20,57.0,13.88888888888889
2024-10-21,59.0,15.0
2024-10-22,60.0,15.555555555555555
2024-10-23,59.0,15.0
2024-10-24,59.0,15.0
2024-10-25,57.0,13.88888888888889
2024-10-26,56.0,13.333333333333334
2024-10-27,56.0,13.333333333333334
2024-10-28,56.0,13.333333333333334
2024-10-29,57.0,13.88888888888889
2024-10-30,60.0,15.555555555555555
2024-10-31,59.0,15.0
2024-11-01,54.0,12.222222222222221
2024-11-02,53.0,11.666666666666666
2024-11-03,53.0,11.666666666666666
2024-11-04,53.0,11.666666666666666
2024-11-05,53.0,11.666666666666666
2024-11-06,52.0,11.11111111111111
2024-11-07,51.0,10.555555555555555
2024-11-08,50.0,10.0
2024-11-09,51.0,10.555555555555555
2024-11-10,51.0,10.555555555555555
2024-11-11,51.0,10.555555555555555
2024-11-12,50.0,10.0
2024-11-13,48.0,8.88888888888889
2024-11-14,47.0,8.333333333333334
2024-11-15,48.0,8.88888888888889
2024-11-16,49.0,9.444444444444445
2024-11-17,48.0,8.88888888888889
2024-11-18,48.0,8.88888888888889
2024-11-19,48.0,8.88888888888889
2024-11-20,47.0,8.333333333333334
2024-11-21,44.0,6.666666666666667
2024-11-22,45.0,7.222222222222222
2024-11-23,44.0,6.666666666666667
2024-11-24,45.0,7.222222222222222
2024-11-25,44.0,6.666666666666667
2024-11-26,40.0,4.444444444444445
2024-11-27,37.0,2.7777777777777777
2024-11-28,37.0,2.7777777777777777
2024-11-29,34.0,1.1111111111111112
2024-11-30,32.0,0.0
2024-12-01,33.0,0.5555555555555556
2024-12-02,33.0,0.5555555555555556
2024-12-03,33.0,0.5555555555555556
2024-12-04,33.0,0.5555555555555556
2024-12-05,33.0,0.5555555555555556
2024-12-06,33.0,0.5555555555555556
2024-12-07,33.0,0.5555555555555556
2024-12-08,33.0,0.5555555555555556
2024-12-09,33.0,0.5555555555555556
2024-12-10,33.0,0.5555555555555556
2024-12-11,33.0,0.5555555555555556
2024-12-12,32.0,0.0
2024-12-13,33.0,0.5555555555555556
2024-12-14,33.0,0.5555555555555556
2024-12-15,33.0,0.5555555555555556
2024-12-16,33.0,0.5555555555555556
2024-12-17,33.0,0.5555555555555556
2024-12-18,33.0,0.5555555555555556
2024-12-19,33.0,0.5555555555555556
2024-12-20,33.0,0.5555555555555556
2024-12-21,33.0,0.5555555555555556
2024-12-22,33.0,0.5555555555555556
2024-12-23,33.0,0.5555555555555556
2024-12-24,33.0,0.5555555555555556
2024-12-25,33.0,0.5555555555555556
2024-12-26,33.0,0.5555555555555556
2024-12-27,33.0,0.5555555555555556
2024-12-28,34.0,1.1111111111111112
2024-12-29,35.0,1.6666666666666667
2024-12-30,35.0,1.6666666666666667
2024-12-31,35.0,1.6666666666666667
2025-01-01,35.0,1.6666666666666667
2025-01-02,34.0,1.1111111111111112
2025-01-03,32.0,0.0
2025-01-04,32.0,0.0
2025-01-05,33.0,0.5555555555555556
2025-01-06,33.0,0.5555555555555556
2025-01-07,33.0,0.5555555555555556
2025-01-08,33.0,0.5555555555555556
2025-01-09,33.0,0.5555555555555556
2025-01-10,33.0,0.5555555555555556
2025-01-11,33.0,0.5555555555555556
2025-01-12,33.0,0.5555555555555556
2025-01-13,33.0,0.5555555555555556
2025-01-14,33.0,0.5555555555555556
2025-01-15,33.0,0.5555555555555556
2025-01-16,33.0,0.5555555555555556
2025-01-17,33.0,0.5555555555555556
2025-01-18,33.0,0.5555555555555556
2025-01-19,33.0,0.5555555555555556
2025-01-20,33.0,0.5555555555555556
2025-01-21,33.0,0.5555555555555556
2025-01-22,33.0,0.5555555555555556
2025-01-23,33.0,0.5555555555555556
2025-01-24,33.0,0.5555555555555556
2025-01-25,33.0,0.5555555555555556
2025-01-26,33.0,0.5555555555555556
2025-01-27,33.0,0.5555555555555556
2025-01-28,33.0,0.5555555555555556
2025-01-29,33.0,0.5555555555555556
2025-01-30,33.0,0.5555555555555556
2025-01-31,33.0,0.5555555555555556
2025-02-01,33.0,0.5555555555555556
2025-02-02,33.0,0.5555555555555556
2025-02-03,33.0,0.5555555555555556
2025-02-04,33.0,0.5555555555555556
2025-02-05,33.0,0.5555555555555556
2025-02-06,33.0,0.5555555555555556
2025-02-07,33.0,0.5555555555555556
2025-02-08,33.0,0.5555555555555556
2025-02-09,33.0,0.5555555555555556
2025-02-10,33.0,0.5555555555555556
2025-02-11,33.0,0.5555555555555556
2025-02-12,33.0,0.5555555555555556
2025-02-13,33.0,0.5555555555555556
2025-02-14,33.0,0.5555555555555556
2025-02-15,33.0,0.5555555555555556
2025-02-16,33.0,0.5555555555555556
2025-02-17,33.0,0.5555555555555556
2025-02-18,33.0,0.5555555555555556
2025-02-19,33.0,0.5555555555555556
2025-02-20,33.0,0.5555555555555556
2025-02-21,33.0,0.5555555555555556
2025-02-22,33.0,0.5555555555555556
2025-02-23,33.0,0.5555555555555556
2025-02-24,33.0,0.5555555555555556
2025-02-25,33.0,0.5555555555555556
2025-02-26,33.0,0.5555555555555556
2025-02-27,34.0,1.1111111111111112
2025-02-28,35.0,1.6666666666666667
2025-03-01,35.0,1.6666666666666667
2025-03-02,35.0,1.6666666666666667
2025-03-03,34.0,1.1111111111111112
2025-03-04,36.0,2.2222222222222223
2025-03-05,35.0,1.6666666666666667
2025-03-06,35.0,1.6666666666666667
2025-03-07,36.0,2.2222222222222223
2025-03-08,37.0,2.7777777777777777
2025-03-09,38.0,3.3333333333333335
2025-03-10,39.0,3.888888888888889
2025-03-11,39.0,3.888888888888889
2025-03-12,39.0,3.888888888888889
2025-03-13,40.0,4.444444444444445
2025-03-14,41.0,5.0
2025-03-15,45.0,7.222222222222222
2025-03-16,39.0,3.888888888888889
2025-03-17,40.0,4.444444444444445
2025-03-18,43.0,6.111111111111111
2025-03-19,42.0,5.555555555555555
2025-03-20,39.0,3.888888888888889
2025-03-21,40.0,4.444444444444445
2025-03-22,39.0,3.888888888888889
2025-03-23,40.0,4.444444444444445
2025-03-24,39.0,3.888888888888889
2025-03-25,39.0,3.888888888888889
2025-03-26,41.0,5.0
2025-03-27,43.0,6.111111111111111
2025-03-28,46.0,7.777777777777778
2025-03-29,47.0,8.333333333333334
2025-03-30,45.0,7.222222222222222
2025-03-31,43.0,6.111111111111111
2025-04-01,45.0,7.222222222222222
2025-04-02,42.0,5.555555555555555
2025-04-03,42.0,5.555555555555555
2025-04-04,42.0,5.555555555555555
2025-04-05,42.0,5.555555555555555
2025-04-06,42.0,5.555555555555555
2025-04-07,42.0,5.555555555555555
2025-04-08,42.0,5.555555555555555
2025-04-09,45.0,7.222222222222222
2025-04-10,46.0,7.777777777777778
2025-04-11,46.0,7.777777777777778
2025-04-12,47.0,8.333333333333334
2025-04-13,49.0,9.444444444444445
2025-04-14,50.0,10.0
2025-04-15,48.0,8.88888888888889
2025-04-16,50.0,10.0
2025-04-17,52.0,11.11111111111111
2025-04-18,53.0,11.666666666666666
2025-04-19,52.0,11.11111111111111
2025-04-20,53.0,11.666666666666666
2025-04-21,52.0,11.11111111111111
2025-04-22,54.0,12.222222222222221
2025-04-23,55.0,12.777777777777779
2025-04-24,55.0,12.777777777777779
2025-04-25,54.0,12.222222222222221
2025-04-26,55.0,12.777777777777779
2025-04-27,57.0,13.88888888888889
2025-04-28,57.0,13.88888888888889
2025-04-29,56.0,13.333333333333334
2025-04-30,57.0,13.88888888888889
2025-05-01,59.0,15.0
2025-05-02,58.0,14.444444444444445
2025-05-03,57.0,13.88888888888889
2025-05-04,58.0,14.444444444444445
2025-05-05,59.0,15.0
2025-05-06,60.0,15.555555555555555
2025-05-07,63.0,17.22222222222222
2025-05-08,62.0,16.666666666666668
2025-05-09,63.0,17.22222222222222
2025-05-10,65.0,18.333333333333332
2025-05-11,65.0,18.333333333333332
2025-05-12,66.0,18.88888888888889
2025-05-13,67.0,19.444444444444443
2025-05-14,69.0,20.555555555555557
2025-05-15,71.0,21.666666666666668
2025-05-16,68.0,20.0
2025-05-17,64.0,17.77777777777778
2025-05-18,62.0,16.666666666666668
2025-05-19,63.0,17.22222222222222
2025-05-20,60.0,15.555555555555555
2025-05-21,57.0,13.88888888888889
2025-05-22,56.0,13.333333333333334
2025-05-23,56.0,13.333333333333334
2025-05-24,56.0,13.333333333333334
2025-05-25,58.0,14.444444444444445
2025-05-26,59.0,15.0
2025-05-27,61.0,16.11111111111111
2025-05-28,61.0,16.11111111111111
2025-05-29,61.0,16.11111111111111
2025-05-30,63.0,17.22222222222222
2025-05-31,64.0,17.77777777777778
2025-06-01,65.0,18.333333333333332
2025-06-02,67.0,19.444444444444443
2025-06-03,69.0,20.555555555555557
2025-06-04,67.0,19.444444444444443
2025-06-05,68.0,20.0
2025-06-06,69.0,20.555555555555557
2025-06-07,69.0,20.555555555555557
2025-06-08,68.0,20.0
2025-06-09,66.0,18.88888888888889
2025-06-10,66.0,18.88888888888889
2025-06-11,68.0,20.0
2025-06-12,67.0,19.444444444444443
2025-06-13,66.0,18.88888888888889
2025-06-14,64.0,17.77777777777778
2025-06-15,65.0,18.333333333333332
2025-06-16,66.0,18.88888888888889
2025-06-17,67.0,19.444444444444443
2025-06-18,69.0,20.555555555555557
2025-06-19,71.0,21.666666666666668
2025-06-20,72.0,22.22222222222222
2025-06-21,74.0,23.333333333333332
2025-06-22,75.0,23.88888888888889
2025-06-23,77.0,25.0
2025-06-24,77.0,25.0
2025-06-25,77.0,25.0
2025-06-26,75.0,23.88888888888889
2025-06-27,73.0,22.77777777777778
2025-06-28,72.0,22.22222222222222
2025-06-29,72.0,22.22222222222222
2025-06-30,72.0,22.22222222222222
2025-07-01,72.0,22.22222222222222
2025-07-02,74.0,23.333333333333332
2025-07-03,75.0,23.88888888888889
2025-07-04,77.0,25.0
2025-07-05,78.0,25.555555555555557
2025-07-06,78.0,25.555555555555557
2025-07-07,78.0,25.555555555555557
2025-07-08,78.0,25.555555555555557
2025-07-09,79.0,26.11111111111111
2025-07-10,78.0,25.555555555555557
2025-07-11,71.0,21.666666666666668
2025-07-12,77.0,25.0
2025-07-13,77.0,25.0
2025-07-14,59.0,15.0
2025-07-15,78.0,25.555555555555557
2025-07-16,73.0,22.77777777777778
2025-07-17,75.0,23.88888888888889
2025-07-18,74.0,23.333333333333332
2025-07-19,75.0,23.88888888888889
2025-07-20,71.0,21.666666666666668
2025-07-21,75.0,23.88888888888889
2025-07-22,75.0,23.88888888888889
2025-07-23,77.0,25.0
2025-07-24,76.0,24.444444444444443
2025-07-25,77.0,25.0
2025-07-26,78.0,25.555555555555557
2025-07-29,75.0,23.88888888888889
2025-07-30,78.0,25.555555555555557
2025-07-31,77.0,25.0
2025-08-01,76.0,24.444444444444443
2025-08-02,75.0,23.88888888888889
2025-08-04,75.0,23.88888888888889
2025-08-06,74.0,23.333333333333332
2025-08-07,75.0,23.88888888888889
2025-08-08,77.0,25.0
2025-08-09,78.0,25.555555555555557
2025-08-10,78.0,25.555555555555557
2025-08-11,78.0,25.555555555555557
2025-08-12,78.0,25.555555555555557
2025-08-16,77.0,25.0
2025-08-17,77.0,25.0
2025-08-18,77.0,25.0
2025-08-19,77.0,25.0
2025-08-20,74.0,23.333333333333332
2025-08-23,74.0,23.333333333333332
2025-08-24,72.0,22.22222222222222
2025-08-25,71.0,21.666666666666668
2025-08-26,71.0,21.666666666666668
2025-08-27,70.0,21.11111111111111
2025-08-28,71.0,21.666666666666668
2025-08-29,71.0,21.666666666666668
2025-08-30,57.0,13.88888888888889
2025-08-31,72.0,22.22222222222222
2025-09-01,72.0,22.22222222222222
2025-09-03,71.0,21.666666666666668
2025-09-04,68.0,20.0
2025-09-05,66.0,18.88888888888889
2025-09-06,65.0,18.333333333333332
2025-09-07,65.0,18.333333333333332
2025-09-08,65.0,18.333333333333332
2025-09-09,65.0,18.333333333333332
2025-09-10,11.0,-11.666666666666666
2025-09-11,66.0,18.88888888888889
2025-09-12,67.0,19.444444444444443
2025-09-13,68.0,20.0
2025-09-17,74.0,23.333333333333332
2025-09-18,74.0,23.333333333333332
2025-09-19,46.0,7.777777777777778
2025-09-20,73.0,22.77777777777778
2025-09-21,72.0,22.22222222222222
2025-09-22,71.0,21.666666666666668
2025-09-23,71.0,21.666666666666668
2025-09-24,72.0,22.22222222222222
2025-09-25,72.0,22.22222222222222
2025-09-26,72.0,22.22222222222222
2025-09-27,72.0,22.22222222222222
2025-09-28,70.0,21.11111111111111
2025-09-29,70.0,21.11111111111111
2025-09-30,70.0,21.11111111111111
2025-10-01,71.0,21.666666666666668
2025-10-03,71.0,21.666666666666668
2025-10-04,70.0,21.11111111111111
2025-10-05,70.0,21.11111111111111
2025-10-06,67.0,19.444444444444443
2025-10-07,66.0,18.88888888888889
2025-10-08,64.0,17.77777777777778
2025-10-09,63.0,17.22222222222222
2025-10-10,63.0,17.22222222222222
2025-10-11,62.0,16.666666666666668
2025-10-12,61.0,16.11111111111111
2025-10-13,60.0,15.555555555555555
2025-10-14,60.0,15.555555555555555
2025-10-15,58.0,14.444444444444445
2025-10-16,58.0,14.444444444444445
2025-10-17,59.0,15.0
2025-10-18,59.0,15.0
2025-10-19,57.0,13.88888888888889
2025-10-20,56.0,13.333333333333334
2025-10-21,54.0,12.222222222222221
2025-10-22,52.0,11.11111111111111
2025-10-23,52.0,11.11111111111111
2025-10-24,52.0,11.11111111111111
2025-10-25,52.0,11.11111111111111
2025-10-26,51.0,10.555555555555555
2025-10-27,52.0,11.11111111111111
2025-10-28,51.0,10.555555555555555
2025-10-29,51.0,10.555555555555555
2025-10-30,51.0,10.555555555555555
2025-10-31,50.0,10.0
2025-11-01,50.0,10.0
2025-11-02,50.0,10.0
2025-11-03,49.0,9.444444444444445
2025-11-04,49.0,9.444444444444445
2025-11-05,49.0,9.444444444444445
2025-11-06,48.0,8.88888888888889
2025-11-07,48.0,8.88888888888889
2025-11-08,46.0,7.777777777777778
2025-11-09,43.0,6.111111111111111
2025-11-10,40.0,4.444444444444445
2025-11-11,41.0,5.0
2025-11-12,41.0,5.0
2025-11-13,42.0,5.555555555555555
2025-11-14,42.0,5.555555555555555
2025-11-15,43.0,6.111111111111111
2025-11-16,43.0,6.111111111111111
2025-11-17,42.0,5.555555555555555
2025-11-18,41.0,5.0
2025-11-19,43.0,6.111111111111111
2025-11-20,43.0,6.111111111111111
2025-11-21,43.0,6.111111111111111
2025-11-22,43.0,6.111111111111111
2025-11-23,42.0,5.555555555555555
2025-11-24,42.0,5.555555555555555
2025-11-25,43.0,6.111111111111111
2025-11-26,41.0,5.0
2025-11-27,37.0,2.7777777777777777
2025-11-28,37.0,2.7777777777777777
2025-11-29,36.0,2.2222222222222223
2025-11-30,35.0,1.6666666666666667
2025-12-01,35.0,1.6666666666666667
2025-12-02,34.0,1.1111111111111112
2025-12-03,33.0,0.5555555555555556
2025-12-04,32.0,0.0
2025-12-05,33.0,0.5555555555555556
2025-12-07,32.0,0.0
2025-12-08,32.0,0.0
2025-12-09,32.0,0.0
2025-12-10,32.0,0.0
2025-12-11,32.0,0.0
2025-12-12,32.0,0.0
2025-12-13,32.0,0.0
2025-12-14,32.0,0.0
2025-12-15,32.0,0.0
2025-12-16,32.0,0.0
2025-12-17,32.0,0.0
2025-12-18,32.0,0.0
2025-12-19,32.0,0.0
2025-12-20,32.0,0.0
2025-12-21,32.0,0.0
2025-12-22,32.0,0.0
2025-12-23,32.0,0.0
2025-12-24,32.0,0.0
2025-12-25,32.0,0.0
2025-12-26,32.0,0.0
2025-12-27,32.0,0.0
2025-12-28,33.0,0.5555555555555556
2025-12-29,32.0,0.0
2025-12-30,32.0,0.0
2025-12-31,32.0,0.0
