ActivityStartDate,CharacteristicName,ResultMeasureValue,ResultMeasure/MeasureUnitCode,ResultDepthHeightMeasure/MeasureUnitCode,MonitoringLocationIdentifier,_name,_dist_km,ResultDetectionConditionText,ResultStatusIdentifier,ResultCommentText
2019-02-01,Turbidity,3.7,NTRU,,USGS-05331580,"MISSISSIPPI RIVER BELOW L&D 2 AT HASTINGS, MN",3.6232393983022417,,Accepted,
2019-02-01,Nitrogen,0.047,mg/l,,USGS-05331580,"MISSISSIPPI RIVER BELOW L&D 2 AT HASTINGS, MN",3.6232393983022417,,Accepted,
2019-02-01,Phosphorus,0.04,mg/l as P,,USGS-05331580,"MISSISSIPPI RIVER BELOW L&D 2 AT HASTINGS, MN",3.6232393983022417,,Accepted,
2019-02-01,Phosphorus,0.04,mg/l as P,,USGS-05331580,"MISSISSIPPI RIVER BELOW L&D 2 AT HASTINGS, MN",3.6232393983022417,,Accepted,
2019-02-11,Turbidity,3.2,NTRU,,USGS-05331580,"MISSISSIPPI RIVER BELOW L&D 2 AT HASTINGS, MN",3.6232393983022417,,Accepted,
2019-02-11,Nitrogen,,,,USGS-05331580,"MISSISSIPPI RIVER BELOW L&D 2 AT HASTINGS, MN",3.6232393983022417,Not Detected,Accepted,
2019-02-11,Phosphorus,0.04,mg/l as P,,USGS-05331580,"MISSISSIPPI RIVER BELOW L&D 2 AT HASTINGS, MN",3.6232393983022417,,Accepted,
2019-02-11,Phosphorus,0.06,mg/l as P,,USGS-05331580,"MISSISSIPPI RIVER BELOW L&D 2 AT HASTINGS, MN",3.6232393983022417,,Accepted,
2019-03-20,Phosphorus,0.19,mg/l as P,,USGS-05331580,"MISSISSIPPI RIVER BELOW L&D 2 AT HASTINGS, MN",3.6232393983022417,,Accepted,
2019-03-20,Turbidity,33,NTRU,,USGS-05331580,"MISSISSIPPI RIVER BELOW L&D 2 AT HASTINGS, MN",3.6232393983022417,,Accepted,
2019-03-20,Phosphorus,0.26,mg/l as P,,USGS-05331580,"MISSISSIPPI RIVER BELOW L&D 2 AT HASTINGS, MN",3.6232393983022417,,Accepted,
2019-03-20,Nitrogen,0.273,mg/l,,USGS-05331580,"MISSISSIPPI RIVER BELOW L&D 2 AT HASTINGS, MN",3.6232393983022417,,Accepted,
2019-04-16,Turbidity,24,NTRU,,USGS-05331580,"MISSISSIPPI RIVER BELOW L&D 2 AT HASTINGS, MN",3.6232393983022417,,Accepted,
2019-04-16,Phosphorus,0.14,mg/l as P,,USGS-05331580,"MISSISSIPPI RIVER BELOW L&D 2 AT HASTINGS, MN",3.6232393983022417,,Accepted,
2019-04-16,Nitrogen,0.260,mg/l,,USGS-05331580,"MISSISSIPPI RIVER BELOW L&D 2 AT HASTINGS, MN",3.6232393983022417,,Accepted,
2019-04-16,Phosphorus,0.24,mg/l as P,,USGS-05331580,"MISSISSIPPI RIVER BELOW L&D 2 AT HASTINGS, MN",3.6232393983022417,,Accepted,
2019-04-24,Phosphorus,0.21,mg/l as P,,USGS-05331580,"MISSISSIPPI RIVER BELOW L&D 2 AT HASTINGS, MN",3.6232393983022417,,Accepted,
2019-04-24,Phosphorus,0.11,mg/l as P,,USGS-05331580,"MISSISSIPPI RIVER BELOW L&D 2 AT HASTINGS, MN",3.6232393983022417,,Accepted,
2019-04-24,Nitrogen,0.268,mg/l,,USGS-05331580,"MISSISSIPPI RIVER BELOW L&D 2 AT HASTINGS, MN",3.6232393983022417,,Accepted,
2019-04-24,Turbidity,56,NTRU,,USGS-05331580,"MISSISSIPPI RIVER BELOW L&D 2 AT HASTINGS, MN",3.6232393983022417,,Accepted,
2019-05-20,Turbidity,17,NTRU,,USGS-05331580,"MISSISSIPPI RIVER BELOW L&D 2 AT HASTINGS, MN",3.6232393983022417,,Accepted,
2019-05-20,Nitrogen,0.312,mg/l,,USGS-05331580,"MISSISSIPPI RIVER BELOW L&D 2 AT HASTINGS, MN",3.6232393983022417,,Accepted,
2019-05-20,Phosphorus,,,,USGS-05331580,"MISSISSIPPI RIVER BELOW L&D 2 AT HASTINGS, MN",3.6232393983022417,Not Detected,Accepted,
2019-05-20,Phosphorus,0.09,mg/l as P,,USGS-05331580,"MISSISSIPPI RIVER BELOW L&D 2 AT HASTINGS, MN",3.6232393983022417,,Accepted,
2019-05-29,Turbidity,12,NTRU,,USGS-05331580,"MISSISSIPPI RIVER BELOW L&D 2 AT HASTINGS, MN",3.6232393983022417,,Accepted,
2019-05-29,Phosphorus,0.10,mg/l as P,,USGS-05331580,"MISSISSIPPI RIVER BELOW L&D 2 AT HASTINGS, MN",3.6232393983022417,,Accepted,
2019-05-29,Phosphorus,0.03,mg/l as P,,USGS-05331580,"MISSISSIPPI RIVER BELOW L&D 2 AT HASTINGS, MN",3.6232393983022417,,Accepted,
2019-05-29,Nitrogen,0.159,mg/l,,USGS-05331580,"MISSISSIPPI RIVER BELOW L&D 2 AT HASTINGS, MN",3.6232393983022417,,Accepted,
2019-06-18,Chlorophyll a,20.2,ug/l,,USGS-05331580,"MISSISSIPPI RIVER BELOW L&D 2 AT HASTINGS, MN",3.6232393983022417,,Accepted,
2019-06-18,Turbidity,22,NTRU,,USGS-05331580,"MISSISSIPPI RIVER BELOW L&D 2 AT HASTINGS, MN",3.6232393983022417,,Accepted,The holding time for the processing of this sample has been exceeded
2019-06-18,Nitrogen,0.193,mg/l,,USGS-05331580,"MISSISSIPPI RIVER BELOW L&D 2 AT HASTINGS, MN",3.6232393983022417,,Accepted,
2019-06-18,Phosphorus,0.07,mg/l as P,,USGS-05331580,"MISSISSIPPI RIVER BELOW L&D 2 AT HASTINGS, MN",3.6232393983022417,,Accepted,
2019-06-18,Phosphorus,0.12,mg/l as P,,USGS-05331580,"MISSISSIPPI RIVER BELOW L&D 2 AT HASTINGS, MN",3.6232393983022417,,Accepted,
2019-06-25,Nitrogen,0.265,mg/l,,USGS-05331580,"MISSISSIPPI RIVER BELOW L&D 2 AT HASTINGS, MN",3.6232393983022417,,Accepted,
2019-06-25,Phosphorus,0.16,mg/l as P,,USGS-05331580,"MISSISSIPPI RIVER BELOW L&D 2 AT HASTINGS, MN",3.6232393983022417,,Accepted,
2019-06-25,Turbidity,34,NTRU,,USGS-05331580,"MISSISSIPPI RIVER BELOW L&D 2 AT HASTINGS, MN",3.6232393983022417,,Accepted,The holding time for the processing of this sample has been exceeded
2019-06-25,Chlorophyll a,13.2,ug/l,,USGS-05331580,"MISSISSIPPI RIVER BELOW L&D 2 AT HASTINGS, MN",3.6232393983022417,,Accepted,
2019-06-25,Phosphorus,0.09,mg/l as P,,USGS-05331580,"MISSISSIPPI RIVER BELOW L&D 2 AT HASTINGS, MN",3.6232393983022417,,Accepted,
2019-07-17,Phosphorus,0.19,mg/l as P,,USGS-05331580,"MISSISSIPPI RIVER BELOW L&D 2 AT HASTINGS, MN",3.6232393983022417,,Accepted,
2019-07-17,Phosphorus,0.11,mg/l as P,,USGS-05331580,"MISSISSIPPI RIVER BELOW L&D 2 AT HASTINGS, MN",3.6232393983022417,,Accepted,
2019-07-17,Nitrogen,0.356,mg/l,,USGS-05331580,"MISSISSIPPI RIVER BELOW L&D 2 AT HASTINGS, MN",3.6232393983022417,,Accepted,
2019-07-17,Turbidity,31,NTRU,,USGS-05331580,"MISSISSIPPI RIVER BELOW L&D 2 AT HASTINGS, MN",3.6232393983022417,,Accepted,
2019-07-17,Chlorophyll a,16.0,ug/l,,USGS-05331580,"MISSISSIPPI RIVER BELOW L&D 2 AT HASTINGS, MN",3.6232393983022417,,Accepted,
2019-07-24,Phosphorus,0.13,mg/l as P,,USGS-05331580,"MISSISSIPPI RIVER BELOW L&D 2 AT HASTINGS, MN",3.6232393983022417,,Accepted,
2019-07-24,Nitrogen,0.243,mg/l,,USGS-05331580,"MISSISSIPPI RIVER BELOW L&D 2 AT HASTINGS, MN",3.6232393983022417,,Accepted,
2019-07-24,Turbidity,36,NTRU,,USGS-05331580,"MISSISSIPPI RIVER BELOW L&D 2 AT HASTINGS, MN",3.6232393983022417,,Accepted,
2019-07-24,Phosphorus,0.22,mg/l as P,,USGS-05331580,"MISSISSIPPI RIVER BELOW L&D 2 AT HASTINGS, MN",3.6232393983022417,,Accepted,
2019-07-24,Chlorophyll a,12.6,ug/l,,USGS-05331580,"MISSISSIPPI RIVER BELOW L&D 2 AT HASTINGS, MN",3.6232393983022417,,Accepted,
2019-08-06,Phosphorus,0.16,mg/l as P,,USGS-05331580,"MISSISSIPPI RIVER BELOW L&D 2 AT HASTINGS, MN",3.6232393983022417,,Accepted,
2019-08-06,Phosphorus,0.07,mg/l as P,,USGS-05331580,"MISSISSIPPI RIVER BELOW L&D 2 AT HASTINGS, MN",3.6232393983022417,,Accepted,
2019-08-06,Nitrogen,0.327,mg/l,,USGS-05331580,"MISSISSIPPI RIVER BELOW L&D 2 AT HASTINGS, MN",3.6232393983022417,,Accepted,
2019-08-06,Turbidity,23,NTRU,,USGS-05331580,"MISSISSIPPI RIVER BELOW L&D 2 AT HASTINGS, MN",3.6232393983022417,,Accepted,
2019-08-06,Chlorophyll a,5.9,ug/l,,USGS-05331580,"MISSISSIPPI RIVER BELOW L&D 2 AT HASTINGS, MN",3.6232393983022417,,Accepted,
2019-10-23,Chlorophyll a,10.3,ug/l,,USGS-05331580,"MISSISSIPPI RIVER BELOW L&D 2 AT HASTINGS, MN",3.6232393983022417,,Accepted,
2019-10-23,Turbidity,17,NTRU,,USGS-05331580,"MISSISSIPPI RIVER BELOW L&D 2 AT HASTINGS, MN",3.6232393983022417,,Accepted,
2019-10-23,Nitrogen,0.190,mg/l,,USGS-05331580,"MISSISSIPPI RIVER BELOW L&D 2 AT HASTINGS, MN",3.6232393983022417,,Accepted,
2019-10-23,Phosphorus,0.05,mg/l as P,,USGS-05331580,"MISSISSIPPI RIVER BELOW L&D 2 AT HASTINGS, MN",3.6232393983022417,,Accepted,
2019-10-23,Phosphorus,0.09,mg/l as P,,USGS-05331580,"MISSISSIPPI RIVER BELOW L&D 2 AT HASTINGS, MN",3.6232393983022417,,Accepted,
2019-11-25,Turbidity,8.4,NTRU,,USGS-05331580,"MISSISSIPPI RIVER BELOW L&D 2 AT HASTINGS, MN",3.6232393983022417,,Accepted,
2019-11-25,Nitrogen,0.119,mg/l,,USGS-05331580,"MISSISSIPPI RIVER BELOW L&D 2 AT HASTINGS, MN",3.6232393983022417,,Accepted,
2019-11-25,Phosphorus,,,,USGS-05331580,"MISSISSIPPI RIVER BELOW L&D 2 AT HASTINGS, MN",3.6232393983022417,Not Detected,Accepted,
2019-11-25,Phosphorus,0.05,mg/l as P,,USGS-05331580,"MISSISSIPPI RIVER BELOW L&D 2 AT HASTINGS, MN",3.6232393983022417,,Accepted,The holding time for the processing of this sample has been exceeded
2019-12-05,Phosphorus,0.04,mg/l as P,,USGS-05331580,"MISSISSIPPI RIVER BELOW L&D 2 AT HASTINGS, MN",3.6232393983022417,,Accepted,
2019-12-05,Phosphorus,,,,USGS-05331580,"MISSISSIPPI RIVER BELOW L&D 2 AT HASTINGS, MN",3.6232393983022417,Not Detected,Accepted,
2019-12-05,Nitrogen,0.090,mg/l,,USGS-05331580,"MISSISSIPPI RIVER BELOW L&D 2 AT HASTINGS, MN",3.6232393983022417,,Accepted,
2019-12-05,Turbidity,5.5,NTRU,,USGS-05331580,"MISSISSIPPI RIVER BELOW L&D 2 AT HASTINGS, MN",3.6232393983022417,,Accepted,
2020-01-13,Turbidity,3.5,NTRU,,USGS-05331580,"MISSISSIPPI RIVER BELOW L&D 2 AT HASTINGS, MN",3.6232393983022417,,Accepted,
2020-01-13,Nitrogen,0.032,mg/l,,USGS-05331580,"MISSISSIPPI RIVER BELOW L&D 2 AT HASTINGS, MN",3.6232393983022417,,Accepted,
2020-01-13,Phosphorus,0.04,mg/l as P,,USGS-05331580,"MISSISSIPPI RIVER BELOW L&D 2 AT HASTINGS, MN",3.6232393983022417,,Accepted,
2020-01-13,Phosphorus,0.03,mg/l as P,,USGS-05331580,"MISSISSIPPI RIVER BELOW L&D 2 AT HASTINGS, MN",3.6232393983022417,,Accepted,
2020-02-21,Phosphorus,0.03,mg/l as P,,USGS-05331580,"MISSISSIPPI RIVER BELOW L&D 2 AT HASTINGS, MN",3.6232393983022417,,Accepted,
2020-02-21,Nitrogen,0.041,mg/l,,USGS-05331580,"MISSISSIPPI RIVER BELOW L&D 2 AT HASTINGS, MN",3.6232393983022417,,Accepted,
2020-02-21,Turbidity,2.5,NTRU,,USGS-05331580,"MISSISSIPPI RIVER BELOW L&D 2 AT HASTINGS, MN",3.6232393983022417,,Accepted,
2020-02-21,Phosphorus,0.04,mg/l as P,,USGS-05331580,"MISSISSIPPI RIVER BELOW L&D 2 AT HASTINGS, MN",3.6232393983022417,,Accepted,
2020-03-06,Phosphorus,0.12,mg/l as P,,USGS-05331580,"MISSISSIPPI RIVER BELOW L&D 2 AT HASTINGS, MN",3.6232393983022417,,Accepted,
2020-03-06,Phosphorus,0.08,mg/l as P,,USGS-05331580,"MISSISSIPPI RIVER BELOW L&D 2 AT HASTINGS, MN",3.6232393983022417,,Accepted,
2020-03-06,Nitrogen,0.103,mg/l,,USGS-05331580,"MISSISSIPPI RIVER BELOW L&D 2 AT HASTINGS, MN",3.6232393983022417,,Accepted,"Sample submitted on 47mm filter,  subsampled filter for analysis, sample volume based on weight ratio.  For questions, contact: labhelp@usgs.gov or: Armin Burdick 303-236-3238 aburdick@usgs.gov"
2020-03-06,Turbidity,5.6,NTRU,,USGS-05331580,"MISSISSIPPI RIVER BELOW L&D 2 AT HASTINGS, MN",3.6232393983022417,,Accepted,
2020-04-23,Phosphorus,0.05,mg/l as P,,USGS-05331580,"MISSISSIPPI RIVER BELOW L&D 2 AT HASTINGS, MN",3.6232393983022417,,Accepted,
2020-04-23,Phosphorus,,,,USGS-05331580,"MISSISSIPPI RIVER BELOW L&D 2 AT HASTINGS, MN",3.6232393983022417,Not Detected,Accepted,
2020-04-23,Nitrogen,0.207,mg/l,,USGS-05331580,"MISSISSIPPI RIVER BELOW L&D 2 AT HASTINGS, MN",3.6232393983022417,,Accepted,
2020-04-23,Turbidity,11,NTRU,,USGS-05331580,"MISSISSIPPI RIVER BELOW L&D 2 AT HASTINGS, MN",3.6232393983022417,,Accepted,
2020-04-30,Phosphorus,,,,USGS-05331580,"MISSISSIPPI RIVER BELOW L&D 2 AT HASTINGS, MN",3.6232393983022417,Not Detected,Accepted,
2020-04-30,Phosphorus,0.06,mg/l as P,,USGS-05331580,"MISSISSIPPI RIVER BELOW L&D 2 AT HASTINGS, MN",3.6232393983022417,,Accepted,
2020-04-30,Turbidity,12,NTRU,,USGS-05331580,"MISSISSIPPI RIVER BELOW L&D 2 AT HASTINGS, MN",3.6232393983022417,,Accepted,
2020-04-30,Nitrogen,0.285,mg/l,,USGS-05331580,"MISSISSIPPI RIVER BELOW L&D 2 AT HASTINGS, MN",3.6232393983022417,,Accepted,
2020-05-07,Phosphorus,,,,USGS-05331580,"MISSISSIPPI RIVER BELOW L&D 2 AT HASTINGS, MN",3.6232393983022417,Not Detected,Accepted,
2020-05-07,Phosphorus,0.05,mg/l as P,,USGS-05331580,"MISSISSIPPI RIVER BELOW L&D 2 AT HASTINGS, MN",3.6232393983022417,,Accepted,
2020-05-07,Nitrogen,0.376,mg/l,,USGS-05331580,"MISSISSIPPI RIVER BELOW L&D 2 AT HASTINGS, MN",3.6232393983022417,,Preliminary,
2020-05-07,Turbidity,15,NTRU,,USGS-05331580,"MISSISSIPPI RIVER BELOW L&D 2 AT HASTINGS, MN",3.6232393983022417,,Accepted,
2020-06-02,Nitrogen,0.450,mg/l,,USGS-05331580,"MISSISSIPPI RIVER BELOW L&D 2 AT HASTINGS, MN",3.6232393983022417,,Accepted,
2020-06-02,Phosphorus,0.04,mg/l as P,,USGS-05331580,"MISSISSIPPI RIVER BELOW L&D 2 AT HASTINGS, MN",3.6232393983022417,,Accepted,
2020-06-02,Phosphorus,0.14,mg/l as P,,USGS-05331580,"MISSISSIPPI RIVER BELOW L&D 2 AT HASTINGS, MN",3.6232393983022417,,Accepted,
2020-06-02,Turbidity,38,NTRU,,USGS-05331580,"MISSISSIPPI RIVER BELOW L&D 2 AT HASTINGS, MN",3.6232393983022417,,Accepted,
2020-06-17,Turbidity,27,NTRU,,USGS-05331580,"MISSISSIPPI RIVER BELOW L&D 2 AT HASTINGS, MN",3.6232393983022417,,Accepted,
2020-06-17,Nitrogen,0.478,mg/l,,USGS-05331580,"MISSISSIPPI RIVER BELOW L&D 2 AT HASTINGS, MN",3.6232393983022417,,Accepted,
2020-06-17,Phosphorus,,,,USGS-05331580,"MISSISSIPPI RIVER BELOW L&D 2 AT HASTINGS, MN",3.6232393983022417,Not Detected,Accepted,
2020-06-17,Phosphorus,0.11,mg/l as P,,USGS-05331580,"MISSISSIPPI RIVER BELOW L&D 2 AT HASTINGS, MN",3.6232393983022417,,Accepted,
2020-06-24,Turbidity,36,NTRU,,USGS-05331580,"MISSISSIPPI RIVER BELOW L&D 2 AT HASTINGS, MN",3.6232393983022417,,Accepted,
2020-06-24,Nitrogen,0.679,mg/l,,USGS-05331580,"MISSISSIPPI RIVER BELOW L&D 2 AT HASTINGS, MN",3.6232393983022417,,Accepted,
2020-06-24,Phosphorus,,,,USGS-05331580,"MISSISSIPPI RIVER BELOW L&D 2 AT HASTINGS, MN",3.6232393983022417,Not Detected,Accepted,
2020-06-24,Phosphorus,0.13,mg/l as P,,USGS-05331580,"MISSISSIPPI RIVER BELOW L&D 2 AT HASTINGS, MN",3.6232393983022417,,Accepted,
2020-07-17,Nitrogen,0.329,mg/l,,USGS-05331580,"MISSISSIPPI RIVER BELOW L&D 2 AT HASTINGS, MN",3.6232393983022417,,Accepted,
2020-07-17,Turbidity,22,NTRU,,USGS-05331580,"MISSISSIPPI RIVER BELOW L&D 2 AT HASTINGS, MN",3.6232393983022417,,Accepted,
2020-07-17,Phosphorus,0.05,mg/l as P,,USGS-05331580,"MISSISSIPPI RIVER BELOW L&D 2 AT HASTINGS, MN",3.6232393983022417,,Accepted,
2020-07-17,Phosphorus,0.11,mg/l as P,,USGS-05331580,"MISSISSIPPI RIVER BELOW L&D 2 AT HASTINGS, MN",3.6232393983022417,,Accepted,
2020-07-31,Nitrogen,0.293,mg/l,,USGS-05331580,"MISSISSIPPI RIVER BELOW L&D 2 AT HASTINGS, MN",3.6232393983022417,,Accepted,
2020-07-31,Phosphorus,0.10,mg/l as P,,USGS-05331580,"MISSISSIPPI RIVER BELOW L&D 2 AT HASTINGS, MN",3.6232393983022417,,Accepted,Hold time parameters were exceeded during the collection to analysis phase of sample processing.
2020-07-31,Phosphorus,0.21,mg/l as P,,USGS-05331580,"MISSISSIPPI RIVER BELOW L&D 2 AT HASTINGS, MN",3.6232393983022417,,Accepted,
2020-07-31,Turbidity,67,NTRU,,USGS-05331580,"MISSISSIPPI RIVER BELOW L&D 2 AT HASTINGS, MN",3.6232393983022417,,Accepted,
2020-08-11,Phosphorus,0.09,mg/l as P,,USGS-05331580,"MISSISSIPPI RIVER BELOW L&D 2 AT HASTINGS, MN",3.6232393983022417,,Accepted,
2020-08-11,Phosphorus,0.03,mg/l as P,,USGS-05331580,"MISSISSIPPI RIVER BELOW L&D 2 AT HASTINGS, MN",3.6232393983022417,,Accepted,
2020-08-11,Turbidity,16,NTRU,,USGS-05331580,"MISSISSIPPI RIVER BELOW L&D 2 AT HASTINGS, MN",3.6232393983022417,,Accepted,
2020-08-11,Nitrogen,0.391,mg/l,,USGS-05331580,"MISSISSIPPI RIVER BELOW L&D 2 AT HASTINGS, MN",3.6232393983022417,,Accepted,
2020-10-28,Turbidity,6.3,NTRU,,USGS-05331580,"MISSISSIPPI RIVER BELOW L&D 2 AT HASTINGS, MN",3.6232393983022417,,Accepted,
2020-10-28,Nitrogen,0.180,mg/l,,USGS-05331580,"MISSISSIPPI RIVER BELOW L&D 2 AT HASTINGS, MN",3.6232393983022417,,Accepted,
2020-10-28,Phosphorus,0.02,mg/l as P,,USGS-05331580,"MISSISSIPPI RIVER BELOW L&D 2 AT HASTINGS, MN",3.6232393983022417,,Accepted,
2020-10-28,Phosphorus,0.05,mg/l as P,,USGS-05331580,"MISSISSIPPI RIVER BELOW L&D 2 AT HASTINGS, MN",3.6232393983022417,,Accepted,
2020-12-08,Turbidity,3.4,NTRU,,USGS-05331580,"MISSISSIPPI RIVER BELOW L&D 2 AT HASTINGS, MN",3.6232393983022417,,Accepted,
2020-12-08,Nitrogen,0.165,mg/l,,USGS-05331580,"MISSISSIPPI RIVER BELOW L&D 2 AT HASTINGS, MN",3.6232393983022417,,Accepted,
2020-12-08,Phosphorus,,,,USGS-05331580,"MISSISSIPPI RIVER BELOW L&D 2 AT HASTINGS, MN",3.6232393983022417,Not Detected,Accepted,
2020-12-08,Phosphorus,0.04,mg/l as P,,USGS-05331580,"MISSISSIPPI RIVER BELOW L&D 2 AT HASTINGS, MN",3.6232393983022417,,Accepted,
2021-01-11,Turbidity,,,,USGS-05331580,"MISSISSIPPI RIVER BELOW L&D 2 AT HASTINGS, MN",3.6232393983022417,Not Detected,Accepted,
2021-01-11,Nitrogen,0.035,mg/l,,USGS-05331580,"MISSISSIPPI RIVER BELOW L&D 2 AT HASTINGS, MN",3.6232393983022417,,Accepted,
2021-01-11,Phosphorus,0.03,mg/l as P,,USGS-05331580,"MISSISSIPPI RIVER BELOW L&D 2 AT HASTINGS, MN",3.6232393983022417,,Accepted,
2021-01-11,Phosphorus,,,,USGS-05331580,"MISSISSIPPI RIVER BELOW L&D 2 AT HASTINGS, MN",3.6232393983022417,Not Detected,Accepted,
2021-02-26,Nitrogen,,,,USGS-05331580,"MISSISSIPPI RIVER BELOW L&D 2 AT HASTINGS, MN",3.6232393983022417,Not Detected,Accepted,
2021-02-26,Phosphorus,0.02,mg/l as P,,USGS-05331580,"MISSISSIPPI RIVER BELOW L&D 2 AT HASTINGS, MN",3.6232393983022417,,Accepted,
2021-02-26,Phosphorus,0.04,mg/l as P,,USGS-05331580,"MISSISSIPPI RIVER BELOW L&D 2 AT HASTINGS, MN",3.6232393983022417,,Accepted,
2021-02-26,Turbidity,2.1,NTRU,,USGS-05331580,"MISSISSIPPI RIVER BELOW L&D 2 AT HASTINGS, MN",3.6232393983022417,,Accepted,
2021-03-26,Turbidity,10,NTRU,,USGS-05331580,"MISSISSIPPI RIVER BELOW L&D 2 AT HASTINGS, MN",3.6232393983022417,,Accepted,
2021-03-26,Nitrogen,0.048,mg/l,,USGS-05331580,"MISSISSIPPI RIVER BELOW L&D 2 AT HASTINGS, MN",3.6232393983022417,,Accepted,
2021-03-26,Phosphorus,0.03,mg/l as P,,USGS-05331580,"MISSISSIPPI RIVER BELOW L&D 2 AT HASTINGS, MN",3.6232393983022417,,Accepted,
2021-03-26,Phosphorus,0.09,mg/l as P,,USGS-05331580,"MISSISSIPPI RIVER BELOW L&D 2 AT HASTINGS, MN",3.6232393983022417,,Accepted,
2021-04-21,Phosphorus,0.08,mg/l as P,,USGS-05331580,"MISSISSIPPI RIVER BELOW L&D 2 AT HASTINGS, MN",3.6232393983022417,,Accepted,
2021-04-21,Phosphorus,,,,USGS-05331580,"MISSISSIPPI RIVER BELOW L&D 2 AT HASTINGS, MN",3.6232393983022417,Not Detected,Accepted,
2021-04-21,Nitrogen,0.191,mg/l,,USGS-05331580,"MISSISSIPPI RIVER BELOW L&D 2 AT HASTINGS, MN",3.6232393983022417,,Accepted,
2021-04-21,Turbidity,17,NTRU,,USGS-05331580,"MISSISSIPPI RIVER BELOW L&D 2 AT HASTINGS, MN",3.6232393983022417,,Accepted,
2021-04-28,Dissolved oxygen (DO),12.38,mg/L,,MNPCA-S006-524,"MISSISSIPPI RIVER DOWNSTREAM OF THE US-61 BRIDGE IN HASTINGS, MN",3.8442140212284737,,Final,stream field measurements
2021-04-30,Turbidity,13,NTRU,,USGS-05331580,"MISSISSIPPI RIVER BELOW L&D 2 AT HASTINGS, MN",3.6232393983022417,,Accepted,
2021-04-30,Phosphorus,0.05,mg/l as P,,USGS-05331580,"MISSISSIPPI RIVER BELOW L&D 2 AT HASTINGS, MN",3.6232393983022417,,Accepted,
2021-04-30,Phosphorus,,,,USGS-05331580,"MISSISSIPPI RIVER BELOW L&D 2 AT HASTINGS, MN",3.6232393983022417,Not Detected,Accepted,
2021-04-30,Nitrogen,0.253,mg/l,,USGS-05331580,"MISSISSIPPI RIVER BELOW L&D 2 AT HASTINGS, MN",3.6232393983022417,,Accepted,
2021-05-12,Phosphorus,,,,USGS-05331580,"MISSISSIPPI RIVER BELOW L&D 2 AT HASTINGS, MN",3.6232393983022417,Not Detected,Accepted,
2021-05-12,Nitrogen,0.458,mg/l,,USGS-05331580,"MISSISSIPPI RIVER BELOW L&D 2 AT HASTINGS, MN",3.6232393983022417,,Accepted,
2021-05-12,Phosphorus,0.06,mg/l as P,,USGS-05331580,"MISSISSIPPI RIVER BELOW L&D 2 AT HASTINGS, MN",3.6232393983022417,,Accepted,
2021-05-12,Turbidity,15,NTRU,,USGS-05331580,"MISSISSIPPI RIVER BELOW L&D 2 AT HASTINGS, MN",3.6232393983022417,,Accepted,
2021-05-26,Turbidity,29,NTRU,,USGS-05331580,"MISSISSIPPI RIVER BELOW L&D 2 AT HASTINGS, MN",3.6232393983022417,,Accepted,
2021-05-26,Phosphorus,,,,USGS-05331580,"MISSISSIPPI RIVER BELOW L&D 2 AT HASTINGS, MN",3.6232393983022417,Not Detected,Accepted,
2021-05-26,Nitrogen,0.574,mg/l,,USGS-05331580,"MISSISSIPPI RIVER BELOW L&D 2 AT HASTINGS, MN",3.6232393983022417,,Accepted,
2021-05-26,Phosphorus,0.11,mg/l as P,,USGS-05331580,"MISSISSIPPI RIVER BELOW L&D 2 AT HASTINGS, MN",3.6232393983022417,,Accepted,
2021-06-21,Phosphorus,0.05,mg/l as P,,USGS-05331580,"MISSISSIPPI RIVER BELOW L&D 2 AT HASTINGS, MN",3.6232393983022417,,Accepted,
2021-06-21,Phosphorus,0.12,mg/l as P,,USGS-05331580,"MISSISSIPPI RIVER BELOW L&D 2 AT HASTINGS, MN",3.6232393983022417,,Accepted,
2021-06-21,Nitrogen,0.542,mg/l,,USGS-05331580,"MISSISSIPPI RIVER BELOW L&D 2 AT HASTINGS, MN",3.6232393983022417,,Accepted,
2021-06-21,Turbidity,38,NTRU,,USGS-05331580,"MISSISSIPPI RIVER BELOW L&D 2 AT HASTINGS, MN",3.6232393983022417,,Accepted,
2021-06-28,Nitrogen,0.458,mg/l,,USGS-05331580,"MISSISSIPPI RIVER BELOW L&D 2 AT HASTINGS, MN",3.6232393983022417,,Accepted,Hold time parameters were exceeded during the collection to analysis phase of sample processing.
2021-06-28,Phosphorus,,,,USGS-05331580,"MISSISSIPPI RIVER BELOW L&D 2 AT HASTINGS, MN",3.6232393983022417,Not Detected,Accepted,
2021-06-28,Phosphorus,0.11,mg/l as P,,USGS-05331580,"MISSISSIPPI RIVER BELOW L&D 2 AT HASTINGS, MN",3.6232393983022417,,Accepted,
2021-06-28,Turbidity,18,NTRU,,USGS-05331580,"MISSISSIPPI RIVER BELOW L&D 2 AT HASTINGS, MN",3.6232393983022417,,Accepted,
2021-07-01,Dissolved oxygen (DO),7.18,mg/L,,MNPCA-S006-524,"MISSISSIPPI RIVER DOWNSTREAM OF THE US-61 BRIDGE IN HASTINGS, MN",3.8442140212284737,,Final,stream field measurements
2021-07-21,Phosphorus,0.09,mg/l as P,,USGS-05331580,"MISSISSIPPI RIVER BELOW L&D 2 AT HASTINGS, MN",3.6232393983022417,,Accepted,
2021-07-21,Phosphorus,,,,USGS-05331580,"MISSISSIPPI RIVER BELOW L&D 2 AT HASTINGS, MN",3.6232393983022417,Not Detected,Accepted,
2021-07-21,Nitrogen,0.461,mg/l,,USGS-05331580,"MISSISSIPPI RIVER BELOW L&D 2 AT HASTINGS, MN",3.6232393983022417,,Accepted,
2021-07-21,Turbidity,19,NTRU,,USGS-05331580,"MISSISSIPPI RIVER BELOW L&D 2 AT HASTINGS, MN",3.6232393983022417,,Accepted,
2021-07-30,Phosphorus,0.14,mg/l as P,,USGS-05331580,"MISSISSIPPI RIVER BELOW L&D 2 AT HASTINGS, MN",3.6232393983022417,,Accepted,
2021-07-30,Turbidity,16,NTRU,,USGS-05331580,"MISSISSIPPI RIVER BELOW L&D 2 AT HASTINGS, MN",3.6232393983022417,,Accepted,
2021-07-30,Phosphorus,0.07,mg/l as P,,USGS-05331580,"MISSISSIPPI RIVER BELOW L&D 2 AT HASTINGS, MN",3.6232393983022417,,Accepted,
2021-07-30,Nitrogen,0.331,mg/l,,USGS-05331580,"MISSISSIPPI RIVER BELOW L&D 2 AT HASTINGS, MN",3.6232393983022417,,Accepted,Hold time parameters were exceeded during the collection to analysis phase of sample processing.
2021-08-23,Phosphorus,0.07,mg/l as P,,USGS-05331580,"MISSISSIPPI RIVER BELOW L&D 2 AT HASTINGS, MN",3.6232393983022417,,Accepted,
2021-08-23,Phosphorus,0.11,mg/l as P,,USGS-05331580,"MISSISSIPPI RIVER BELOW L&D 2 AT HASTINGS, MN",3.6232393983022417,,Accepted,
2021-08-23,Nitrogen,0.468,mg/l,,USGS-05331580,"MISSISSIPPI RIVER BELOW L&D 2 AT HASTINGS, MN",3.6232393983022417,,Accepted,Hold time parameters were exceeded during the collection to analysis phase of sample processing.
2021-08-23,Turbidity,19,NTRU,,USGS-05331580,"MISSISSIPPI RIVER BELOW L&D 2 AT HASTINGS, MN",3.6232393983022417,,Accepted,
2021-10-27,Dissolved oxygen (DO),9.87,mg/L,,MNPCA-S006-524,"MISSISSIPPI RIVER DOWNSTREAM OF THE US-61 BRIDGE IN HASTINGS, MN",3.8442140212284737,,Final,
2021-10-29,Phosphorus,0.03,mg/l as P,,USGS-05331580,"MISSISSIPPI RIVER BELOW L&D 2 AT HASTINGS, MN",3.6232393983022417,,Accepted,
2021-10-29,Phosphorus,0.06,mg/l as P,,USGS-05331580,"MISSISSIPPI RIVER BELOW L&D 2 AT HASTINGS, MN",3.6232393983022417,,Accepted,
2021-10-29,Turbidity,11,NTRU,,USGS-05331580,"MISSISSIPPI RIVER BELOW L&D 2 AT HASTINGS, MN",3.6232393983022417,,Accepted,
2021-10-29,Nitrogen,0.199,mg/l,,USGS-05331580,"MISSISSIPPI RIVER BELOW L&D 2 AT HASTINGS, MN",3.6232393983022417,,Accepted,Hold time parameters were exceeded during the collection to analysis phase of sample processing.
2021-12-14,Nitrogen,0.191,mg/l,,USGS-05331580,"MISSISSIPPI RIVER BELOW L&D 2 AT HASTINGS, MN",3.6232393983022417,,Accepted,
2021-12-14,Turbidity,2.8,NTRU,,USGS-05331580,"MISSISSIPPI RIVER BELOW L&D 2 AT HASTINGS, MN",3.6232393983022417,,Accepted,Hold time parameters were exceeded during the collection to analysis phase of sample processing.
2021-12-14,Phosphorus,0.04,mg/l as P,,USGS-05331580,"MISSISSIPPI RIVER BELOW L&D 2 AT HASTINGS, MN",3.6232393983022417,,Accepted,
2021-12-14,Phosphorus,0.05,mg/l as P,,USGS-05331580,"MISSISSIPPI RIVER BELOW L&D 2 AT HASTINGS, MN",3.6232393983022417,,Accepted,
2022-01-04,Turbidity,2.5,NTRU,,USGS-05331580,"MISSISSIPPI RIVER BELOW L&D 2 AT HASTINGS, MN",3.6232393983022417,,Accepted,
2022-01-04,Phosphorus,,,,USGS-05331580,"MISSISSIPPI RIVER BELOW L&D 2 AT HASTINGS, MN",3.6232393983022417,Not Detected,Accepted,
2022-01-04,Phosphorus,0.04,mg/l as P,,USGS-05331580,"MISSISSIPPI RIVER BELOW L&D 2 AT HASTINGS, MN",3.6232393983022417,,Accepted,
2022-01-04,Nitrogen,0.090,mg/l,,USGS-05331580,"MISSISSIPPI RIVER BELOW L&D 2 AT HASTINGS, MN",3.6232393983022417,,Accepted,
2022-02-28,Phosphorus,,,,USGS-05331580,"MISSISSIPPI RIVER BELOW L&D 2 AT HASTINGS, MN",3.6232393983022417,Not Detected,Accepted,Hold time parameters were exceeded during the collection to analysis phase of sample processing.
2022-02-28,Phosphorus,,,,USGS-05331580,"MISSISSIPPI RIVER BELOW L&D 2 AT HASTINGS, MN",3.6232393983022417,Not Detected,Accepted,Hold time parameters were exceeded during the collection to analysis phase of sample processing.
2022-02-28,Turbidity,2.0,NTRU,,USGS-05331580,"MISSISSIPPI RIVER BELOW L&D 2 AT HASTINGS, MN",3.6232393983022417,,Accepted,Hold time parameters were exceeded during the collection to analysis phase of sample processing.
2022-03-24,Turbidity,11,NTRU,,USGS-05331580,"MISSISSIPPI RIVER BELOW L&D 2 AT HASTINGS, MN",3.6232393983022417,,Accepted,Hold time parameters were exceeded during the collection to analysis phase of sample processing.
2022-03-24,Nitrogen,0.211,mg/l,,USGS-05331580,"MISSISSIPPI RIVER BELOW L&D 2 AT HASTINGS, MN",3.6232393983022417,,Accepted,
2022-03-24,Phosphorus,0.14,mg/l as P,,USGS-05331580,"MISSISSIPPI RIVER BELOW L&D 2 AT HASTINGS, MN",3.6232393983022417,,Accepted,Hold time parameters were exceeded during the collection to analysis phase of sample processing.
2022-03-24,Phosphorus,0.18,mg/l as P,,USGS-05331580,"MISSISSIPPI RIVER BELOW L&D 2 AT HASTINGS, MN",3.6232393983022417,,Accepted,Hold time parameters were exceeded during the collection to analysis phase of sample processing.
2022-04-11,Turbidity,16,NTRU,,USGS-05331580,"MISSISSIPPI RIVER BELOW L&D 2 AT HASTINGS, MN",3.6232393983022417,,Accepted,
2022-04-11,Phosphorus,0.14,mg/l as P,,USGS-05331580,"MISSISSIPPI RIVER BELOW L&D 2 AT HASTINGS, MN",3.6232393983022417,,Accepted,Hold time parameters were exceeded during the collection to analysis phase of sample processing.
2022-04-11,Phosphorus,0.11,mg/l as P,,USGS-05331580,"MISSISSIPPI RIVER BELOW L&D 2 AT HASTINGS, MN",3.6232393983022417,,Accepted,Hold time parameters were exceeded during the collection to analysis phase of sample processing.
2022-04-11,Nitrogen,0.317,mg/l,,USGS-05331580,"MISSISSIPPI RIVER BELOW L&D 2 AT HASTINGS, MN",3.6232393983022417,,Accepted,
2022-04-21,Phosphorus,0.12,mg/l as P,,USGS-05331580,"MISSISSIPPI RIVER BELOW L&D 2 AT HASTINGS, MN",3.6232393983022417,,Accepted,Hold time parameters were exceeded during the collection to analysis phase of sample processing.
2022-04-21,Phosphorus,0.04,mg/l as P,,USGS-05331580,"MISSISSIPPI RIVER BELOW L&D 2 AT HASTINGS, MN",3.6232393983022417,,Accepted,Hold time parameters were exceeded during the collection to analysis phase of sample processing.
2022-04-21,Nitrogen,0.208,mg/l,,USGS-05331580,"MISSISSIPPI RIVER BELOW L&D 2 AT HASTINGS, MN",3.6232393983022417,,Accepted,
2022-04-21,Turbidity,21,NTRU,,USGS-05331580,"MISSISSIPPI RIVER BELOW L&D 2 AT HASTINGS, MN",3.6232393983022417,,Accepted,Hold time parameters were exceeded during the collection to analysis phase of sample processing.
2022-05-06,Phosphorus,,,,USGS-05331580,"MISSISSIPPI RIVER BELOW L&D 2 AT HASTINGS, MN",3.6232393983022417,Not Detected,Accepted,Hold time parameters were exceeded during the collection to analysis phase of sample processing.
2022-05-06,Phosphorus,0.13,mg/l as P,,USGS-05331580,"MISSISSIPPI RIVER BELOW L&D 2 AT HASTINGS, MN",3.6232393983022417,,Accepted,Hold time parameters were exceeded during the collection to analysis phase of sample processing.
2022-05-06,Nitrogen,0.264,mg/l,,USGS-05331580,"MISSISSIPPI RIVER BELOW L&D 2 AT HASTINGS, MN",3.6232393983022417,,Accepted,
2022-05-06,Turbidity,31,NTRU,,USGS-05331580,"MISSISSIPPI RIVER BELOW L&D 2 AT HASTINGS, MN",3.6232393983022417,,Accepted,
2022-05-23,Phosphorus,0.17,mg/l as P,,USGS-05331580,"MISSISSIPPI RIVER BELOW L&D 2 AT HASTINGS, MN",3.6232393983022417,,Accepted,Hold time parameters were exceeded during the collection to analysis phase of sample processing.
2022-05-23,Phosphorus,0.06,mg/l as P,,USGS-05331580,"MISSISSIPPI RIVER BELOW L&D 2 AT HASTINGS, MN",3.6232393983022417,,Accepted,Hold time parameters were exceeded during the collection to analysis phase of sample processing.
2022-05-23,Nitrogen,0.259,mg/l,,USGS-05331580,"MISSISSIPPI RIVER BELOW L&D 2 AT HASTINGS, MN",3.6232393983022417,,Accepted,
2022-05-23,Turbidity,31,NTRU,,USGS-05331580,"MISSISSIPPI RIVER BELOW L&D 2 AT HASTINGS, MN",3.6232393983022417,,Accepted,
2022-06-17,Turbidity,28,NTRU,,USGS-05331580,"MISSISSIPPI RIVER BELOW L&D 2 AT HASTINGS, MN",3.6232393983022417,,Accepted,
2022-06-17,Nitrogen,0.245,mg/l,,USGS-05331580,"MISSISSIPPI RIVER BELOW L&D 2 AT HASTINGS, MN",3.6232393983022417,,Accepted,
2022-06-17,Phosphorus,0.06,mg/l as P,,USGS-05331580,"MISSISSIPPI RIVER BELOW L&D 2 AT HASTINGS, MN",3.6232393983022417,,Accepted,Hold time parameters were exceeded during the collection to analysis phase of sample processing.
2022-06-17,Phosphorus,0.16,mg/l as P,,USGS-05331580,"MISSISSIPPI RIVER BELOW L&D 2 AT HASTINGS, MN",3.6232393983022417,,Accepted,Hold time parameters were exceeded during the collection to analysis phase of sample processing.
2022-06-27,Phosphorus,0.13,mg/l as P,,USGS-05331580,"MISSISSIPPI RIVER BELOW L&D 2 AT HASTINGS, MN",3.6232393983022417,,Accepted,Hold time parameters were exceeded during the collection to analysis phase of sample processing.
2022-06-27,Phosphorus,0.08,mg/l as P,,USGS-05331580,"MISSISSIPPI RIVER BELOW L&D 2 AT HASTINGS, MN",3.6232393983022417,,Accepted,Hold time parameters were exceeded during the collection to analysis phase of sample processing.
2022-06-27,Nitrogen,0.286,mg/l,,USGS-05331580,"MISSISSIPPI RIVER BELOW L&D 2 AT HASTINGS, MN",3.6232393983022417,,Accepted,
2022-06-27,Turbidity,23,NTRU,,USGS-05331580,"MISSISSIPPI RIVER BELOW L&D 2 AT HASTINGS, MN",3.6232393983022417,,Accepted,
2022-07-13,Phosphorus,0.12,mg/l as P,,USGS-05331580,"MISSISSIPPI RIVER BELOW L&D 2 AT HASTINGS, MN",3.6232393983022417,,Accepted,Hold time parameters were exceeded during the collection to analysis phase of sample processing.
2022-07-13,Phosphorus,0.16,mg/l as P,,USGS-05331580,"MISSISSIPPI RIVER BELOW L&D 2 AT HASTINGS, MN",3.6232393983022417,,Accepted,Hold time parameters were exceeded during the collection to analysis phase of sample processing.
2022-07-13,Nitrogen,0.251,mg/l,,USGS-05331580,"MISSISSIPPI RIVER BELOW L&D 2 AT HASTINGS, MN",3.6232393983022417,,Accepted,
2022-07-13,Turbidity,29,NTRU,,USGS-05331580,"MISSISSIPPI RIVER BELOW L&D 2 AT HASTINGS, MN",3.6232393983022417,,Accepted,
2022-07-29,Phosphorus,0.03,mg/l as P,,USGS-05331580,"MISSISSIPPI RIVER BELOW L&D 2 AT HASTINGS, MN",3.6232393983022417,,Accepted,Hold time parameters were exceeded during the collection to analysis phase of sample processing.
2022-07-29,Phosphorus,0.12,mg/l as P,,USGS-05331580,"MISSISSIPPI RIVER BELOW L&D 2 AT HASTINGS, MN",3.6232393983022417,,Accepted,Hold time parameters were exceeded during the collection to analysis phase of sample processing.
2022-07-29,Turbidity,20,NTRU,,USGS-05331580,"MISSISSIPPI RIVER BELOW L&D 2 AT HASTINGS, MN",3.6232393983022417,,Accepted,
2022-07-29,Nitrogen,0.317,mg/l,,USGS-05331580,"MISSISSIPPI RIVER BELOW L&D 2 AT HASTINGS, MN",3.6232393983022417,,Accepted,
2022-08-31,Turbidity,19,NTRU,,USGS-05331580,"MISSISSIPPI RIVER BELOW L&D 2 AT HASTINGS, MN",3.6232393983022417,,Accepted,Hold time parameters were exceeded during the collection to analysis phase of sample processing.
2022-08-31,Nitrogen,0.411,mg/l,,USGS-05331580,"MISSISSIPPI RIVER BELOW L&D 2 AT HASTINGS, MN",3.6232393983022417,,Accepted,
2022-08-31,Phosphorus,,,,USGS-05331580,"MISSISSIPPI RIVER BELOW L&D 2 AT HASTINGS, MN",3.6232393983022417,Not Detected,Accepted,Hold time parameters were exceeded during the collection to analysis phase of sample processing.
2022-08-31,Phosphorus,0.10,mg/l as P,,USGS-05331580,"MISSISSIPPI RIVER BELOW L&D 2 AT HASTINGS, MN",3.6232393983022417,,Accepted,Hold time parameters were exceeded during the collection to analysis phase of sample processing.
2022-10-28,Phosphorus,,,,USGS-05331580,"MISSISSIPPI RIVER BELOW L&D 2 AT HASTINGS, MN",3.6232393983022417,Not Detected,Accepted,Hold time parameters were exceeded during the collection to analysis phase of sample processing.
2022-10-28,Phosphorus,0.06,mg/l as P,,USGS-05331580,"MISSISSIPPI RIVER BELOW L&D 2 AT HASTINGS, MN",3.6232393983022417,,Accepted,Hold time parameters were exceeded during the collection to analysis phase of sample processing.
2022-10-28,Turbidity,13,NTRU,,USGS-05331580,"MISSISSIPPI RIVER BELOW L&D 2 AT HASTINGS, MN",3.6232393983022417,,Accepted,
2022-10-28,Nitrogen,0.160,mg/l,,USGS-05331580,"MISSISSIPPI RIVER BELOW L&D 2 AT HASTINGS, MN",3.6232393983022417,,Accepted,
2022-12-09,Turbidity,3.6,NTRU,,USGS-05331580,"MISSISSIPPI RIVER BELOW L&D 2 AT HASTINGS, MN",3.6232393983022417,,Accepted,
2022-12-09,Phosphorus,0.06,mg/l as P,,USGS-05331580,"MISSISSIPPI RIVER BELOW L&D 2 AT HASTINGS, MN",3.6232393983022417,,Accepted,Hold time parameters were exceeded during the collection to analysis phase of sample processing.
2022-12-09,Phosphorus,,,,USGS-05331580,"MISSISSIPPI RIVER BELOW L&D 2 AT HASTINGS, MN",3.6232393983022417,Not Detected,Accepted,
2022-12-09,Nitrogen,0.211,mg/l,,USGS-05331580,"MISSISSIPPI RIVER BELOW L&D 2 AT HASTINGS, MN",3.6232393983022417,,Accepted,
2023-01-23,Turbidity,2.8,NTRU,,USGS-05331580,"MISSISSIPPI RIVER BELOW L&D 2 AT HASTINGS, MN",3.6232393983022417,,Accepted,
2023-01-23,Nitrogen,0.070,mg/l,,USGS-05331580,"MISSISSIPPI RIVER BELOW L&D 2 AT HASTINGS, MN",3.6232393983022417,,Accepted,
2023-01-23,Phosphorus,,,,USGS-05331580,"MISSISSIPPI RIVER BELOW L&D 2 AT HASTINGS, MN",3.6232393983022417,Not Detected,Accepted,
2023-01-23,Phosphorus,0.03,mg/l as P,,USGS-05331580,"MISSISSIPPI RIVER BELOW L&D 2 AT HASTINGS, MN",3.6232393983022417,,Accepted,
2023-02-21,Phosphorus,0.03,mg/l as P,,USGS-05331580,"MISSISSIPPI RIVER BELOW L&D 2 AT HASTINGS, MN",3.6232393983022417,,Accepted,
2023-02-21,Phosphorus,0.03,mg/l as P,,USGS-05331580,"MISSISSIPPI RIVER BELOW L&D 2 AT HASTINGS, MN",3.6232393983022417,,Accepted,
2023-02-21,Nitrogen,0.074,mg/l,,USGS-05331580,"MISSISSIPPI RIVER BELOW L&D 2 AT HASTINGS, MN",3.6232393983022417,,Accepted,
2023-02-21,Turbidity,3.6,NTRU,,USGS-05331580,"MISSISSIPPI RIVER BELOW L&D 2 AT HASTINGS, MN",3.6232393983022417,,Accepted,Hold time parameters were exceeded during the collection to analysis phase of sample processing.
2023-03-20,Turbidity,7.1,NTRU,,USGS-05331580,"MISSISSIPPI RIVER BELOW L&D 2 AT HASTINGS, MN",3.6232393983022417,,Accepted,
2023-03-20,Nitrogen,0.070,mg/l,,USGS-05331580,"MISSISSIPPI RIVER BELOW L&D 2 AT HASTINGS, MN",3.6232393983022417,,Accepted,
2023-03-20,Phosphorus,0.08,mg/l as P,,USGS-05331580,"MISSISSIPPI RIVER BELOW L&D 2 AT HASTINGS, MN",3.6232393983022417,,Accepted,
2023-03-20,Phosphorus,0.13,mg/l as P,,USGS-05331580,"MISSISSIPPI RIVER BELOW L&D 2 AT HASTINGS, MN",3.6232393983022417,,Accepted,
2023-04-03,Phosphorus,0.12,mg/l as P,,USGS-05331580,"MISSISSIPPI RIVER BELOW L&D 2 AT HASTINGS, MN",3.6232393983022417,,Accepted,
2023-04-03,Nitrogen,0.102,mg/l,,USGS-05331580,"MISSISSIPPI RIVER BELOW L&D 2 AT HASTINGS, MN",3.6232393983022417,,Accepted,
2023-04-03,Phosphorus,0.98,mg/l as P,,USGS-05331580,"MISSISSIPPI RIVER BELOW L&D 2 AT HASTINGS, MN",3.6232393983022417,,Accepted,
2023-04-03,Turbidity,22,NTRU,,USGS-05331580,"MISSISSIPPI RIVER BELOW L&D 2 AT HASTINGS, MN",3.6232393983022417,,Accepted,
2023-04-18,Nitrogen,0.297,mg/l,,USGS-05331580,"MISSISSIPPI RIVER BELOW L&D 2 AT HASTINGS, MN",3.6232393983022417,,Accepted,
2023-04-18,Phosphorus,0.22,mg/l as P,,USGS-05331580,"MISSISSIPPI RIVER BELOW L&D 2 AT HASTINGS, MN",3.6232393983022417,,Accepted,
2023-04-18,Phosphorus,0.18,mg/l as P,,USGS-05331580,"MISSISSIPPI RIVER BELOW L&D 2 AT HASTINGS, MN",3.6232393983022417,,Accepted,
2023-04-18,Turbidity,37,NTRU,,USGS-05331580,"MISSISSIPPI RIVER BELOW L&D 2 AT HASTINGS, MN",3.6232393983022417,,Accepted,
2023-05-09,Nitrogen,0.277,mg/l,,USGS-05331580,"MISSISSIPPI RIVER BELOW L&D 2 AT HASTINGS, MN",3.6232393983022417,,Accepted,
2023-05-09,Phosphorus,0.04,mg/l as P,,USGS-05331580,"MISSISSIPPI RIVER BELOW L&D 2 AT HASTINGS, MN",3.6232393983022417,,Accepted,
2023-05-09,Turbidity,23,NTRU,,USGS-05331580,"MISSISSIPPI RIVER BELOW L&D 2 AT HASTINGS, MN",3.6232393983022417,,Accepted,
2023-05-09,Phosphorus,0.12,mg/l as P,,USGS-05331580,"MISSISSIPPI RIVER BELOW L&D 2 AT HASTINGS, MN",3.6232393983022417,,Accepted,
2023-05-23,Turbidity,44,NTRU,,USGS-05331580,"MISSISSIPPI RIVER BELOW L&D 2 AT HASTINGS, MN",3.6232393983022417,,Accepted,
2023-05-23,Nitrogen,0.152,mg/l,,USGS-05331580,"MISSISSIPPI RIVER BELOW L&D 2 AT HASTINGS, MN",3.6232393983022417,,Accepted,
2023-06-14,Dissolved oxygen (DO),7.88,mg/L,,MNPCA-S001-238,MISSISSIPPI R DNST OF HASTINGS RR BR,2.1984468911258066,,Final,
2023-06-20,Phosphorus,0.13,mg/l as P,,USGS-05331580,"MISSISSIPPI RIVER BELOW L&D 2 AT HASTINGS, MN",3.6232393983022417,,Accepted,
2023-06-20,Phosphorus,0.07,mg/l as P,,USGS-05331580,"MISSISSIPPI RIVER BELOW L&D 2 AT HASTINGS, MN",3.6232393983022417,,Accepted,
2023-06-20,Nitrogen,0.242,mg/l,,USGS-05331580,"MISSISSIPPI RIVER BELOW L&D 2 AT HASTINGS, MN",3.6232393983022417,,Accepted,
2023-06-20,Turbidity,22,NTRU,,USGS-05331580,"MISSISSIPPI RIVER BELOW L&D 2 AT HASTINGS, MN",3.6232393983022417,,Accepted,
2023-06-27,Phosphorus,0.13,mg/l as P,,USGS-05331580,"MISSISSIPPI RIVER BELOW L&D 2 AT HASTINGS, MN",3.6232393983022417,,Accepted,
2023-06-27,Phosphorus,0.05,mg/l as P,,USGS-05331580,"MISSISSIPPI RIVER BELOW L&D 2 AT HASTINGS, MN",3.6232393983022417,,Accepted,
2023-06-27,Nitrogen,0.273,mg/l,,USGS-05331580,"MISSISSIPPI RIVER BELOW L&D 2 AT HASTINGS, MN",3.6232393983022417,,Accepted,
2023-06-27,Turbidity,24,NTRU,,USGS-05331580,"MISSISSIPPI RIVER BELOW L&D 2 AT HASTINGS, MN",3.6232393983022417,,Accepted,
2023-07-10,Nitrogen,0.249,mg/l,,USGS-05331580,"MISSISSIPPI RIVER BELOW L&D 2 AT HASTINGS, MN",3.6232393983022417,,Accepted,
2023-07-10,Turbidity,15,NTRU,,USGS-05331580,"MISSISSIPPI RIVER BELOW L&D 2 AT HASTINGS, MN",3.6232393983022417,,Accepted,
2023-07-12,Dissolved oxygen (DO),7.38,mg/L,,MNPCA-S001-238,MISSISSIPPI R DNST OF HASTINGS RR BR,2.1984468911258066,,Final,
2023-07-24,Turbidity,12,NTRU,,USGS-05331580,"MISSISSIPPI RIVER BELOW L&D 2 AT HASTINGS, MN",3.6232393983022417,,Accepted,
2023-07-24,Nitrogen,0.332,mg/l,,USGS-05331580,"MISSISSIPPI RIVER BELOW L&D 2 AT HASTINGS, MN",3.6232393983022417,,Accepted,
2023-07-24,Phosphorus,0.08,mg/l as P,,USGS-05331580,"MISSISSIPPI RIVER BELOW L&D 2 AT HASTINGS, MN",3.6232393983022417,,Accepted,
2023-07-24,Phosphorus,,,,USGS-05331580,"MISSISSIPPI RIVER BELOW L&D 2 AT HASTINGS, MN",3.6232393983022417,Not Detected,Accepted,
2023-08-15,Turbidity,17,NTRU,,USGS-05331580,"MISSISSIPPI RIVER BELOW L&D 2 AT HASTINGS, MN",3.6232393983022417,,Accepted,
2023-08-15,Nitrogen,0.324,mg/l,,USGS-05331580,"MISSISSIPPI RIVER BELOW L&D 2 AT HASTINGS, MN",3.6232393983022417,,Accepted,
2023-08-15,Phosphorus,0.06,mg/l as P,,USGS-05331580,"MISSISSIPPI RIVER BELOW L&D 2 AT HASTINGS, MN",3.6232393983022417,,Preliminary,Hold time parameters were exceeded during the collection to analysis phase of sample processing.
2023-08-15,Phosphorus,0.11,mg/l as P,,USGS-05331580,"MISSISSIPPI RIVER BELOW L&D 2 AT HASTINGS, MN",3.6232393983022417,,Preliminary,
2023-08-23,Dissolved oxygen (DO),7.14,mg/L,,MNPCA-S001-238,MISSISSIPPI R DNST OF HASTINGS RR BR,2.1984468911258066,,Final,"Sunny, 3 mph SW wind"
2023-09-13,Dissolved oxygen (DO),8.98,mg/L,,MNPCA-S001-238,MISSISSIPPI R DNST OF HASTINGS RR BR,2.1984468911258066,,Final,"Sunny, 3 mph E wind"
2023-10-05,Dissolved oxygen (DO),6.7,mg/L,,MNPCA-S001-238,MISSISSIPPI R DNST OF HASTINGS RR BR,2.1984468911258066,,Final,
2023-10-17,Nitrogen,0.255,mg/l,,USGS-05331580,"MISSISSIPPI RIVER BELOW L&D 2 AT HASTINGS, MN",3.6232393983022417,,Accepted,
2023-10-17,Turbidity,14,NTRU,,USGS-05331580,"MISSISSIPPI RIVER BELOW L&D 2 AT HASTINGS, MN",3.6232393983022417,,Accepted,
2024-05-14,Dissolved oxygen (DO),8.91,mg/L,,MNPCA-S016-671,"MISSISSIPPI R, 0.5 MI W OF PRESCOTT, WI",1.0095526662633743,,Final,
2024-07-10,Dissolved oxygen (DO),6.61,mg/L,,MNPCA-S016-671,"MISSISSIPPI R, 0.5 MI W OF PRESCOTT, WI",1.0095526662633743,,Final,High water
2024-08-13,Dissolved oxygen (DO),8.51,mg/L,,MNPCA-S016-671,"MISSISSIPPI R, 0.5 MI W OF PRESCOTT, WI",1.0095526662633743,,Final,
