Date,Temperature_C,pH,Dissolved_Oxygen_mgL,Conductivity_uS_cm,Turbidity_NTU,TDS_mgL,Ammonia_mgL,Nitrates_mgL,Phosphates_mgL
2016-01-01,20.4,7.5,11.0,502.8,2.9,328.4,0.09,2.12,0.04
2016-01-04,20.0,7.5,11.0,522.1,7.9,333.6,0.1,1.55,0.04
2016-01-07,20.6,7.4,10.8,437.6,2.6,271.9,0.07,1.13,0.02
2016-01-10,21.3,7.8,10.6,436.5,7.5,282.4,0.1,1.36,0.05
2016-01-13,20.0,7.3,11.0,395.4,3.7,260.7,0.21,0.99,0.05
2016-01-16,20.1,7.5,11.0,503.0,3.1,320.4,0.21,0.64,0.12
2016-01-19,21.6,7.8,10.8,462.9,15.8,298.5,0.32,0.99,0.05
2016-01-22,21.1,7.5,10.7,547.5,2.1,372.9,0.1,1.26,0.04
2016-01-25,20.3,7.5,11.0,403.6,4.9,270.7,0.17,1.41,0.28
2016-01-28,21.2,7.4,10.6,414.4,2.1,270.3,0.12,3.25,0.06
2016-01-31,20.6,7.5,10.9,465.6,5.3,295.3,0.21,2.0,0.05
2016-02-03,20.8,7.7,10.2,489.5,5.5,311.8,0.17,0.66,0.05
2016-02-06,21.6,7.2,10.9,441.5,3.9,279.6,0.1,0.69,0.1
2016-02-09,20.1,7.7,11.0,403.1,2.7,253.6,0.09,0.61,0.04
2016-02-12,20.5,7.3,11.0,500.0,4.4,335.4,0.08,1.84,0.04
2016-02-15,21.7,7.5,9.7,492.9,7.6,320.5,0.14,1.72,0.09
2016-02-18,21.6,7.4,11.0,407.3,9.6,261.4,0.38,4.0,0.02
2016-02-21,23.0,7.6,10.2,509.5,5.8,355.5,0.07,1.24,0.12
2016-02-24,22.3,7.3,10.7,511.3,10.2,332.2,0.06,2.25,0.05
2016-02-27,22.2,7.6,10.1,468.7,3.1,295.5,0.06,1.36,0.06
2016-03-01,24.8,7.8,9.9,448.0,3.7,282.5,0.2,2.57,0.09
2016-03-04,23.8,7.3,9.7,498.7,2.9,328.7,0.09,1.78,0.04
2016-03-07,24.4,7.5,9.6,401.7,3.4,272.2,0.08,1.53,0.13
2016-03-10,23.6,7.4,10.6,451.8,3.3,278.6,0.09,1.33,0.21
2016-03-13,24.6,7.6,9.7,335.7,5.7,226.1,0.15,1.78,0.05
2016-03-16,25.5,7.5,9.6,496.1,6.1,322.9,0.13,1.04,0.16
2016-03-19,24.9,7.4,10.0,354.5,16.5,217.2,0.19,0.6,0.02
2016-03-22,26.5,7.6,9.4,519.7,3.1,334.0,0.09,0.54,0.13
2016-03-25,26.1,7.8,9.4,422.6,7.1,266.3,0.11,1.15,0.04
2016-03-28,26.7,7.5,9.3,440.8,10.5,282.9,0.06,1.41,0.04
2016-03-31,26.8,7.6,9.9,428.6,6.1,270.4,0.06,0.58,0.03
2016-04-03,29.2,7.3,8.5,442.1,3.5,289.1,0.11,0.84,0.04
2016-04-06,28.1,7.4,8.9,497.2,3.5,336.0,0.09,0.89,0.03
2016-04-09,27.6,7.6,9.3,346.0,2.2,222.7,0.14,1.33,0.14
2016-04-12,29.5,7.7,8.8,516.8,3.8,315.5,0.05,0.83,0.13
2016-04-15,28.3,7.6,9.1,459.1,8.8,304.0,0.06,0.6,0.03
2016-04-18,29.8,7.5,8.6,391.2,2.2,258.6,0.25,0.68,0.03
2016-04-21,28.4,7.5,8.4,398.0,3.2,256.9,0.13,0.69,0.12
2016-04-24,29.3,7.3,9.0,527.2,8.1,337.8,0.17,2.35,0.05
2016-04-27,30.9,7.6,7.8,404.7,9.6,257.1,0.23,0.83,0.03
2016-04-30,31.6,7.6,8.0,386.3,5.0,262.2,0.11,1.75,0.06
2016-05-03,31.5,7.4,7.7,502.8,8.0,336.2,0.19,1.34,0.05
2016-05-06,31.6,7.4,7.9,460.1,4.5,299.0,0.12,4.0,0.03
2016-05-09,31.8,7.5,8.0,388.8,2.9,255.8,0.08,0.82,0.08
2016-05-12,31.1,7.4,8.1,462.3,4.5,297.4,0.09,0.67,0.07
2016-05-15,32.0,7.5,7.9,404.6,6.3,282.9,0.12,0.55,0.03
2016-05-18,32.5,7.8,8.1,510.2,16.8,328.8,0.09,0.78,0.15
2016-05-21,34.0,7.5,7.4,511.3,2.4,339.5,0.09,1.65,0.06
2016-05-24,33.7,7.4,7.3,479.8,5.5,307.2,0.09,0.59,0.03
2016-05-27,32.2,7.4,8.0,462.8,4.0,314.5,0.06,0.78,0.03
2016-05-30,34.1,7.6,7.6,546.5,5.5,384.0,0.06,2.43,0.03
2016-06-02,33.7,7.5,7.0,436.4,2.1,286.6,0.05,1.37,0.05
2016-06-05,33.7,7.4,7.5,381.9,3.9,250.0,0.06,0.57,0.03
2016-06-08,34.9,7.7,7.2,462.8,10.6,307.6,0.09,0.55,0.05
2016-06-11,35.0,7.7,7.0,565.1,6.0,339.7,0.14,0.56,0.03
2016-06-14,35.0,7.4,7.4,408.7,5.0,265.1,0.07,3.35,0.07
2016-06-17,34.1,7.2,7.2,436.8,3.7,295.8,0.27,2.4,0.1
2016-06-20,34.6,7.7,7.1,481.5,3.8,314.8,0.22,2.36,0.06
2016-06-23,35.0,7.4,7.0,438.5,4.4,279.6,0.12,3.08,0.08
2016-06-26,35.0,7.6,7.0,404.4,11.0,265.5,0.18,1.2,0.16
2016-06-29,34.6,7.2,7.0,504.8,19.1,321.0,0.1,0.78,0.07
2016-07-02,34.9,7.6,7.0,574.5,4.9,380.1,0.05,1.01,0.04
2016-07-05,34.1,7.3,7.7,458.7,4.5,295.9,0.28,1.77,0.05
2016-07-08,34.0,7.6,7.0,400.9,11.4,268.4,0.06,2.59,0.12
2016-07-11,35.0,7.5,7.0,378.0,4.8,247.5,0.35,1.07,0.03
2016-07-14,35.0,7.4,7.0,471.7,6.0,295.8,0.13,1.27,0.04
2016-07-17,34.7,7.4,7.0,498.5,3.3,321.4,0.09,3.19,0.06
2016-07-20,35.0,7.6,7.0,473.1,8.8,293.7,0.12,0.61,0.08
2016-07-23,34.8,7.5,7.5,439.3,5.8,274.2,0.12,2.48,0.09
2016-07-26,33.8,7.6,7.6,395.6,10.3,270.3,0.05,0.67,0.04
2016-07-29,34.5,7.8,7.0,397.4,9.6,271.1,0.09,1.16,0.03
2016-08-01,35.0,7.3,7.7,497.8,3.2,327.6,0.18,0.75,0.17
2016-08-04,33.8,7.7,7.6,498.3,8.3,321.1,0.12,1.42,0.02
2016-08-07,34.8,7.5,7.0,353.2,10.0,221.2,0.08,1.32,0.03
2016-08-10,31.2,7.4,7.3,526.0,4.1,335.7,0.09,0.98,0.05
2016-08-13,33.8,7.3,8.0,456.5,2.9,298.5,0.25,2.49,0.11
2016-08-16,32.9,7.5,7.1,533.7,2.0,343.0,0.12,1.58,0.09
2016-08-19,32.3,7.6,7.2,372.0,5.0,219.9,0.13,1.78,0.16
2016-08-22,32.3,7.5,8.0,394.3,4.2,245.3,0.38,0.66,0.03
2016-08-25,30.4,7.7,9.0,452.0,6.0,299.2,0.09,2.65,0.04
2016-08-28,31.5,7.3,8.4,466.1,3.0,301.7,0.12,0.68,0.04
2016-08-31,31.6,7.5,8.1,528.5,11.8,348.2,0.22,0.75,0.12
2016-09-03,32.1,7.3,7.9,488.8,3.5,315.1,0.19,0.64,0.05
2016-09-06,30.2,7.6,8.5,429.4,3.3,290.1,0.08,1.08,0.02
2016-09-09,29.6,7.6,8.7,399.7,5.3,262.9,0.07,2.69,0.08
2016-09-12,29.5,7.4,8.6,506.7,5.5,314.2,0.17,0.79,0.04
2016-09-15,30.3,7.1,8.3,384.0,3.2,258.0,0.08,0.97,0.06
2016-09-18,29.4,7.5,8.5,509.1,3.6,339.4,0.31,2.37,0.13
2016-09-21,28.4,7.6,8.5,438.0,2.9,273.6,0.06,1.46,0.03
2016-09-24,28.8,7.6,8.6,523.9,8.3,316.3,0.09,1.89,0.03
2016-09-27,28.1,7.7,8.3,478.4,9.4,299.8,0.06,0.74,0.04
2016-09-30,28.4,7.3,8.7,450.1,5.1,287.6,0.17,1.76,0.04
2016-10-03,26.7,7.6,8.9,435.8,8.3,285.9,0.27,0.76,0.03
2016-10-06,26.6,7.7,8.9,430.2,8.7,275.4,0.15,4.0,0.08
2016-10-09,26.1,7.2,9.4,468.0,2.7,299.6,0.33,1.32,0.03
2016-10-12,24.9,7.5,10.1,458.9,18.9,297.5,0.06,1.69,0.15
2016-10-15,25.9,7.4,9.7,406.7,10.6,267.4,0.06,0.63,0.03
2016-10-18,25.5,7.5,9.1,443.9,3.1,299.7,0.23,0.79,0.03
2016-10-21,25.0,7.6,9.4,459.4,3.0,300.8,0.24,0.65,0.04
2016-10-24,24.4,7.4,10.1,350.4,2.7,227.0,0.23,0.99,0.09
2016-10-27,23.1,7.4,9.9,453.5,2.7,312.0,0.21,0.83,0.05
2016-10-30,23.6,7.5,10.0,393.4,8.9,261.6,0.09,1.82,0.11
2016-11-02,23.3,7.3,10.3,383.6,5.2,252.2,0.07,0.62,0.1
2016-11-05,22.6,7.3,10.0,366.6,9.6,238.7,0.31,1.89,0.15
2016-11-08,22.8,7.6,10.3,365.1,8.9,224.3,0.09,0.55,0.09
2016-11-11,23.0,7.3,9.8,397.2,6.6,279.0,0.1,0.73,0.02
2016-11-14,23.9,7.6,9.8,409.6,7.8,259.4,0.17,2.07,0.11
2016-11-17,22.2,7.6,10.5,542.7,2.1,348.7,0.08,1.86,0.16
2016-11-20,22.0,7.2,10.0,435.2,3.9,268.9,0.22,1.15,0.27
2016-11-23,21.5,7.4,10.7,461.9,7.1,298.8,0.06,0.55,0.03
2016-11-26,20.0,7.7,11.0,482.7,2.0,331.9,0.21,1.44,0.07
2016-11-29,21.1,7.4,10.9,459.4,2.2,321.3,0.14,1.02,0.03
2016-12-02,21.0,7.4,10.8,434.6,11.5,290.1,0.14,0.88,0.04
2016-12-05,22.7,7.6,10.7,376.9,7.8,245.7,0.11,1.52,0.09
2016-12-08,20.4,7.6,10.9,507.0,3.5,318.0,0.08,1.07,0.21
2016-12-11,20.7,7.5,10.7,547.0,7.8,339.5,0.11,0.6,0.07
2016-12-14,20.3,7.4,11.0,377.8,9.9,259.0,0.11,2.98,0.12
2016-12-17,20.0,7.7,11.0,417.3,3.8,271.3,0.14,2.01,0.02
2016-12-20,21.1,7.8,10.7,444.4,2.2,280.7,0.08,0.56,0.02
2016-12-23,20.7,7.6,10.8,413.4,15.5,277.7,0.06,1.24,0.07
2016-12-26,20.7,7.5,10.6,469.5,4.1,298.0,0.07,0.59,0.04
2016-12-29,20.0,7.4,10.8,402.0,2.6,258.0,0.17,2.32,0.13
2017-01-01,21.1,7.4,10.3,566.8,91.8,364.4,0.05,1.45,0.04
2017-01-04,20.0,7.6,11.0,513.7,9.3,340.3,0.24,0.69,0.05
2017-01-07,20.5,7.6,10.5,461.7,3.3,294.0,0.17,0.52,0.06
2017-01-10,21.9,7.7,10.3,505.2,3.6,322.7,0.2,0.53,0.04
2017-01-13,20.0,7.6,10.8,508.5,3.4,327.0,0.23,1.21,0.14
2017-01-16,20.0,7.3,11.0,434.6,25.9,288.3,0.06,1.83,0.05
2017-01-19,20.5,7.7,10.8,422.1,3.1,269.3,0.22,0.63,0.05
2017-01-22,20.1,7.4,11.0,459.3,6.3,314.7,0.12,0.75,0.11
2017-01-25,20.0,7.4,10.8,501.5,15.0,318.3,0.27,0.9,0.04
2017-01-28,20.9,7.5,10.8,462.1,2.8,295.4,0.27,0.75,0.11
2017-01-31,20.2,7.8,10.7,366.5,19.7,239.2,0.05,1.0,0.03
2017-02-03,21.6,8.0,11.0,417.4,16.7,278.6,0.1,1.32,0.03
2017-02-06,20.7,7.6,10.5,432.4,12.8,282.6,0.12,1.65,0.17
2017-02-09,22.9,7.5,10.3,456.8,3.2,301.5,0.16,3.82,0.11
2017-02-12,21.3,7.6,10.8,536.7,7.0,356.8,0.08,3.17,0.04
2017-02-15,21.9,7.6,10.6,383.6,9.2,256.3,0.08,1.34,0.07
2017-02-18,23.1,7.5,10.1,466.8,23.4,303.3,0.1,1.82,0.16
2017-02-21,21.8,7.8,10.5,530.0,3.0,343.0,0.12,3.51,0.03
2017-02-24,23.3,7.5,10.1,563.2,9.3,359.7,0.35,0.59,0.02
2017-02-27,24.5,7.6,9.8,413.8,4.1,272.3,0.19,0.51,0.06
2017-03-02,22.5,7.6,10.6,478.8,3.0,307.4,0.11,0.53,0.03
2017-03-05,24.2,7.6,10.5,472.7,4.7,305.2,0.06,1.33,0.03
2017-03-08,24.6,7.6,9.6,468.6,9.9,299.6,0.07,1.94,0.13
2017-03-11,25.4,7.4,9.1,445.1,5.1,268.7,0.11,0.96,0.02
2017-03-14,24.2,7.4,9.9,475.8,5.9,307.2,0.22,1.29,0.1
2017-03-17,24.5,7.3,10.6,313.8,28.7,191.7,0.1,1.23,0.06
2017-03-20,26.3,7.6,9.1,478.2,4.5,294.3,0.13,0.6,0.06
2017-03-23,26.5,7.6,9.8,451.7,6.8,289.1,0.27,0.89,0.08
2017-03-26,26.9,7.6,9.7,447.4,4.3,301.6,0.3,0.52,0.05
2017-03-29,27.3,7.8,8.9,569.1,4.5,380.5,0.07,0.62,0.03
2017-04-01,26.9,7.5,9.3,408.2,7.9,280.7,0.05,2.17,0.03
2017-04-04,28.0,7.6,9.4,440.6,15.9,293.4,0.09,2.27,0.09
2017-04-07,28.4,7.3,8.6,527.9,5.9,356.7,0.17,2.12,0.03
2017-04-10,28.0,7.4,8.8,396.5,9.3,248.6,0.35,1.8,0.02
2017-04-13,30.5,7.6,8.0,412.9,2.5,264.9,0.06,2.08,0.21
2017-04-16,29.7,7.6,8.1,429.1,3.2,256.0,0.05,1.61,0.22
2017-04-19,28.8,7.5,8.5,476.2,5.5,325.5,0.27,1.61,0.04
2017-04-22,30.6,7.5,7.8,464.5,2.1,320.1,0.19,1.6,0.02
2017-04-25,29.7,7.3,8.4,383.2,3.5,245.0,0.5,1.22,0.08
2017-04-28,31.4,7.4,7.7,427.2,5.6,271.0,0.1,0.95,0.11
2017-05-01,32.1,7.6,7.9,426.5,2.1,267.6,0.1,1.81,0.03
2017-05-04,30.8,7.6,7.6,448.8,3.5,292.4,0.07,0.85,0.03
2017-05-07,32.6,7.6,7.7,477.9,5.6,319.8,0.06,1.28,0.11
2017-05-10,32.4,7.5,7.9,470.2,6.3,290.6,0.14,1.07,0.15
2017-05-13,33.1,7.5,7.0,349.3,63.7,233.5,0.1,0.82,0.1
2017-05-16,34.2,7.4,7.3,513.8,7.2,330.9,0.06,4.0,0.03
2017-05-19,32.8,7.6,8.0,456.7,4.7,298.0,0.27,0.8,0.05
2017-05-22,32.6,7.6,7.3,509.9,15.3,336.8,0.07,0.87,0.07
2017-05-25,32.8,7.6,8.1,470.4,9.7,301.4,0.19,0.68,0.03
2017-05-28,33.0,7.4,7.6,495.9,3.1,316.7,0.08,2.23,0.03
2017-05-31,33.8,7.2,7.1,469.2,2.7,294.2,0.22,1.38,0.04
2017-06-03,34.4,7.7,7.2,520.8,7.6,345.1,0.06,1.45,0.06
2017-06-06,34.5,7.4,7.3,479.6,6.1,318.1,0.19,2.22,0.06
2017-06-09,35.0,7.4,7.0,436.1,9.8,281.9,0.06,0.92,0.1
2017-06-12,34.6,7.6,7.3,558.7,8.7,347.8,0.11,0.72,0.09
2017-06-15,35.0,7.4,7.0,505.2,6.9,326.9,0.18,0.72,0.14
2017-06-18,34.6,7.7,7.2,483.7,23.5,325.7,0.07,1.82,0.11
2017-06-21,35.0,7.6,7.0,406.9,5.8,259.4,0.08,1.45,0.03
2017-06-24,35.0,7.6,7.0,397.4,2.6,268.5,0.25,0.73,0.04
2017-06-27,34.3,7.3,7.0,476.1,10.8,331.9,0.27,0.66,0.05
2017-06-30,34.1,7.7,7.0,443.4,3.5,291.8,0.05,0.63,0.02
2017-07-03,35.0,7.5,7.4,426.9,9.5,274.2,0.07,1.49,0.14
2017-07-06,34.8,7.4,7.4,456.5,17.7,298.0,0.06,0.5,0.02
2017-07-09,35.0,7.5,7.2,523.9,8.0,313.1,0.07,0.52,0.04
2017-07-12,35.0,7.2,7.0,486.5,6.5,303.5,0.4,0.99,0.06
2017-07-15,34.8,7.6,7.0,402.4,5.1,251.9,0.13,1.68,0.06
2017-07-18,34.0,7.3,7.6,449.4,4.3,294.4,0.11,1.69,0.07
2017-07-21,33.4,7.3,7.5,401.0,4.2,253.6,0.47,1.06,0.06
2017-07-24,34.1,7.3,7.9,438.0,7.1,279.9,0.13,1.67,0.03
2017-07-27,35.0,7.7,7.1,422.9,9.0,260.0,0.16,1.24,0.03
2017-07-30,34.3,7.4,7.2,428.3,7.7,277.6,0.09,4.0,0.14
2017-08-02,33.0,7.7,7.5,384.2,3.1,251.9,0.1,0.68,0.04
2017-08-05,33.9,7.4,7.3,441.4,5.4,307.4,0.14,1.42,0.04
2017-08-08,33.8,7.2,7.3,429.6,9.8,285.6,0.06,1.18,0.05
2017-08-11,32.6,7.3,7.9,293.1,146.5,199.6,0.08,0.72,0.03
2017-08-14,33.2,7.7,7.8,572.1,5.8,384.2,0.07,1.89,0.06
2017-08-17,32.8,7.5,7.3,486.2,9.4,298.3,0.05,0.82,0.07
2017-08-20,31.6,7.4,7.5,425.2,7.4,281.8,0.13,0.98,0.1
2017-08-23,32.5,7.5,7.1,454.6,4.6,294.0,0.13,0.97,0.08
2017-08-26,32.3,7.6,7.9,397.3,13.3,264.7,0.1,0.78,0.03
2017-08-29,32.4,7.7,7.4,533.8,2.9,357.3,0.08,1.06,0.05
2017-09-01,32.1,7.7,7.1,544.3,29.0,361.3,0.16,1.14,0.02
2017-09-04,29.8,7.4,8.5,461.9,2.6,295.9,0.06,1.86,0.02
2017-09-07,29.8,7.3,9.1,498.9,2.1,336.7,0.12,1.95,0.05
2017-09-10,30.6,7.4,8.2,472.7,13.0,328.6,0.2,0.67,0.03
2017-09-13,30.2,7.5,8.5,391.6,3.4,234.2,0.07,1.4,0.08
2017-09-16,29.8,7.4,8.4,438.1,8.5,279.3,0.19,2.77,0.08
2017-09-19,32.1,7.4,7.7,446.9,10.3,298.6,0.19,0.62,0.13
2017-09-22,29.1,7.6,8.8,426.5,11.8,279.9,0.06,1.14,0.09
2017-09-25,29.2,7.5,8.5,436.1,25.9,277.4,0.05,1.89,0.02
2017-09-28,28.7,7.5,8.8,435.4,3.7,253.1,0.41,1.45,0.04
2017-10-01,28.0,7.4,9.0,449.6,8.2,313.4,0.07,0.61,0.04
2017-10-04,26.9,7.5,9.0,447.2,2.6,305.9,0.22,1.01,0.04
2017-10-07,27.4,7.4,9.3,403.5,4.6,243.8,0.13,1.21,0.03
2017-10-10,25.7,7.6,9.4,403.4,11.4,258.1,0.08,4.0,0.03
2017-10-13,25.8,7.7,9.2,403.0,4.3,271.2,0.06,0.7,0.06
2017-10-16,25.2,7.2,9.8,489.9,6.5,335.7,0.12,4.0,0.08
2017-10-19,25.3,7.4,9.3,346.9,5.5,234.6,0.1,0.97,0.08
2017-10-22,26.7,7.3,9.2,515.6,61.2,337.4,0.17,0.72,0.05
2017-10-25,23.0,7.4,10.2,513.6,20.0,336.4,0.28,1.03,0.06
2017-10-28,24.7,7.5,10.1,443.4,2.3,301.7,0.21,1.45,0.06
2017-10-31,22.5,7.3,10.5,307.6,6.3,201.7,0.08,0.74,0.08
2017-11-03,23.1,7.4,10.2,446.5,146.8,273.8,0.26,0.84,0.02
2017-11-06,24.0,7.3,10.2,446.9,138.9,281.3,0.23,2.43,0.08
2017-11-09,22.9,7.5,10.6,393.5,2.4,255.9,0.31,4.0,0.06
2017-11-12,21.7,7.5,10.7,421.2,6.1,266.0,0.11,0.88,0.03
2017-11-15,21.7,7.4,10.5,534.6,4.0,357.2,0.2,0.66,0.02
2017-11-18,22.5,7.5,9.9,477.4,2.8,299.3,0.14,2.08,0.03
2017-11-21,21.2,7.4,10.4,396.3,11.5,252.4,0.09,1.42,0.06
2017-11-24,21.7,7.5,10.5,367.9,5.7,234.9,0.5,0.61,0.09
2017-11-27,21.3,7.8,10.5,421.9,15.5,271.8,0.05,3.43,0.04
2017-11-30,20.6,7.7,10.8,457.5,10.2,283.0,0.07,0.58,0.04
2017-12-03,22.6,7.3,10.3,469.1,7.9,304.8,0.27,1.48,0.16
2017-12-06,21.2,7.6,10.8,431.6,2.0,264.3,0.06,1.05,0.03
2017-12-09,20.0,7.6,11.0,477.7,4.8,315.8,0.27,1.31,0.03
2017-12-12,20.6,7.3,11.0,536.9,3.1,358.5,0.18,0.74,0.04
2017-12-15,20.0,7.6,11.0,490.7,14.1,292.3,0.05,1.67,0.09
2017-12-18,20.9,7.7,10.2,455.4,3.0,296.3,0.11,3.71,0.07
2017-12-21,20.0,7.3,10.7,439.0,3.7,309.0,0.19,1.11,0.05
2017-12-24,20.0,7.4,11.0,444.1,5.6,291.5,0.14,1.24,0.19
2017-12-27,20.4,7.7,10.5,519.2,3.5,341.2,0.32,0.77,0.09
2017-12-30,20.7,7.5,11.0,427.8,3.2,303.0,0.25,2.72,0.02
2018-01-02,20.0,7.6,11.0,447.7,6.6,283.3,0.09,4.0,0.09
2018-01-05,20.0,7.6,11.0,441.8,2.5,286.3,0.06,2.04,0.02
2018-01-08,20.0,7.6,10.9,418.8,2.3,275.2,0.34,1.28,0.07
2018-01-11,20.0,7.3,11.0,383.3,4.3,267.8,0.12,3.64,0.03
2018-01-14,21.6,7.7,10.6,471.6,8.4,299.3,0.06,0.67,0.08
2018-01-17,20.6,7.7,10.7,425.2,6.0,274.2,0.22,1.15,0.04
2018-01-20,20.0,7.5,10.8,474.9,4.7,310.3,0.25,1.27,0.12
2018-01-23,21.3,7.5,10.6,424.9,6.2,274.7,0.15,1.18,0.04
2018-01-26,22.4,7.3,10.2,508.3,4.3,328.4,0.11,2.12,0.07
2018-01-29,21.7,7.6,10.6,419.1,15.8,269.7,0.16,1.61,0.04
2018-02-01,20.0,7.6,11.0,539.8,2.3,344.6,0.17,0.64,0.14
2018-02-04,20.9,7.5,10.8,375.7,7.6,233.2,0.27,0.93,0.1
2018-02-07,22.5,7.7,10.5,469.6,13.1,305.9,0.36,0.91,0.03
2018-02-10,21.2,7.4,11.0,483.1,10.1,303.4,0.12,1.33,0.17
2018-02-13,22.4,7.6,10.7,426.6,3.0,261.0,0.21,0.84,0.04
2018-02-16,22.9,7.3,9.8,484.3,3.8,317.3,0.38,0.62,0.07
2018-02-19,21.8,7.5,9.7,503.1,8.3,332.0,0.07,1.56,0.09
2018-02-22,22.8,7.5,10.5,336.6,2.4,208.7,0.05,2.4,0.02
2018-02-25,20.6,7.5,10.4,471.7,10.4,313.8,0.25,3.18,0.18
2018-02-28,22.7,7.4,10.2,330.2,8.3,206.9,0.07,4.0,0.04
2018-03-03,23.6,7.5,9.7,408.6,8.5,285.6,0.05,2.02,0.03
2018-03-06,23.2,7.6,9.6,523.1,2.5,345.5,0.07,0.65,0.12
2018-03-09,25.8,7.4,9.6,421.6,8.3,271.0,0.1,2.42,0.08
2018-03-12,23.7,7.3,10.2,371.1,50.4,234.4,0.07,1.01,0.02
2018-03-15,24.9,7.8,9.5,454.5,10.9,297.9,0.09,1.81,0.03
2018-03-18,25.7,7.7,8.7,548.3,2.2,361.0,0.42,1.26,0.08
2018-03-21,27.1,7.3,8.9,359.0,2.1,238.0,0.17,2.26,0.02
2018-03-24,25.2,7.6,9.7,394.3,4.3,248.9,0.17,1.05,0.14
2018-03-27,27.7,7.4,8.5,536.3,2.8,343.7,0.06,0.56,0.09
2018-03-30,27.1,7.5,9.1,514.5,6.1,331.7,0.18,1.31,0.04
2018-04-02,26.7,7.5,9.2,444.7,14.5,285.5,0.18,0.69,0.04
2018-04-05,28.3,7.5,9.0,387.0,4.5,233.1,0.16,3.87,0.06
2018-04-08,28.5,7.4,8.8,550.3,11.3,372.8,0.08,1.25,0.04
2018-04-11,28.2,7.4,8.5,547.0,2.0,355.8,0.1,1.31,0.1
2018-04-14,29.1,7.4,8.9,475.1,2.9,300.4,0.24,2.88,0.2
2018-04-17,29.1,7.4,8.5,417.1,2.2,293.9,0.16,1.48,0.06
2018-04-20,29.9,7.5,8.4,451.1,4.0,301.7,0.18,0.86,0.05
2018-04-23,30.7,7.4,7.9,454.6,101.4,293.9,0.14,0.85,0.03
2018-04-26,31.8,7.6,7.7,459.9,2.5,305.4,0.11,1.2,0.07
2018-04-29,29.9,7.7,8.1,515.2,6.7,345.1,0.19,2.51,0.08
2018-05-02,32.9,7.4,7.5,504.9,5.0,327.4,0.06,2.08,0.08
2018-05-05,30.0,7.5,8.8,400.4,15.9,252.3,0.16,3.79,0.02
2018-05-08,31.8,7.6,7.5,503.4,2.7,320.0,0.5,0.57,0.13
2018-05-11,32.7,7.6,7.1,460.3,3.2,305.1,0.2,0.81,0.04
2018-05-14,32.7,7.5,8.1,488.2,2.1,318.4,0.08,0.58,0.09
2018-05-17,32.3,7.6,7.7,531.7,4.8,324.7,0.08,1.89,0.09
2018-05-20,32.9,7.6,7.4,387.6,3.6,244.0,0.16,0.65,0.07
2018-05-23,32.9,7.3,7.9,419.1,12.2,290.3,0.28,0.61,0.05
2018-05-26,33.1,7.6,7.3,428.7,6.6,270.2,0.14,1.32,0.07
2018-05-29,34.4,7.6,7.7,359.4,6.8,222.7,0.12,1.03,0.02
2018-06-01,34.2,7.4,7.4,447.2,5.8,288.9,0.07,1.76,0.09
2018-06-04,33.6,7.5,7.2,547.3,2.5,335.3,0.18,1.17,0.03
2018-06-07,35.0,7.6,7.6,366.1,4.9,217.6,0.17,1.05,0.05
2018-06-10,34.7,7.5,7.0,449.7,40.1,279.7,0.39,1.05,0.03
2018-06-13,35.0,7.7,7.2,479.8,11.0,306.0,0.09,2.55,0.11
2018-06-16,35.0,7.9,7.1,470.0,13.2,305.9,0.19,1.0,0.06
2018-06-19,34.1,7.4,7.6,450.7,10.7,281.8,0.11,0.91,0.08
2018-06-22,34.4,7.3,7.6,401.2,2.5,253.7,0.13,0.91,0.08
2018-06-25,35.0,7.5,7.0,447.7,3.3,300.2,0.22,0.72,0.11
2018-06-28,35.0,7.6,7.0,411.8,2.0,263.4,0.08,2.47,0.03
2018-07-01,35.0,7.5,7.1,324.3,3.8,217.1,0.09,0.66,0.07
2018-07-04,35.0,7.7,7.0,507.4,2.6,336.1,0.2,2.89,0.06
2018-07-07,35.0,7.3,7.6,495.4,5.2,323.4,0.13,0.83,0.02
2018-07-10,34.5,7.6,7.2,458.8,7.7,314.0,0.06,2.8,0.03
2018-07-13,35.0,7.4,7.0,461.9,12.4,298.2,0.11,2.06,0.04
2018-07-16,34.6,7.8,7.2,509.9,8.9,329.5,0.14,1.37,0.02
2018-07-19,34.5,7.8,7.0,468.3,16.0,300.1,0.29,1.61,0.04
2018-07-22,35.0,7.4,7.0,516.8,2.3,325.6,0.07,0.89,0.02
2018-07-25,35.0,7.4,7.4,432.0,2.1,280.1,0.21,1.35,0.06
2018-07-28,34.9,7.6,7.0,506.2,7.4,312.0,0.06,0.85,0.03
2018-07-31,35.0,7.4,7.0,468.5,3.7,290.2,0.08,1.01,0.04
2018-08-03,33.9,7.5,7.4,451.7,3.5,293.2,0.08,1.95,0.14
2018-08-06,34.2,7.5,7.6,401.3,4.0,252.0,0.26,0.78,0.05
2018-08-09,33.2,7.2,7.7,461.5,3.6,302.4,0.07,2.33,0.04
2018-08-12,33.5,7.5,7.7,402.7,5.6,263.6,0.2,0.97,0.07
2018-08-15,32.9,7.4,7.3,413.4,4.9,254.7,0.11,1.26,0.03
2018-08-18,32.8,7.4,7.2,416.4,5.6,274.9,0.5,3.35,0.02
2018-08-21,32.9,7.7,8.0,395.1,129.9,238.2,0.23,1.64,0.02
2018-08-24,31.5,7.3,7.8,549.8,4.4,369.8,0.18,1.54,0.17
2018-08-27,33.5,7.6,7.3,533.2,3.4,330.8,0.25,1.74,0.08
2018-08-30,30.7,7.5,8.6,537.5,2.9,344.1,0.15,3.0,0.1
2018-09-02,30.2,7.5,8.5,389.2,4.1,242.0,0.24,0.79,0.22
2018-09-05,31.7,7.6,8.0,460.1,8.8,313.7,0.08,1.45,0.15
2018-09-08,31.1,7.6,8.7,369.0,75.0,233.2,0.06,1.01,0.09
2018-09-11,30.6,7.6,8.0,420.0,7.5,280.9,0.15,0.51,0.08
2018-09-14,30.2,7.6,8.6,393.5,3.3,264.7,0.11,0.63,0.04
2018-09-17,29.3,7.5,8.5,520.2,6.4,338.9,0.11,0.89,0.03
2018-09-20,28.2,7.4,8.9,420.6,6.2,280.1,0.12,1.33,0.06
2018-09-23,28.6,7.3,9.2,510.3,5.3,334.4,0.09,2.63,0.06
2018-09-26,27.7,7.4,9.1,491.3,6.0,300.6,0.15,2.07,0.17
2018-09-29,28.6,7.9,8.9,573.8,5.4,368.6,0.05,1.31,0.05
2018-10-02,27.3,7.7,9.4,378.5,6.2,239.9,0.4,0.58,0.08
2018-10-05,26.4,7.3,9.2,510.6,8.3,338.5,0.31,0.84,0.06
2018-10-08,26.4,7.3,9.0,501.6,2.6,316.6,0.32,0.96,0.03
2018-10-11,26.6,7.6,8.9,416.0,8.9,272.2,0.1,1.47,0.06
2018-10-14,25.4,7.6,9.0,493.4,2.7,313.1,0.13,0.57,0.06
2018-10-17,24.9,7.6,10.3,456.4,2.3,314.7,0.36,1.26,0.05
2018-10-20,25.3,7.5,9.2,445.3,20.7,286.5,0.28,2.82,0.06
2018-10-23,25.0,7.5,9.6,400.8,17.7,263.0,0.21,1.72,0.03
2018-10-26,24.0,7.5,9.8,404.5,2.3,260.7,0.1,2.09,0.05
2018-10-29,23.7,7.5,10.1,538.1,4.9,348.9,0.13,1.64,0.07
2018-11-01,23.9,7.2,10.2,445.2,3.0,287.0,0.21,0.73,0.05
2018-11-04,22.2,7.5,10.7,488.3,5.3,331.5,0.08,0.62,0.05
2018-11-07,22.0,7.4,10.3,412.9,10.9,266.7,0.15,2.27,0.02
2018-11-10,22.2,7.5,10.4,420.5,17.0,273.5,0.23,1.69,0.03
2018-11-13,22.3,7.9,10.5,509.4,7.0,343.4,0.17,1.36,0.04
2018-11-16,22.5,7.6,10.3,380.6,4.2,243.5,0.12,0.71,0.05
2018-11-19,23.1,7.5,10.7,427.3,6.6,267.8,0.14,1.42,0.07
2018-11-22,22.4,7.6,10.5,456.8,3.9,298.5,0.5,0.53,0.12
2018-11-25,21.3,7.6,10.9,468.3,14.0,317.4,0.14,0.63,0.03
2018-11-28,21.2,7.6,10.9,442.3,12.2,288.3,0.2,0.87,0.02
2018-12-01,20.2,7.6,11.0,465.1,6.1,311.1,0.18,1.09,0.05
2018-12-04,20.8,7.8,10.8,474.7,4.0,300.8,0.17,0.63,0.05
2018-12-07,20.4,7.3,10.5,472.3,3.7,323.1,0.18,0.63,0.06
2018-12-10,20.8,7.6,10.9,407.4,2.2,243.8,0.11,1.79,0.11
2018-12-13,20.0,7.4,10.8,441.6,10.5,283.4,0.11,1.34,0.1
2018-12-16,20.7,7.6,10.7,515.5,5.0,321.1,0.11,1.26,0.03
2018-12-19,21.4,7.4,10.8,493.4,4.0,292.3,0.05,1.1,0.16
2018-12-22,20.0,7.4,11.0,395.4,5.2,257.9,0.08,4.0,0.03
2018-12-25,20.4,7.5,10.9,462.7,10.5,293.9,0.07,0.55,0.07
2018-12-28,20.6,7.6,10.9,360.6,2.7,233.3,0.27,0.7,0.08
2018-12-31,20.0,7.6,11.0,452.0,11.7,292.6,0.08,1.54,0.08
2019-01-03,20.2,7.3,11.0,538.8,13.4,380.0,0.06,0.65,0.04
2019-01-06,20.0,7.5,11.0,408.5,16.7,262.5,0.06,1.39,0.04
2019-01-09,20.2,7.4,11.0,412.4,4.5,273.2,0.17,1.34,0.06
2019-01-12,20.0,7.3,10.5,491.8,3.2,309.2,0.05,4.0,0.03
2019-01-15,20.2,7.5,11.0,373.7,4.3,237.7,0.11,2.65,0.02
2019-01-18,20.7,7.5,10.9,418.0,4.0,278.7,0.06,3.41,0.06
2019-01-21,21.6,7.9,11.0,503.7,3.0,320.1,0.24,0.62,0.05
2019-01-24,21.4,7.6,10.8,430.1,6.7,294.7,0.37,2.53,0.07
2019-01-27,22.5,7.3,10.3,445.4,5.2,305.1,0.37,0.64,0.03
2019-01-30,20.3,7.4,10.5,488.3,12.0,336.4,0.11,1.5,0.11
2019-02-02,21.8,7.7,10.5,481.1,2.2,284.4,0.15,1.77,0.03
2019-02-05,21.5,7.8,10.3,468.5,7.2,303.4,0.14,0.68,0.13
2019-02-08,23.3,7.3,9.9,433.3,9.2,301.5,0.09,1.5,0.05
2019-02-11,21.2,7.2,10.9,465.5,9.1,297.7,0.11,0.55,0.06
2019-02-14,21.4,7.8,11.0,443.0,12.9,294.1,0.06,0.85,0.13
2019-02-17,21.9,7.6,10.6,441.2,8.5,293.9,0.21,3.04,0.04
2019-02-20,20.9,7.4,10.4,427.3,15.1,279.4,0.08,0.69,0.03
2019-02-23,22.5,7.6,10.5,436.0,4.0,268.7,0.11,0.57,0.05
2019-02-26,22.6,7.1,10.7,416.4,5.5,255.1,0.12,1.09,0.03
2019-03-01,23.7,7.5,9.8,448.4,2.1,297.9,0.13,2.4,0.06
2019-03-04,24.2,7.5,9.8,397.6,2.0,254.0,0.22,0.58,0.04
2019-03-07,25.7,7.6,9.5,393.8,3.4,255.0,0.17,0.94,0.12
2019-03-10,25.4,7.3,9.3,452.5,2.5,281.0,0.16,2.8,0.07
2019-03-13,24.5,7.5,10.0,465.4,3.5,301.5,0.12,0.63,0.02
2019-03-16,24.6,7.4,9.7,492.1,3.0,314.3,0.06,0.87,0.1
2019-03-19,26.1,7.5,9.5,438.0,2.1,285.3,0.1,2.01,0.04
2019-03-22,25.0,7.4,9.4,462.5,14.0,286.0,0.37,1.28,0.04
2019-03-25,27.9,7.4,8.8,477.9,2.0,317.6,0.5,2.29,0.04
2019-03-28,27.8,7.4,9.1,458.6,8.7,282.1,0.18,0.62,0.07
2019-03-31,26.9,7.6,9.1,415.7,2.8,263.0,0.08,3.03,0.05
2019-04-03,26.3,7.6,9.9,462.7,14.2,296.3,0.06,3.23,0.07
2019-04-06,29.1,7.5,8.5,473.2,13.2,313.7,0.1,0.67,0.03
2019-04-09,28.3,7.5,8.9,450.4,7.3,299.5,0.24,0.53,0.2
2019-04-12,29.8,7.3,8.7,349.8,7.6,230.5,0.18,4.0,0.09
2019-04-15,27.9,7.5,8.5,474.1,2.0,300.5,0.27,1.16,0.03
2019-04-18,29.1,7.5,8.1,557.8,23.0,374.0,0.15,1.35,0.08
2019-04-21,29.9,7.9,7.9,433.4,12.5,280.9,0.06,1.46,0.06
2019-04-24,30.3,7.3,8.6,402.7,13.3,268.2,0.06,2.06,0.03
2019-04-27,30.3,7.7,8.1,460.0,7.4,302.0,0.05,2.17,0.03
2019-04-30,31.5,7.6,8.7,466.6,4.1,296.2,0.13,0.72,0.02
2019-05-03,30.5,7.5,8.0,520.7,13.2,320.8,0.08,0.77,0.1
2019-05-06,31.5,7.8,8.0,384.5,3.7,257.5,0.18,2.59,0.06
2019-05-09,32.0,7.6,8.2,484.2,6.1,292.7,0.17,2.21,0.04
2019-05-12,32.7,7.6,8.2,475.5,2.5,296.8,0.09,1.46,0.03
2019-05-15,33.1,7.5,8.1,437.5,14.8,287.6,0.07,4.0,0.05
2019-05-18,31.9,7.7,8.2,469.9,2.8,288.5,0.06,1.83,0.06
2019-05-21,31.9,7.7,8.1,486.5,3.3,301.4,0.18,0.74,0.08
2019-05-24,34.4,7.4,7.3,506.4,6.1,302.3,0.11,2.37,0.2
2019-05-27,33.8,7.3,7.5,386.2,9.2,252.7,0.09,1.04,0.05
2019-05-30,33.2,7.5,7.3,498.2,6.8,322.7,0.24,0.54,0.05
2019-06-02,35.0,7.4,7.0,434.1,3.3,308.8,0.14,0.89,0.04
2019-06-05,34.3,7.5,7.2,460.3,2.0,290.0,0.12,1.94,0.11
2019-06-08,35.0,7.7,7.0,460.4,9.1,295.2,0.19,3.72,0.03
2019-06-11,34.6,7.4,7.0,446.3,23.1,287.5,0.22,0.82,0.04
2019-06-14,35.0,7.5,7.2,499.6,10.3,334.4,0.17,0.78,0.08
2019-06-17,35.0,7.5,7.3,448.3,5.1,284.9,0.11,1.33,0.02
2019-06-20,34.6,7.6,7.1,382.2,13.7,251.0,0.1,2.17,0.04
2019-06-23,35.0,7.2,7.4,427.8,4.6,263.2,0.2,1.87,0.07
2019-06-26,35.0,7.4,7.0,469.2,5.7,289.9,0.12,1.32,0.03
2019-06-29,35.0,7.5,7.0,519.4,5.2,323.8,0.17,1.5,0.04
2019-07-02,34.2,7.7,7.0,480.3,5.0,297.3,0.27,0.78,0.05
2019-07-05,35.0,7.4,7.0,397.7,9.5,259.2,0.3,1.07,0.05
2019-07-08,35.0,7.2,7.0,580.7,5.7,365.0,0.08,0.79,0.03
2019-07-11,33.5,7.6,7.4,463.4,117.6,300.8,0.07,2.66,0.16
2019-07-14,33.9,7.4,7.7,490.6,3.5,321.9,0.08,0.62,0.02
2019-07-17,33.1,7.3,7.7,450.2,2.2,308.2,0.19,1.64,0.09
2019-07-20,34.4,7.4,7.0,476.4,6.4,304.6,0.1,0.8,0.02
2019-07-23,35.0,7.5,7.6,504.0,3.3,313.0,0.07,1.15,0.05
2019-07-26,35.0,7.4,7.4,500.0,2.8,312.6,0.06,0.86,0.03
2019-07-29,34.3,7.2,7.4,471.1,7.3,306.4,0.09,0.89,0.03
2019-08-01,35.0,7.6,7.0,496.4,7.7,308.8,0.06,0.8,0.03
2019-08-04,32.7,7.7,7.3,437.2,9.0,274.7,0.07,1.9,0.05
2019-08-07,32.3,7.6,7.6,404.5,5.5,252.7,0.17,0.96,0.06
2019-08-10,33.4,7.3,7.8,456.8,13.2,284.6,0.05,1.8,0.03
2019-08-13,33.5,7.5,8.0,524.2,15.8,334.5,0.06,1.11,0.21
2019-08-16,32.9,7.5,8.0,435.8,10.2,294.1,0.24,1.29,0.03
2019-08-19,31.0,7.6,7.9,510.6,7.0,348.9,0.24,1.28,0.05
2019-08-22,32.3,7.6,7.4,516.1,3.8,326.6,0.09,4.0,0.03
2019-08-25,31.0,7.4,8.1,383.3,22.4,264.5,0.06,0.96,0.05
2019-08-28,32.3,7.5,7.2,406.5,3.6,257.4,0.17,0.73,0.09
2019-08-31,31.7,7.6,8.0,440.3,3.1,274.5,0.09,2.93,0.06
2019-09-03,30.3,7.7,8.2,461.4,4.9,301.7,0.05,0.69,0.04
2019-09-06,30.3,7.6,8.1,422.6,2.3,268.8,0.07,2.3,0.03
2019-09-09,29.5,7.6,8.0,520.3,21.2,344.2,0.06,0.66,0.09
2019-09-12,29.9,7.5,8.5,469.7,6.4,279.8,0.14,1.58,0.03
2019-09-15,30.4,7.7,8.1,439.3,6.1,297.4,0.28,0.66,0.04
2019-09-18,28.5,7.6,8.4,383.1,7.3,253.9,0.21,3.07,0.03
2019-09-21,29.3,7.4,7.7,364.7,5.4,230.3,0.13,1.33,0.03
2019-09-24,28.1,7.7,8.8,443.5,2.2,269.9,0.1,0.9,0.03
2019-09-27,27.5,7.6,9.5,350.8,6.7,239.5,0.15,0.65,0.13
2019-09-30,27.6,7.4,9.5,505.7,8.3,330.8,0.11,0.96,0.09
2019-10-03,26.5,7.4,9.1,441.5,4.7,285.4,0.08,1.72,0.06
2019-10-06,26.5,7.5,9.1,598.2,9.1,368.5,0.16,0.99,0.03
2019-10-09,25.6,7.6,9.6,558.3,3.3,359.1,0.26,0.78,0.06
2019-10-12,27.7,7.5,8.6,438.3,3.3,284.5,0.1,1.36,0.06
2019-10-15,25.8,7.5,9.5,428.7,2.9,289.8,0.23,1.04,0.06
2019-10-18,24.9,7.8,9.9,492.4,4.3,314.1,0.11,0.68,0.02
2019-10-21,25.2,7.7,10.0,541.7,11.4,325.9,0.1,0.67,0.2
2019-10-24,24.6,7.5,9.7,382.4,10.8,245.4,0.05,1.73,0.05
2019-10-27,24.2,7.6,9.8,356.5,4.4,245.4,0.17,4.0,0.15
2019-10-30,24.5,7.3,9.5,426.5,6.4,262.4,0.21,0.77,0.02
2019-11-02,24.3,7.6,9.6,460.0,8.4,305.6,0.16,1.98,0.03
2019-11-05,22.9,7.8,10.2,481.4,3.4,307.0,0.07,0.59,0.03
2019-11-08,22.5,7.5,10.4,495.4,2.9,330.1,0.06,0.98,0.09
2019-11-11,22.5,7.4,10.6,393.1,19.9,247.9,0.14,1.21,0.04
2019-11-14,20.6,7.4,10.6,331.7,6.8,209.3,0.1,0.81,0.11
2019-11-17,20.9,7.3,11.0,506.1,21.9,327.3,0.11,1.25,0.11
2019-11-20,23.0,7.4,10.1,399.8,144.9,268.1,0.39,2.64,0.08
2019-11-23,22.9,7.4,10.2,355.4,8.1,227.6,0.18,3.39,0.07
2019-11-26,21.2,7.3,10.5,454.5,3.3,296.7,0.1,0.61,0.08
2019-11-29,21.6,7.5,9.8,488.1,3.5,320.3,0.05,0.82,0.08
2019-12-02,21.2,7.6,10.9,442.1,5.6,267.1,0.05,4.0,0.04
2019-12-05,23.3,7.4,10.4,418.7,3.9,283.0,0.17,0.82,0.08
2019-12-08,21.5,7.7,10.5,441.9,2.9,277.8,0.23,1.68,0.13
2019-12-11,20.4,7.6,10.9,430.8,3.5,288.3,0.17,0.79,0.04
2019-12-14,20.0,7.7,11.0,385.0,2.2,247.0,0.1,0.94,0.16
2019-12-17,20.0,7.4,10.5,415.1,8.1,280.2,0.05,0.71,0.02
2019-12-20,20.3,7.6,10.8,484.0,5.4,320.6,0.39,2.44,0.04
2019-12-23,20.0,7.3,11.0,475.3,2.5,310.7,0.48,2.64,0.03
2019-12-26,20.0,7.6,10.6,447.9,2.9,274.2,0.13,0.85,0.03
2019-12-29,20.0,7.5,11.0,408.9,2.5,275.9,0.06,2.23,0.1
2020-01-01,20.0,7.6,10.6,429.1,6.7,261.6,0.13,0.94,0.15
2020-01-04,21.4,7.3,10.8,347.0,2.5,233.6,0.27,0.6,0.1
2020-01-07,20.7,7.4,10.8,465.1,9.0,296.0,0.16,1.92,0.21
2020-01-10,20.1,7.6,10.5,502.3,2.1,347.1,0.18,1.41,0.03
2020-01-13,21.3,7.4,11.0,377.2,3.4,253.2,0.06,0.82,0.03
2020-01-16,20.3,7.6,10.7,416.0,13.1,282.5,0.06,0.79,0.06
2020-01-19,20.0,7.3,10.8,458.9,118.9,306.2,0.06,4.0,0.11
2020-01-22,21.7,7.6,10.6,526.2,2.4,325.0,0.28,2.48,0.02
2020-01-25,21.1,7.3,11.0,421.1,10.6,266.6,0.12,2.16,0.29
2020-01-28,20.0,7.6,10.7,407.3,5.4,274.6,0.21,0.64,0.07
2020-01-31,20.8,7.6,10.8,352.3,11.4,233.8,0.06,1.91,0.21
2020-02-03,20.5,7.4,11.0,462.0,6.6,309.7,0.31,0.74,0.04
2020-02-06,20.3,7.6,11.0,550.7,7.7,364.4,0.22,4.0,0.05
2020-02-09,22.4,7.5,10.4,475.5,27.2,299.7,0.08,0.55,0.09
2020-02-12,23.4,7.4,10.0,454.2,3.3,283.7,0.26,0.93,0.1
2020-02-15,21.0,7.3,10.5,444.3,6.9,296.2,0.08,1.06,0.03
2020-02-18,22.9,7.2,10.3,444.2,5.1,268.4,0.07,2.24,0.15
2020-02-21,22.2,7.6,10.1,403.7,2.2,286.2,0.08,1.95,0.12
2020-02-24,22.6,7.3,9.4,496.0,2.1,318.6,0.29,0.97,0.02
2020-02-27,22.9,7.5,10.4,435.0,2.6,290.7,0.3,1.33,0.03
2020-03-01,23.0,7.5,10.5,476.4,7.2,294.7,0.09,2.31,0.05
2020-03-04,24.0,7.6,9.2,406.5,6.2,280.1,0.17,0.52,0.05
2020-03-07,23.7,7.5,9.7,516.7,6.0,360.9,0.16,2.12,0.08
2020-03-10,24.9,7.5,9.9,495.1,2.2,310.3,0.21,3.44,0.02
2020-03-13,25.0,7.6,10.3,445.8,5.2,291.0,0.09,0.53,0.07
2020-03-16,25.2,7.6,9.6,508.8,14.9,324.9,0.12,0.55,0.07
2020-03-19,25.1,7.5,9.4,434.6,4.5,270.7,0.16,0.92,0.03
2020-03-22,25.7,7.6,9.4,412.2,6.9,265.2,0.05,0.59,0.06
2020-03-25,27.2,7.3,9.5,410.6,9.6,271.1,0.1,1.15,0.03
2020-03-28,27.3,7.6,8.8,356.7,9.7,230.1,0.17,1.8,0.03
2020-03-31,26.5,7.6,9.0,465.3,5.7,308.4,0.08,1.34,0.06
2020-04-03,27.8,7.3,8.8,351.6,11.8,224.8,0.37,0.72,0.21
2020-04-06,28.7,7.5,8.4,375.1,4.5,238.7,0.05,1.56,0.03
2020-04-09,27.2,7.5,9.1,345.5,13.0,217.6,0.37,1.65,0.04
2020-04-12,29.3,7.5,9.0,428.8,3.4,274.3,0.07,3.19,0.03
2020-04-15,28.7,7.6,8.8,444.4,3.6,271.1,0.06,0.66,0.04
2020-04-18,30.1,7.7,8.2,433.3,2.3,284.7,0.08,1.68,0.05
2020-04-21,29.4,7.7,8.4,399.3,9.9,267.6,0.2,2.92,0.08
2020-04-24,28.9,7.3,8.2,386.2,4.7,255.6,0.19,1.2,0.02
2020-04-27,29.4,7.6,8.8,504.0,3.3,328.7,0.07,0.95,0.18
2020-05-03,31.6,7.6,7.9,453.4,13.6,294.6,0.15,2.52,0.13
2020-05-06,31.0,7.7,9.0,408.1,11.0,279.2,0.11,1.0,0.13
2020-05-09,32.5,7.8,7.7,453.0,6.0,287.1,0.21,3.09,0.06
2020-05-12,31.0,7.7,7.8,505.0,6.8,349.1,0.05,2.38,0.03
2020-05-15,32.6,7.5,7.5,465.9,5.2,296.8,0.14,0.97,0.06
2020-05-18,31.9,7.7,8.2,433.7,4.5,264.2,0.18,1.35,0.07
2020-05-21,32.6,7.5,7.7,456.0,14.4,313.7,0.5,0.53,0.12
2020-05-24,33.4,7.5,7.0,447.6,2.7,294.1,0.16,0.81,0.06
2020-05-27,32.9,7.4,7.8,460.3,4.7,312.3,0.08,1.74,0.05
2020-05-30,33.5,7.7,7.2,447.5,4.1,303.4,0.06,1.63,0.11
2020-06-02,34.9,7.4,7.6,433.3,5.4,285.3,0.15,0.94,0.22
2020-06-05,33.8,7.7,7.7,465.4,5.1,288.3,0.12,2.15,0.07
2020-06-08,35.0,7.6,7.0,406.7,5.7,270.9,0.28,0.77,0.12
2020-06-11,33.6,7.3,7.7,394.5,2.8,256.3,0.18,1.12,0.07
2020-06-14,35.0,7.6,7.0,372.9,5.6,257.2,0.12,1.14,0.08
2020-06-17,35.0,7.2,7.3,386.1,3.4,237.8,0.1,0.92,0.08
2020-06-20,32.9,7.6,7.7,391.4,3.0,265.6,0.1,3.59,0.08
2020-06-23,34.3,7.6,7.0,464.3,60.9,298.9,0.08,1.69,0.04
2020-06-26,35.0,7.4,7.0,397.1,9.2,267.7,0.05,1.27,0.06
2020-06-29,34.8,7.5,7.4,463.5,4.8,307.6,0.14,1.21,0.07
2020-07-02,35.0,7.8,7.0,446.0,6.9,293.2,0.07,0.67,0.04
2020-07-05,34.5,7.4,7.0,350.3,8.5,226.4,0.07,0.97,0.04
2020-07-08,35.0,7.3,7.0,472.1,7.7,295.5,0.06,1.62,0.09
2020-07-11,34.8,7.7,7.2,490.4,5.2,333.7,0.07,3.08,0.06
2020-07-14,35.0,7.8,7.6,383.4,4.5,272.5,0.05,2.2,0.03
2020-07-17,34.9,7.5,7.0,459.8,4.4,292.1,0.16,0.86,0.11
2020-07-20,34.9,7.7,7.0,413.9,7.1,288.2,0.1,1.07,0.13
2020-07-23,34.2,7.7,7.6,460.9,5.4,289.7,0.13,0.59,0.05
2020-07-26,34.0,7.4,7.3,382.9,11.5,235.9,0.15,0.61,0.03
2020-07-29,33.8,7.4,7.4,350.2,12.4,233.8,0.41,1.14,0.17
2020-08-01,34.3,7.7,7.0,420.6,2.9,280.7,0.06,1.26,0.13
2020-08-04,33.5,7.8,7.5,440.1,2.7,288.9,0.1,0.81,0.03
2020-08-07,33.8,7.6,7.3,436.6,7.0,292.5,0.08,1.53,0.03
2020-08-10,35.0,7.4,7.3,400.1,3.8,272.8,0.11,1.72,0.05
2020-08-13,33.8,7.8,7.7,425.0,2.1,270.6,0.3,0.86,0.08
2020-08-16,32.6,7.4,8.4,451.9,13.0,297.7,0.18,1.92,0.03
2020-08-19,33.5,7.4,7.6,450.4,3.3,302.3,0.16,0.73,0.06
2020-08-22,31.9,7.6,7.9,450.9,15.2,300.8,0.11,1.29,0.05
2020-08-25,30.3,7.7,8.3,411.3,8.3,272.9,0.16,2.13,0.13
2020-08-28,30.8,7.6,8.0,521.8,9.2,323.2,0.05,1.27,0.05
2020-08-31,29.8,7.6,8.5,399.5,3.1,261.8,0.14,2.89,0.06
2020-09-03,30.7,7.6,8.1,476.0,3.3,287.7,0.13,0.56,0.18
2020-09-06,30.6,7.5,8.2,496.4,5.7,312.3,0.09,1.39,0.04
2020-09-09,31.6,7.6,8.3,476.2,2.9,294.1,0.07,1.32,0.04
2020-09-12,30.2,7.1,8.0,450.5,3.8,284.6,0.21,1.58,0.1
2020-09-15,29.4,7.5,8.8,419.8,3.9,272.6,0.06,2.29,0.04
2020-09-18,29.8,7.5,8.8,515.3,2.9,330.4,0.06,1.79,0.11
2020-09-21,27.0,7.3,9.1,391.8,3.1,269.6,0.11,2.06,0.03
2020-09-24,28.6,7.6,8.1,418.1,9.8,261.8,0.08,0.84,0.03
2020-09-27,28.6,7.5,8.5,433.2,2.9,273.8,0.19,0.99,0.14
2020-09-30,26.4,7.8,9.7,517.8,2.1,351.7,0.15,1.49,0.06
2020-10-03,28.1,7.7,8.8,483.1,7.0,297.4,0.2,1.31,0.08
2020-10-06,27.1,7.4,8.8,406.1,20.6,277.0,0.09,3.75,0.03
2020-10-09,26.1,7.5,9.2,429.5,4.0,282.7,0.18,0.71,0.03
2020-10-12,26.6,7.5,9.5,414.8,2.6,266.9,0.25,0.93,0.11
2020-10-15,27.5,7.4,9.2,416.9,6.2,273.1,0.09,1.35,0.04
2020-10-18,25.5,7.5,9.5,486.0,13.8,319.5,0.09,2.52,0.05
2020-10-21,25.2,7.4,9.5,380.0,9.7,239.8,0.28,3.15,0.02
2020-10-24,24.2,7.3,9.8,541.4,6.9,376.0,0.06,0.91,0.04
2020-10-27,23.6,7.6,9.8,469.5,3.9,305.5,0.09,0.57,0.09
2020-10-30,24.6,7.6,10.3,519.9,5.9,339.6,0.06,1.05,0.11
2020-11-02,22.9,7.4,10.1,438.1,2.5,291.3,0.05,1.0,0.08
2020-11-05,23.3,7.6,10.5,437.9,7.7,277.1,0.06,4.0,0.08
2020-11-08,22.6,7.4,10.8,383.8,8.5,251.8,0.11,1.06,0.06
2020-11-11,23.0,7.5,10.5,423.8,18.8,284.8,0.17,0.86,0.06
2020-11-14,22.6,7.6,10.2,487.0,3.5,315.6,0.08,0.95,0.09
2020-11-17,22.9,7.5,10.3,524.6,2.1,332.8,0.24,1.01,0.03
2020-11-20,21.4,7.6,10.6,380.6,5.9,249.1,0.11,2.22,0.03
2020-11-23,21.3,7.4,10.4,437.6,100.3,300.4,0.39,0.58,0.17
2020-11-26,20.6,7.5,10.9,440.4,9.8,268.2,0.36,0.88,0.02
2020-11-29,20.8,7.5,10.4,381.0,3.1,238.0,0.2,3.89,0.03
2020-12-02,21.2,7.4,11.0,472.3,3.5,299.3,0.32,0.67,0.06
2020-12-05,21.4,7.5,10.5,431.3,84.8,275.0,0.17,1.86,0.09
2020-12-08,20.0,7.3,11.0,450.6,4.0,287.3,0.28,0.94,0.06
2020-12-11,21.1,7.4,10.8,420.0,11.8,273.0,0.08,1.37,0.04
2020-12-14,21.4,7.5,10.5,397.2,5.2,254.5,0.09,0.6,0.21
2020-12-17,20.6,7.5,11.0,445.8,10.0,274.9,0.19,0.87,0.08
2020-12-20,21.6,7.5,10.4,443.6,6.3,284.7,0.11,1.19,0.11
2020-12-23,20.0,7.5,11.0,433.8,9.4,287.1,0.23,0.76,0.02
2020-12-26,20.0,7.6,10.6,426.1,4.0,262.3,0.26,1.28,0.03
2020-12-29,20.0,7.6,11.0,473.9,10.9,322.5,0.09,0.75,0.04
2021-01-01,21.2,7.4,11.0,542.4,3.6,351.7,0.22,1.55,0.03
2021-01-04,20.5,7.3,10.6,460.3,5.9,308.1,0.07,2.85,0.02
2021-01-07,20.0,7.3,10.8,485.9,3.2,330.8,0.09,0.59,0.03
2021-01-10,20.3,7.4,11.0,378.5,5.2,263.7,0.12,0.74,0.06
2021-01-13,20.0,7.4,11.0,468.5,3.9,307.7,0.08,2.36,0.08
2021-01-16,22.2,7.4,10.5,394.6,3.6,257.0,0.14,1.5,0.09
2021-01-19,20.5,7.3,11.0,381.2,19.1,243.7,0.14,0.58,0.02
2021-01-22,20.6,7.4,11.0,409.8,2.9,269.4,0.07,1.17,0.05
2021-01-25,21.3,7.5,11.0,499.3,9.7,340.3,0.21,0.74,0.03
2021-01-28,21.2,7.6,10.8,496.3,22.7,307.3,0.15,0.72,0.05
2021-01-31,21.2,7.4,10.6,465.2,2.1,297.0,0.09,3.32,0.05
2021-02-03,20.6,7.4,11.0,366.8,8.0,245.3,0.08,1.93,0.05
2021-02-06,21.8,7.4,11.0,437.8,3.5,290.5,0.26,1.69,0.13
2021-02-09,23.2,7.5,10.1,455.7,2.2,290.2,0.23,0.77,0.1
2021-02-12,23.0,7.4,9.9,470.0,4.6,320.3,0.08,0.63,0.07
2021-02-15,23.5,7.6,10.4,354.9,15.7,217.0,0.05,2.55,0.13
2021-02-18,22.1,7.2,10.4,420.0,2.1,287.6,0.21,0.51,0.08
2021-02-21,22.0,7.4,9.8,462.1,6.4,301.2,0.15,0.99,0.11
2021-02-24,23.0,7.5,10.5,476.0,5.5,310.8,0.06,0.83,0.06
2021-02-27,23.5,7.5,9.9,330.1,12.3,233.6,0.14,1.34,0.06
2021-03-02,24.6,7.9,9.7,421.0,2.4,281.1,0.11,0.79,0.08
2021-03-05,22.7,7.6,10.4,442.4,82.4,291.0,0.2,0.87,0.02
2021-03-08,25.6,7.3,9.6,478.7,7.7,304.8,0.07,2.4,0.08
2021-03-11,24.7,7.5,10.0,498.4,7.5,327.2,0.11,1.42,0.16
2021-03-14,24.8,7.2,9.6,480.3,16.3,331.4,0.07,0.66,0.08
2021-03-17,24.7,7.5,9.9,413.9,10.7,274.0,0.37,1.8,0.02
2021-03-20,24.6,7.4,9.7,332.4,2.2,217.9,0.2,0.73,0.04
2021-03-23,26.9,7.6,9.4,418.4,5.2,260.6,0.18,1.07,0.1
2021-03-26,26.7,7.4,9.4,509.0,4.5,345.3,0.17,1.54,0.18
2021-03-29,26.0,7.5,9.1,522.5,3.9,346.8,0.11,0.82,0.04
2021-04-01,26.4,7.4,9.6,484.1,5.0,299.5,0.31,0.98,0.11
2021-04-04,27.5,7.8,8.8,477.1,4.4,321.5,0.06,1.82,0.12
2021-04-07,29.5,7.5,8.7,485.3,4.8,297.0,0.21,3.28,0.03
2021-04-10,28.4,7.8,8.9,420.0,21.4,270.3,0.07,1.25,0.11
2021-04-13,27.8,7.6,9.5,444.2,2.5,290.7,0.09,0.51,0.04
2021-04-16,29.1,7.6,8.5,535.4,14.8,367.6,0.12,0.91,0.06
2021-04-19,29.5,7.6,8.4,426.8,5.3,270.5,0.2,1.01,0.06
2021-04-22,27.9,7.6,8.9,509.7,6.9,321.0,0.23,0.91,0.07
2021-04-25,30.4,7.2,8.1,440.7,10.9,271.9,0.14,1.07,0.09
2021-04-28,30.6,7.5,8.4,515.1,4.2,317.3,0.1,1.5,0.05
2021-05-01,31.7,7.6,7.4,385.3,4.8,260.2,0.34,0.63,0.13
2021-05-04,33.0,7.5,7.2,472.7,4.6,331.4,0.08,0.82,0.1
2021-05-07,32.7,7.3,7.3,412.7,4.3,270.3,0.21,1.21,0.1
2021-05-10,31.9,7.5,8.1,386.4,15.0,266.0,0.14,0.88,0.05
2021-05-13,31.5,7.8,8.4,492.1,10.8,321.3,0.1,4.0,0.02
2021-05-16,34.7,7.7,7.0,508.6,2.6,327.2,0.05,1.06,0.05
2021-05-19,33.0,7.5,7.5,399.3,2.6,255.6,0.11,2.54,0.13
2021-05-22,33.2,7.6,7.5,370.8,4.8,237.9,0.08,2.77,0.03
2021-05-25,33.4,7.4,7.8,440.9,2.5,275.9,0.06,2.31,0.22
2021-05-28,33.8,7.2,7.0,427.7,6.8,287.1,0.06,0.55,0.1
2021-05-31,33.8,7.4,7.4,474.1,2.8,309.6,0.09,3.45,0.08
2021-06-03,33.6,7.7,7.7,504.8,5.7,341.6,0.15,0.64,0.08
2021-06-06,33.8,7.5,7.5,434.3,2.0,278.3,0.23,0.54,0.06
2021-06-09,34.4,7.5,7.2,553.3,3.9,355.7,0.07,1.04,0.08
2021-06-12,34.1,7.5,7.5,466.1,7.7,291.2,0.11,0.72,0.05
2021-06-15,34.1,7.8,7.0,425.3,5.3,278.7,0.1,0.7,0.11
2021-06-18,34.9,7.7,7.2,368.0,21.1,242.8,0.12,0.84,0.08
2021-06-21,34.7,7.8,7.0,452.9,12.4,287.6,0.22,0.79,0.09
2021-06-24,35.0,7.5,7.0,440.5,144.3,282.5,0.13,1.65,0.1
2021-06-27,32.9,7.5,7.7,498.1,2.2,326.3,0.24,0.71,0.02
2021-06-30,35.0,7.3,7.4,470.7,11.3,302.7,0.12,1.28,0.02
2021-07-03,35.0,7.7,7.0,391.8,14.1,239.7,0.14,4.0,0.1
2021-07-06,33.3,7.3,7.7,453.5,10.6,307.5,0.11,1.07,0.04
2021-07-09,34.7,7.5,7.6,462.5,2.7,288.7,0.22,1.53,0.06
2021-07-12,34.6,7.3,7.5,546.8,32.9,349.1,0.31,3.99,0.05
2021-07-15,33.7,7.4,7.8,495.9,3.5,314.3,0.15,0.65,0.02
2021-07-18,34.1,7.4,7.5,492.0,8.4,330.4,0.22,1.04,0.02
2021-07-21,33.7,7.4,7.4,452.4,13.9,314.8,0.06,2.4,0.11
2021-07-24,35.0,7.4,7.0,462.1,3.3,297.3,0.29,3.19,0.07
2021-07-27,35.0,7.4,7.0,510.6,13.9,341.1,0.07,1.42,0.06
2021-07-30,35.0,7.6,7.0,367.4,3.9,234.9,0.08,0.65,0.16
2021-08-02,34.5,7.3,7.8,455.3,143.1,307.7,0.06,2.82,0.03
2021-08-05,32.8,7.5,7.5,399.0,3.7,248.7,0.39,0.69,0.03
2021-08-08,33.1,7.7,7.5,458.6,17.3,311.4,0.24,0.94,0.09
2021-08-11,33.7,7.4,7.5,507.1,149.8,313.4,0.29,0.97,0.09
2021-08-14,32.1,7.4,7.8,433.0,8.2,280.4,0.24,1.09,0.05
2021-08-17,33.3,7.5,8.0,330.6,5.8,208.4,0.12,2.06,0.17
2021-08-20,32.3,7.7,7.5,417.0,5.2,282.0,0.31,2.12,0.16
2021-08-23,31.9,7.5,7.9,508.2,3.3,317.6,0.4,1.77,0.02
2021-08-26,32.4,7.4,7.5,484.2,8.1,311.4,0.12,0.52,0.03
2021-08-29,31.9,7.6,7.4,476.8,3.1,307.4,0.07,1.33,0.11
2021-09-01,30.9,7.3,7.9,443.2,6.0,288.4,0.16,1.88,0.04
2021-09-04,31.8,7.6,7.8,410.0,98.8,275.2,0.42,1.09,0.03
2021-09-07,29.7,7.6,8.3,497.6,17.6,309.5,0.26,3.4,0.1
2021-09-10,30.7,7.5,7.9,401.4,2.1,268.4,0.25,2.24,0.05
2021-09-13,30.3,7.4,7.8,575.4,3.1,403.5,0.32,1.52,0.05
2021-09-16,29.2,7.4,8.5,482.4,3.4,304.1,0.27,0.56,0.03
2021-09-19,29.3,7.6,8.1,426.0,4.7,280.4,0.2,1.56,0.07
2021-09-22,27.7,7.7,9.2,402.5,3.3,271.7,0.18,2.93,0.06
2021-09-25,29.0,7.4,8.6,443.6,5.4,281.2,0.08,0.98,0.03
2021-09-28,27.8,7.6,8.5,429.9,12.3,269.7,0.15,2.32,0.04
2021-10-01,27.1,7.2,9.0,514.1,8.2,334.3,0.12,0.88,0.07
2021-10-04,28.0,7.4,8.6,470.0,6.3,308.2,0.25,1.34,0.15
2021-10-07,26.2,7.5,9.4,392.7,2.5,264.3,0.12,1.55,0.15
2021-10-10,25.2,7.4,10.0,544.3,7.9,345.5,0.06,1.63,0.04
2021-10-13,24.7,7.4,9.2,463.7,2.9,299.5,0.05,2.64,0.09
2021-10-16,26.1,7.4,9.4,486.6,9.7,293.7,0.16,0.77,0.09
2021-10-19,24.2,7.5,9.8,426.9,3.4,285.8,0.13,0.8,0.1
2021-10-22,26.3,7.5,9.5,471.7,4.7,316.8,0.09,1.72,0.06
2021-10-25,22.8,7.2,10.3,469.0,4.2,305.2,0.07,0.7,0.02
2021-10-28,25.5,7.2,9.3,352.8,11.8,230.5,0.11,1.12,0.09
2021-10-31,24.0,7.4,9.8,538.6,2.7,344.6,0.06,0.52,0.03
2021-11-03,23.4,7.6,9.9,503.3,6.2,326.4,0.09,0.65,0.03
2021-11-06,22.7,7.1,10.6,437.2,2.8,284.9,0.1,1.64,0.07
2021-11-09,23.2,7.4,10.2,395.1,8.1,265.5,0.11,1.88,0.23
2021-11-12,22.5,7.4,10.9,466.0,13.8,303.2,0.11,0.62,0.03
2021-11-15,23.2,7.7,10.1,450.1,4.9,299.0,0.08,0.76,0.07
2021-11-18,22.1,7.4,10.2,464.7,5.3,303.9,0.24,0.6,0.04
2021-11-21,21.9,7.6,10.0,470.0,15.1,305.7,0.09,1.07,0.13
2021-11-24,21.2,7.5,10.1,472.0,5.7,289.7,0.08,0.63,0.07
2021-11-27,21.2,7.2,10.2,509.0,5.3,339.9,0.07,1.08,0.03
2021-11-30,21.3,7.6,10.7,485.8,6.3,332.9,0.09,1.82,0.04
2021-12-03,20.0,7.5,11.0,395.5,7.8,251.5,0.06,1.65,0.05
2021-12-06,20.0,7.6,10.5,518.4,2.6,324.3,0.05,0.83,0.03
2021-12-09,21.1,8.0,11.0,548.1,10.6,341.7,0.14,1.62,0.02
2021-12-12,20.6,7.2,10.7,607.4,4.9,407.1,0.15,3.13,0.08
2021-12-15,20.2,7.8,11.0,396.7,2.4,259.2,0.13,0.93,0.05
2021-12-18,20.2,7.5,11.0,450.4,9.7,287.0,0.19,0.9,0.08
2021-12-21,20.4,7.5,11.0,343.7,4.4,213.9,0.05,1.35,0.03
2021-12-24,20.0,7.5,10.9,483.8,2.5,318.8,0.32,0.78,0.07
2021-12-27,20.0,7.4,10.7,407.0,7.0,248.7,0.06,1.55,0.05
2021-12-30,20.2,7.4,10.3,548.2,12.6,357.3,0.16,2.29,0.02
2022-01-02,20.0,7.5,10.8,412.3,12.9,275.2,0.06,1.11,0.06
2022-01-05,20.3,7.3,10.8,366.0,17.8,219.1,0.26,1.64,0.02
2022-01-08,20.0,7.6,10.7,436.8,12.1,263.2,0.12,1.56,0.11
2022-01-11,20.9,7.4,10.7,354.6,99.0,243.4,0.06,0.54,0.07
2022-01-14,20.6,7.3,10.9,502.3,76.3,316.7,0.15,0.7,0.06
2022-01-17,20.5,7.4,10.8,336.8,10.5,231.9,0.05,2.74,0.03
2022-01-20,21.2,7.7,10.5,452.8,4.3,297.7,0.2,3.3,0.04
2022-01-23,21.9,7.4,10.5,347.0,6.6,228.0,0.16,2.02,0.05
2022-01-26,21.5,7.6,10.7,423.3,6.7,288.0,0.07,3.04,0.07
2022-01-29,20.0,7.4,10.7,541.7,4.3,342.1,0.1,0.87,0.03
2022-02-01,20.1,7.6,11.0,491.3,13.7,323.9,0.05,0.78,0.02
2022-02-04,20.8,7.6,10.8,406.7,138.0,258.3,0.17,0.98,0.04
2022-02-07,21.5,7.8,10.6,453.5,5.1,295.1,0.09,0.56,0.05
2022-02-10,22.2,7.5,10.6,451.7,32.0,306.6,0.13,2.16,0.03
2022-02-13,21.4,7.6,10.7,466.5,5.4,300.8,0.36,4.0,0.05
2022-02-16,22.4,7.5,10.6,363.4,3.0,237.0,0.09,2.24,0.04
2022-02-19,22.0,7.7,10.6,472.6,5.6,302.5,0.5,1.31,0.05
2022-02-22,22.4,7.4,10.2,300.9,10.4,204.4,0.15,0.85,0.04
2022-02-25,22.0,7.6,10.6,435.5,9.5,287.5,0.08,0.72,0.07
2022-02-28,22.7,7.5,9.9,424.4,9.8,288.4,0.11,0.95,0.02
2022-03-03,22.7,7.5,10.3,478.2,8.2,308.3,0.18,1.6,0.03
2022-03-06,23.4,7.5,10.1,460.0,3.5,284.0,0.11,1.09,0.05
2022-03-09,25.4,7.5,9.5,368.5,11.9,249.7,0.06,3.22,0.04
2022-03-12,24.1,7.5,9.9,393.1,13.2,246.4,0.07,2.43,0.04
2022-03-15,27.3,7.5,8.5,460.6,3.1,293.7,0.21,0.61,0.1
2022-03-18,26.0,7.7,9.2,456.3,2.7,304.9,0.15,0.64,0.13
2022-03-21,26.1,7.6,9.4,426.1,20.6,285.8,0.13,1.63,0.03
2022-03-24,25.7,7.6,9.5,428.4,12.1,285.5,0.07,0.76,0.11
2022-03-27,27.3,7.4,8.7,485.6,13.2,324.5,0.23,2.07,0.05
2022-03-30,26.7,7.4,9.6,428.1,12.9,282.3,0.37,1.39,0.04
2022-04-02,27.6,7.6,8.7,447.6,5.9,281.0,0.05,0.76,0.23
2022-04-05,30.0,7.6,8.6,548.2,7.2,348.5,0.06,1.15,0.11
2022-04-08,28.2,7.7,8.9,379.3,5.9,257.6,0.27,1.02,0.28
2022-04-11,29.6,7.4,8.2,346.7,2.3,202.7,0.22,2.56,0.03
2022-04-14,28.5,7.5,9.3,490.0,8.8,323.9,0.15,0.53,0.03
2022-04-17,29.4,7.3,8.1,411.3,5.5,265.4,0.34,2.76,0.05
2022-04-20,31.2,7.4,8.3,459.5,7.2,294.1,0.15,1.56,0.07
2022-04-23,29.7,7.6,8.7,410.5,5.5,270.6,0.07,1.84,0.03
2022-04-26,32.0,7.4,7.6,423.0,5.4,266.6,0.18,0.5,0.12
2022-04-29,31.4,7.6,8.4,528.6,2.9,343.1,0.15,1.49,0.06
2022-05-02,30.8,7.5,8.1,495.3,3.6,316.3,0.48,1.39,0.05
2022-05-05,32.1,7.5,7.9,509.8,2.9,359.1,0.07,1.27,0.07
2022-05-08,32.7,7.3,7.7,373.3,3.1,256.5,0.14,2.04,0.07
2022-05-11,32.7,7.5,7.6,376.6,20.1,221.3,0.2,1.31,0.02
2022-05-14,31.2,7.1,8.3,316.2,2.8,212.3,0.09,2.45,0.3
2022-05-17,32.2,7.5,8.0,395.7,3.6,250.9,0.1,0.76,0.04
2022-05-20,32.8,7.3,7.1,493.5,6.5,317.1,0.27,2.14,0.02
2022-05-23,33.2,7.7,7.9,473.3,6.7,307.6,0.1,0.7,0.12
2022-05-26,34.0,7.6,7.0,438.2,2.8,277.0,0.15,2.18,0.27
2022-05-29,33.9,7.6,7.6,455.8,9.9,301.1,0.27,3.32,0.1
2022-06-01,32.9,7.7,7.9,408.7,9.7,261.4,0.07,0.91,0.12
2022-06-04,34.4,7.4,7.0,457.5,3.4,289.4,0.45,1.25,0.07
2022-06-07,34.8,7.8,7.0,488.2,3.7,310.2,0.17,1.57,0.15
2022-06-10,34.9,7.6,7.0,370.7,15.9,231.0,0.12,0.58,0.02
2022-06-13,35.0,7.5,7.0,466.0,10.7,285.0,0.11,1.18,0.09
2022-06-16,35.0,7.7,7.0,501.0,8.0,323.5,0.36,0.95,0.08
2022-06-19,35.0,7.3,7.2,437.7,2.4,275.7,0.07,2.56,0.02
2022-06-22,34.8,7.4,7.4,489.0,4.7,317.5,0.09,2.59,0.06
2022-06-25,33.6,7.4,7.8,595.3,6.1,388.0,0.09,1.71,0.06
2022-06-28,35.0,7.4,7.0,429.0,3.0,294.2,0.08,1.57,0.08
2022-07-01,35.0,7.3,7.0,470.2,5.0,312.5,0.11,1.82,0.02
2022-07-04,35.0,7.7,7.0,417.9,6.6,265.7,0.5,0.96,0.1
2022-07-07,34.0,7.5,7.0,466.4,4.0,315.8,0.27,1.02,0.03
2022-07-10,34.1,7.6,7.5,466.1,9.6,305.6,0.09,1.31,0.05
2022-07-13,35.0,7.4,7.5,453.2,11.2,287.8,0.1,3.28,0.13
2022-07-16,34.8,7.2,7.0,393.3,112.1,245.5,0.16,1.79,0.06
2022-07-19,35.0,7.5,7.0,465.7,11.1,296.6,0.05,1.3,0.04
2022-07-22,34.6,7.2,7.1,533.4,2.5,350.0,0.22,1.97,0.02
2022-07-25,34.5,7.5,7.2,468.4,11.1,306.2,0.26,0.96,0.08
2022-07-28,35.0,7.3,7.0,507.2,2.8,328.0,0.24,1.81,0.24
2022-07-31,33.7,7.8,7.5,439.4,2.4,288.6,0.1,1.03,0.14
2022-08-03,34.0,7.6,7.1,486.3,7.1,316.1,0.11,0.83,0.08
2022-08-06,33.3,7.5,7.4,461.8,5.2,268.2,0.05,1.44,0.03
2022-08-09,33.1,7.7,7.7,409.9,13.9,267.8,0.1,1.66,0.03
2022-08-12,33.0,7.4,7.5,469.2,4.3,313.5,0.11,1.11,0.03
2022-08-15,33.1,7.6,7.4,423.2,3.7,267.4,0.29,1.33,0.04
2022-08-18,32.3,7.5,7.7,409.8,5.5,268.0,0.27,1.68,0.03
2022-08-21,33.4,7.5,7.4,464.6,5.0,297.4,0.39,1.96,0.03
2022-08-24,31.4,7.7,7.9,459.6,4.1,305.6,0.27,2.76,0.07
2022-08-27,31.6,7.6,7.8,381.8,7.9,252.4,0.05,0.94,0.04
2022-08-30,31.1,7.5,8.5,502.6,9.1,319.3,0.15,3.53,0.08
2022-09-02,32.3,7.3,7.9,480.0,57.1,317.9,0.06,1.51,0.17
2022-09-05,31.0,7.4,8.0,443.9,20.0,294.4,0.08,2.05,0.07
2022-09-08,31.3,7.5,8.2,371.3,3.6,251.6,0.14,1.7,0.09
2022-09-11,28.9,7.5,8.5,431.5,8.3,288.4,0.17,0.73,0.09
2022-09-14,29.9,7.3,8.7,430.4,4.5,296.3,0.16,0.57,0.04
2022-09-17,30.1,7.9,8.4,434.9,7.7,295.3,0.06,1.8,0.02
2022-09-20,29.0,7.7,8.6,430.9,5.2,266.7,0.06,1.22,0.02
2022-09-23,29.4,7.6,8.6,349.8,27.4,235.9,0.06,1.71,0.04
2022-09-26,27.8,7.5,8.5,438.5,8.5,279.9,0.06,1.15,0.08
2022-09-29,28.9,7.5,8.3,444.5,17.2,277.0,0.07,0.87,0.14
2022-10-02,29.3,7.4,8.2,476.6,11.0,335.1,0.17,0.84,0.18
2022-10-05,26.8,7.5,9.2,413.6,13.7,277.4,0.23,1.81,0.02
2022-10-08,26.3,7.5,9.8,526.3,10.4,335.0,0.1,0.82,0.25
2022-10-11,27.4,7.3,9.7,343.1,5.1,210.0,0.17,1.75,0.04
2022-10-14,27.2,7.6,9.3,518.7,3.5,355.8,0.07,0.98,0.11
2022-10-17,25.1,7.5,9.8,426.0,4.3,260.9,0.41,1.97,0.03
2022-10-20,24.8,7.2,9.2,488.8,2.1,305.7,0.09,0.65,0.02
2022-10-23,24.6,7.4,9.6,444.0,5.7,280.6,0.24,0.73,0.04
2022-10-26,23.3,7.4,9.9,512.5,5.5,343.5,0.34,1.66,0.12
2022-10-29,23.3,7.8,9.9,448.6,5.7,292.1,0.25,1.32,0.03
2022-11-01,22.9,7.6,10.2,382.1,20.3,242.6,0.06,0.73,0.03
2022-11-04,22.8,7.3,10.1,502.5,14.1,336.8,0.16,2.83,0.14
2022-11-07,23.1,7.6,9.6,443.1,2.9,278.1,0.06,0.82,0.16
2022-11-10,23.0,7.3,10.4,461.2,4.3,301.7,0.05,1.05,0.02
2022-11-13,23.7,7.7,9.7,513.9,4.8,332.3,0.06,0.73,0.08
2022-11-16,21.4,7.4,10.7,393.9,4.2,269.6,0.3,0.99,0.04
2022-11-19,22.7,7.5,10.9,477.8,10.0,326.3,0.29,1.18,0.04
2022-11-22,21.5,7.7,10.3,424.2,5.7,284.2,0.08,0.85,0.05
2022-11-25,21.4,7.3,9.9,453.8,119.7,293.2,0.13,1.97,0.05
2022-11-28,21.8,7.3,10.4,434.1,11.6,287.4,0.36,1.0,0.06
2022-12-01,20.1,7.4,11.0,371.3,10.2,234.7,0.12,1.81,0.06
2022-12-04,21.1,7.7,11.0,413.2,2.7,269.4,0.1,0.73,0.05
2022-12-07,20.8,7.3,10.4,508.4,8.3,322.5,0.12,0.97,0.08
2022-12-10,20.9,7.1,10.9,511.6,4.9,336.7,0.21,0.51,0.08
2022-12-13,20.6,7.4,10.7,440.5,3.7,299.7,0.11,1.92,0.05
2022-12-16,22.2,7.6,10.4,461.7,2.3,295.7,0.2,1.48,0.03
2022-12-19,20.0,7.7,11.0,440.8,5.3,281.1,0.11,2.2,0.07
2022-12-22,20.0,7.4,10.5,511.9,4.2,337.1,0.08,1.11,0.09
2022-12-25,20.0,7.4,11.0,421.5,3.4,283.6,0.09,2.11,0.07
2022-12-28,20.0,7.7,11.0,457.3,7.9,296.6,0.06,1.54,0.06
2022-12-31,20.0,7.2,11.0,517.6,9.3,339.5,0.12,0.5,0.03
2023-01-03,21.0,7.4,10.8,407.8,3.4,270.8,0.07,0.79,0.07
2023-01-06,21.2,7.5,10.8,519.5,2.3,332.5,0.22,1.18,0.04
2023-01-09,20.0,7.6,10.9,382.7,95.9,244.4,0.1,1.46,0.15
2023-01-12,20.0,7.4,11.0,528.2,2.1,330.4,0.19,0.57,0.07
2023-01-15,20.6,7.5,10.7,426.3,15.8,273.5,0.36,1.72,0.04
2023-01-18,20.0,7.1,11.0,439.4,6.9,300.7,0.24,1.28,0.05
2023-01-21,21.0,7.4,10.6,363.2,3.9,243.7,0.35,1.25,0.11
2023-01-24,20.8,7.6,10.9,451.1,3.4,293.3,0.13,0.85,0.04
2023-01-27,20.0,7.4,11.0,406.3,2.0,279.0,0.07,1.4,0.06
2023-01-30,22.2,7.5,10.8,431.2,3.3,287.5,0.32,0.53,0.08
2023-02-02,22.6,7.6,10.3,438.1,2.7,290.6,0.25,0.57,0.09
2023-02-05,20.8,7.4,10.2,487.6,6.7,310.0,0.25,1.82,0.03
2023-02-08,21.3,7.5,11.0,461.0,2.9,307.9,0.17,0.89,0.06
2023-02-11,22.0,7.4,10.2,466.5,5.8,293.0,0.15,0.93,0.14
2023-02-14,22.3,7.5,10.2,384.4,6.5,237.2,0.05,0.73,0.19
2023-02-17,22.9,7.6,10.1,404.2,3.8,258.7,0.19,1.09,0.07
2023-02-20,24.2,7.5,10.3,543.9,2.2,348.8,0.06,0.55,0.23
2023-02-23,22.8,7.4,9.6,416.8,2.2,267.5,0.08,0.86,0.06
2023-02-26,22.6,7.5,11.0,537.9,2.1,335.7,0.13,1.25,0.05
2023-03-01,22.5,7.6,10.7,440.8,8.7,297.1,0.11,1.13,0.06
2023-03-04,23.3,7.2,10.2,445.0,3.9,303.5,0.05,4.0,0.03
2023-03-07,24.2,7.7,9.9,498.4,10.0,311.0,0.22,0.99,0.05
2023-03-10,26.0,7.4,9.5,501.6,4.8,336.2,0.26,0.99,0.05
2023-03-13,24.5,7.6,9.9,462.3,5.0,286.5,0.16,1.2,0.11
2023-03-16,25.5,7.7,9.7,430.7,5.6,285.6,0.13,0.71,0.09
2023-03-19,25.7,7.3,9.6,445.0,8.2,288.8,0.37,2.59,0.07
2023-03-22,27.0,7.4,9.2,457.6,3.6,288.5,0.06,1.35,0.04
2023-03-25,28.5,7.5,8.7,523.9,2.6,345.6,0.18,0.71,0.03
2023-03-28,26.4,7.4,9.2,439.5,6.1,297.0,0.06,2.08,0.04
2023-03-31,26.8,7.8,9.1,476.7,4.0,299.9,0.1,0.53,0.08
2023-04-03,28.5,7.4,9.1,536.1,4.9,361.8,0.14,4.0,0.04
2023-04-06,28.6,7.4,8.9,475.1,7.2,316.1,0.18,2.5,0.05
2023-04-09,29.9,7.5,7.5,475.2,5.4,318.5,0.05,1.37,0.04
2023-04-12,29.2,7.3,8.7,392.1,6.8,272.6,0.08,0.62,0.09
2023-04-15,28.9,7.4,8.7,323.5,5.9,205.9,0.13,0.74,0.13
2023-04-18,30.0,7.5,8.3,458.9,8.7,303.2,0.13,0.83,0.08
2023-04-21,30.8,7.5,8.0,442.7,8.1,295.1,0.15,0.78,0.04
2023-04-24,30.9,7.5,8.4,427.3,5.8,286.4,0.09,1.19,0.05
2023-04-27,31.0,7.4,8.3,482.9,7.7,317.3,0.13,3.39,0.03
2023-04-30,31.8,7.3,7.6,433.0,12.3,268.7,0.07,1.09,0.03
2023-05-03,32.2,7.5,7.9,518.4,4.8,356.4,0.07,1.58,0.03
2023-05-06,32.7,7.8,7.3,456.1,4.7,297.2,0.14,1.67,0.03
2023-05-09,32.5,7.5,7.3,421.0,9.2,262.3,0.17,2.55,0.03
2023-05-12,32.1,7.5,7.6,498.5,6.4,317.7,0.06,0.53,0.03
2023-05-15,32.7,7.6,7.9,430.7,2.4,287.3,0.06,1.02,0.03
2023-05-18,33.8,7.3,7.6,483.8,13.1,339.4,0.13,2.04,0.07
2023-05-21,32.4,7.8,7.8,432.7,2.2,273.4,0.08,2.19,0.25
2023-05-24,33.6,7.5,7.6,427.2,8.9,292.9,0.1,3.12,0.13
2023-05-27,33.3,7.7,7.6,454.1,9.1,278.3,0.1,1.71,0.02
2023-05-30,33.8,7.4,7.1,444.6,17.3,285.0,0.07,0.78,0.05
2023-06-02,35.0,7.8,7.1,458.4,2.3,294.1,0.05,1.2,0.12
2023-06-05,34.3,7.6,7.4,444.8,6.5,285.9,0.24,0.53,0.03
2023-06-08,34.4,7.6,7.4,362.4,4.8,236.1,0.18,1.54,0.11
2023-06-11,33.4,7.5,7.8,418.7,4.0,272.3,0.17,1.31,0.06
2023-06-14,35.0,7.5,7.2,484.3,2.5,315.6,0.13,1.6,0.15
2023-06-17,35.0,7.7,7.1,430.5,6.1,272.0,0.17,3.16,0.12
2023-06-20,35.0,7.5,7.3,422.9,5.3,277.2,0.32,1.66,0.08
2023-06-23,34.7,7.2,7.1,491.1,2.6,308.5,0.16,0.89,0.07
2023-06-26,35.0,7.3,7.0,403.1,6.7,255.2,0.08,0.72,0.03
2023-06-29,35.0,7.5,7.0,368.7,8.7,239.6,0.13,2.43,0.03
2023-07-02,35.0,7.5,7.0,434.6,9.3,273.3,0.11,0.72,0.05
2023-07-05,34.9,7.5,7.0,409.5,13.8,266.6,0.13,0.68,0.03
2023-07-08,35.0,7.7,7.0,421.9,4.6,267.8,0.12,0.73,0.03
2023-07-11,35.0,7.2,7.0,453.8,17.3,293.3,0.25,1.21,0.04
2023-07-14,35.0,7.5,7.0,466.8,12.0,310.7,0.16,0.63,0.12
2023-07-17,34.4,7.2,7.0,452.3,3.8,281.1,0.07,3.28,0.02
2023-07-20,34.8,7.6,7.1,469.5,2.9,299.9,0.06,3.89,0.04
2023-07-23,35.0,7.5,7.0,552.6,4.9,386.0,0.11,4.0,0.05
2023-07-26,33.6,7.6,7.1,424.7,4.6,266.9,0.05,0.54,0.06
2023-07-29,34.3,7.4,7.4,474.8,6.3,288.2,0.09,3.42,0.03
2023-08-01,33.5,7.7,7.7,419.1,6.4,281.7,0.1,4.0,0.19
2023-08-04,34.8,7.7,7.0,394.3,8.9,248.8,0.1,3.35,0.06
2023-08-07,32.4,7.6,7.5,428.0,5.6,290.1,0.44,1.61,0.06
2023-08-10,33.0,7.5,7.3,439.0,2.6,304.6,0.09,1.71,0.02
2023-08-13,33.5,7.6,7.1,493.9,11.8,309.7,0.08,0.63,0.05
2023-08-16,34.1,7.4,7.5,555.5,3.9,330.1,0.06,2.57,0.11
2023-08-19,32.6,7.6,7.6,421.2,19.8,268.7,0.12,0.56,0.03
2023-08-22,31.9,7.7,7.8,425.1,2.6,287.8,0.07,0.88,0.04
2023-08-25,33.5,7.7,7.0,454.7,17.9,303.3,0.15,4.0,0.02
2023-08-28,30.6,7.4,8.4,455.1,2.5,297.3,0.07,1.05,0.21
2023-08-31,29.6,7.6,8.1,450.5,3.3,297.7,0.14,0.64,0.02
2023-09-03,31.4,7.3,8.0,506.4,2.2,341.0,0.23,3.98,0.13
2023-09-06,30.3,7.6,8.3,329.5,8.1,228.3,0.05,4.0,0.04
2023-09-09,29.5,7.6,8.9,324.2,11.5,203.8,0.1,0.71,0.06
2023-09-12,30.6,7.2,7.8,431.8,4.8,265.9,0.11,2.5,0.08
2023-09-15,29.8,7.3,7.5,515.1,15.2,321.1,0.21,0.99,0.03
2023-09-18,28.8,7.5,8.7,377.7,6.5,237.0,0.11,0.98,0.05
2023-09-21,27.8,7.5,9.4,315.8,7.0,199.1,0.13,0.8,0.04
2023-09-24,29.2,7.3,8.9,482.7,11.3,315.8,0.21,0.55,0.02
2023-09-27,28.6,7.6,8.8,450.0,3.8,299.5,0.13,0.81,0.11
2023-09-30,27.6,7.5,8.8,409.1,4.2,269.6,0.09,0.56,0.02
2023-10-03,28.8,7.5,8.9,394.7,13.8,252.2,0.06,3.08,0.07
2023-10-06,26.1,7.4,9.1,410.6,13.6,275.8,0.18,1.58,0.04
2023-10-09,25.3,7.7,9.7,471.3,20.8,303.8,0.25,2.68,0.03
2023-10-12,25.6,7.7,9.7,423.3,13.6,269.9,0.4,1.76,0.07
2023-10-15,25.8,7.4,9.8,459.7,2.7,317.7,0.31,0.64,0.06
2023-10-18,25.6,7.4,10.3,298.1,10.7,189.9,0.21,3.32,0.04
2023-10-21,24.9,7.6,9.8,420.4,4.6,288.9,0.15,2.8,0.06
2023-10-24,25.0,7.4,9.5,392.0,25.4,241.7,0.2,0.93,0.03
2023-10-27,23.3,7.5,10.1,438.0,5.2,278.1,0.11,0.62,0.12
2023-10-30,25.1,7.6,9.1,430.7,6.0,282.0,0.14,1.72,0.04
2023-11-02,23.6,7.2,9.8,496.9,5.8,332.1,0.09,1.8,0.03
2023-11-05,24.2,7.7,9.8,359.8,3.9,241.5,0.09,2.77,0.09
2023-11-08,23.3,7.5,10.0,450.2,2.4,286.2,0.19,0.55,0.02
2023-11-11,23.1,7.4,10.2,474.8,13.3,301.5,0.11,0.65,0.04
2023-11-14,22.9,7.5,10.0,551.4,10.1,367.2,0.07,1.41,0.04
2023-11-17,22.5,7.5,10.7,431.4,2.8,295.6,0.07,1.47,0.13
2023-11-20,22.4,7.2,10.4,463.6,9.5,272.1,0.25,0.53,0.17
2023-11-23,22.7,7.7,10.3,370.6,6.9,241.9,0.16,1.01,0.08
2023-11-26,21.6,7.5,10.5,329.1,4.6,213.0,0.13,1.38,0.05
2023-11-29,21.7,7.6,10.6,483.7,3.5,306.2,0.1,1.84,0.07
2023-12-02,20.9,7.6,11.0,442.1,11.8,278.3,0.11,0.88,0.05
2023-12-05,21.9,7.3,10.2,499.1,8.0,334.0,0.06,1.16,0.04
2023-12-08,20.1,7.6,10.8,378.6,6.0,244.2,0.11,2.18,0.17
2023-12-11,21.9,7.5,10.4,488.3,6.7,303.3,0.21,3.58,0.03
2023-12-14,20.3,7.6,10.5,535.4,2.5,355.7,0.1,0.76,0.04
2023-12-17,20.0,7.2,10.8,472.9,5.2,290.7,0.1,0.79,0.13
2023-12-20,20.3,7.5,10.8,457.3,3.1,306.4,0.05,3.31,0.08
2023-12-23,20.0,7.4,11.0,447.8,3.2,286.1,0.11,1.0,0.02
2023-12-26,20.7,7.6,10.9,356.4,7.4,230.3,0.05,1.77,0.02
2023-12-29,20.0,7.6,11.0,515.6,14.1,344.4,0.13,1.45,0.06
2024-01-01,20.0,7.4,11.0,417.5,4.6,274.4,0.12,0.84,0.05
2024-01-04,20.0,7.4,11.0,480.6,3.2,321.4,0.23,1.56,0.05
2024-01-07,20.0,7.5,11.0,374.1,7.2,239.5,0.14,1.57,0.04
2024-01-10,20.0,7.4,11.0,379.0,12.2,248.7,0.09,1.4,0.24
2024-01-13,20.0,7.6,11.0,532.6,8.9,336.2,0.12,0.6,0.04
2024-01-16,20.9,7.4,10.6,434.7,12.2,281.7,0.17,4.0,0.05
2024-01-19,21.0,7.1,10.0,524.6,5.8,343.1,0.06,1.01,0.05
2024-01-22,20.8,7.4,10.7,446.0,9.0,299.6,0.15,1.52,0.03
2024-01-25,20.0,7.3,11.0,352.7,2.8,202.7,0.3,2.67,0.03
2024-01-28,20.8,7.3,11.0,496.8,4.1,325.3,0.09,1.05,0.15
2024-01-31,21.0,7.3,11.0,425.3,4.5,288.1,0.15,1.99,0.12
2024-02-03,20.2,7.5,11.0,467.5,5.6,298.1,0.22,4.0,0.03
2024-02-06,22.6,7.7,10.3,445.9,15.2,282.1,0.12,0.94,0.12
2024-02-09,22.3,7.5,10.4,370.3,12.4,252.1,0.18,1.02,0.03
2024-02-12,21.7,7.4,10.4,460.8,2.7,300.7,0.09,2.86,0.07
2024-02-15,22.2,7.6,10.3,571.7,2.9,357.8,0.09,0.67,0.02
2024-02-18,22.6,7.4,10.5,466.9,122.3,293.9,0.16,0.53,0.13
2024-02-21,21.1,7.4,11.0,442.1,3.7,276.2,0.17,2.9,0.02
2024-02-24,22.8,7.3,10.2,498.6,6.8,333.1,0.33,2.22,0.06
2024-02-27,22.8,7.2,10.1,452.5,13.7,292.9,0.08,4.0,0.1
2024-03-01,22.9,7.4,10.2,457.0,18.4,300.7,0.11,0.56,0.03
2024-03-04,23.8,7.5,10.2,403.1,7.3,278.2,0.08,0.67,0.05
2024-03-07,25.8,7.5,9.0,451.2,11.1,287.0,0.06,0.61,0.02
2024-03-10,25.2,7.4,8.9,506.1,5.7,341.8,0.1,1.65,0.08
2024-03-13,24.6,7.4,9.6,391.2,3.2,259.0,0.1,1.43,0.04
2024-03-16,25.9,7.6,9.1,515.6,5.7,332.7,0.08,0.95,0.06
2024-03-19,26.9,7.3,9.0,442.1,6.0,290.7,0.09,0.56,0.15
2024-03-22,26.9,7.6,9.1,422.4,8.8,251.2,0.09,1.52,0.04
2024-03-25,26.6,7.3,9.1,497.1,3.2,296.5,0.5,1.34,0.02
2024-03-28,26.4,7.4,9.7,413.6,4.3,261.1,0.2,0.62,0.08
2024-03-31,27.9,7.3,9.0,468.0,4.3,310.4,0.06,2.9,0.1
2024-04-03,28.0,7.4,8.9,435.8,18.0,272.5,0.26,0.72,0.18
2024-04-06,28.8,7.6,8.8,453.1,4.9,283.2,0.15,1.86,0.03
2024-04-09,29.0,7.6,8.3,478.4,9.0,310.5,0.27,2.66,0.04
2024-04-12,29.7,7.6,8.7,466.2,8.9,307.4,0.09,1.37,0.11
2024-04-15,28.8,7.6,8.6,361.8,3.5,235.1,0.11,0.78,0.1
2024-04-18,30.7,7.3,8.4,388.5,6.2,242.9,0.28,0.87,0.07
2024-04-21,30.1,7.5,8.0,505.4,13.2,325.2,0.08,2.67,0.04
2024-04-24,32.0,7.4,7.3,427.1,5.2,258.4,0.3,0.85,0.04
2024-04-27,30.2,7.7,8.5,414.8,16.5,266.8,0.23,1.87,0.03
2024-04-30,32.4,7.3,7.8,364.0,3.2,248.6,0.44,4.0,0.15
2024-05-03,31.5,7.6,7.7,393.3,2.4,251.6,0.09,4.0,0.03
2024-05-06,31.2,7.6,7.8,348.4,13.1,221.6,0.08,1.26,0.06
2024-05-09,31.6,7.8,8.2,446.1,11.4,283.6,0.09,2.25,0.06
2024-05-12,32.1,7.4,7.4,420.7,26.5,251.9,0.36,4.0,0.04
2024-05-15,33.0,7.6,8.0,392.4,7.7,252.3,0.09,0.97,0.04
2024-05-18,33.3,7.8,7.2,444.7,15.8,284.5,0.13,0.79,0.08
2024-05-21,32.7,7.4,7.8,453.2,10.8,292.8,0.1,0.62,0.04
2024-05-24,33.4,7.3,7.3,568.3,11.3,353.2,0.1,0.65,0.03
2024-05-27,35.0,7.2,7.2,371.4,6.2,235.2,0.07,2.42,0.05
2024-05-30,35.0,7.6,7.0,503.1,4.4,314.9,0.13,1.39,0.1
2024-06-02,34.4,7.2,7.1,514.5,15.6,323.9,0.24,2.57,0.19
2024-06-05,34.3,7.4,7.2,398.6,4.8,253.7,0.06,2.06,0.07
2024-06-08,34.5,7.6,7.0,448.9,5.9,307.5,0.27,1.62,0.1
2024-06-11,35.0,7.5,7.2,416.2,5.0,270.0,0.16,1.44,0.06
2024-06-14,33.8,7.6,7.2,458.6,6.2,301.6,0.15,0.55,0.07
2024-06-17,34.6,7.5,7.0,529.8,5.2,340.4,0.15,2.56,0.24
2024-06-20,33.5,7.7,7.1,487.7,2.2,299.7,0.09,1.04,0.05
2024-06-23,35.0,7.4,7.0,501.2,12.7,327.8,0.1,1.32,0.02
2024-06-26,35.0,7.4,7.0,406.0,4.9,277.2,0.21,0.52,0.18
2024-06-29,34.6,7.4,7.8,381.9,6.4,240.7,0.09,3.25,0.1
2024-07-02,35.0,7.6,7.2,434.0,2.7,298.7,0.11,2.83,0.05
2024-07-05,34.0,7.6,7.3,504.5,2.0,311.7,0.05,1.28,0.22
2024-07-08,33.8,7.6,7.2,367.4,3.4,229.5,0.18,1.36,0.04
2024-07-11,35.0,7.7,7.0,388.2,8.1,260.7,0.1,1.72,0.04
2024-07-14,35.0,7.3,7.2,473.2,2.5,302.6,0.12,0.81,0.07
2024-07-17,35.0,7.8,7.0,409.2,14.0,272.9,0.06,0.75,0.04
2024-07-20,34.3,7.7,7.5,410.6,3.2,264.2,0.5,1.62,0.08
2024-07-23,35.0,7.6,7.2,442.3,3.1,284.3,0.09,0.61,0.03
2024-07-26,34.3,7.8,7.4,366.6,3.0,219.8,0.15,1.11,0.03
2024-07-29,34.0,7.3,7.4,388.0,2.1,230.3,0.14,1.18,0.06
2024-08-01,34.7,7.4,7.1,463.4,9.4,301.3,0.2,0.98,0.06
2024-08-04,34.3,7.4,7.4,377.6,12.4,258.2,0.08,0.7,0.03
2024-08-07,32.3,7.6,7.9,371.7,6.8,239.2,0.19,0.94,0.19
2024-08-10,34.5,7.3,7.0,419.5,3.0,272.5,0.1,0.91,0.06
2024-08-13,34.2,7.6,7.0,488.1,3.7,311.5,0.1,1.19,0.03
2024-08-16,32.3,7.7,7.7,426.0,5.2,281.0,0.16,1.62,0.04
2024-08-19,32.9,7.6,8.0,434.8,17.4,258.9,0.2,3.95,0.1
2024-08-22,32.7,7.5,7.3,454.6,3.4,293.3,0.16,0.66,0.06
2024-08-25,32.2,7.4,7.3,370.0,8.6,235.1,0.28,2.56,0.03
2024-08-28,31.2,7.4,8.1,455.8,4.9,297.3,0.08,0.83,0.03
2024-08-31,30.8,7.7,8.1,472.3,3.8,330.7,0.28,1.39,0.05
2024-09-03,30.9,7.6,8.1,417.7,85.5,266.4,0.06,1.29,0.04
2024-09-06,31.6,7.5,8.0,496.3,2.4,316.1,0.16,1.31,0.07
2024-09-09,30.7,7.4,8.1,399.0,10.0,258.9,0.13,1.79,0.15
2024-09-12,29.6,7.2,8.9,507.3,3.4,336.2,0.12,0.98,0.03
2024-09-15,30.1,7.3,7.8,449.2,8.5,282.2,0.09,0.88,0.12
2024-09-18,26.9,7.8,8.9,433.2,2.4,273.6,0.12,2.42,0.15
2024-09-21,29.7,7.3,8.4,433.7,17.5,287.4,0.07,0.75,0.14
2024-09-24,27.0,7.5,8.6,456.1,3.1,295.4,0.1,0.7,0.17
2024-09-27,27.7,7.7,8.9,509.0,12.7,326.3,0.06,0.52,0.11
2024-09-30,26.7,7.3,9.7,407.4,10.3,271.2,0.13,0.74,0.07
2024-10-03,26.2,7.5,9.4,406.6,19.2,272.3,0.06,1.23,0.05
2024-10-06,27.8,7.6,9.0,496.6,5.2,341.3,0.07,1.27,0.05
2024-10-09,26.1,7.5,9.0,412.6,8.5,270.9,0.06,0.79,0.12
2024-10-12,26.4,7.9,9.1,503.8,4.3,319.7,0.1,0.58,0.04
2024-10-15,25.7,7.2,9.4,527.9,3.0,350.9,0.23,1.87,0.03
2024-10-18,25.7,7.7,9.4,436.4,4.9,277.2,0.29,1.92,0.03
2024-10-21,25.0,7.5,10.0,480.2,2.9,318.4,0.06,4.0,0.11
2024-10-24,23.6,7.6,10.2,372.6,22.1,232.8,0.15,2.8,0.09
2024-10-27,25.0,7.6,9.3,482.0,2.5,319.4,0.17,3.1,0.05
2024-10-30,23.5,7.4,10.1,448.2,6.4,292.0,0.13,2.1,0.04
2024-11-02,22.3,7.5,10.5,474.0,6.9,316.3,0.16,1.46,0.08
2024-11-05,22.9,7.2,10.6,405.8,107.4,267.3,0.08,0.64,0.02
2024-11-08,24.1,7.6,10.4,376.2,7.4,242.6,0.12,1.47,0.06
2024-11-11,23.3,7.5,9.8,474.3,2.6,318.5,0.1,0.56,0.05
2024-11-14,22.1,7.6,10.2,345.1,6.0,227.1,0.06,2.67,0.21
2024-11-17,21.8,7.7,10.1,440.7,3.7,289.0,0.15,1.16,0.06
2024-11-20,21.6,7.6,10.5,506.7,16.1,326.6,0.12,1.7,0.06
2024-11-23,23.2,7.5,10.3,459.4,9.2,297.1,0.08,0.55,0.08
2024-11-26,21.6,7.4,10.9,539.7,20.0,351.7,0.11,1.26,0.05
2024-11-29,21.5,7.4,10.6,483.5,2.2,304.9,0.2,0.86,0.03