Station_ID,Station_Name,Sample_Date,Parameter_Code,Value_Flag,Value,Unit,Data_Quality
SRB00001,Bezdan,2000-01-12,BOD,,2.8,mg/l,Fair
SRB00001,Bezdan,2000-02-09,BOD,,1.2,mg/l,Fair
SRB00001,Bezdan,2000-03-08,BOD,,3.0,mg/l,Fair
SRB00001,Bezdan,2000-04-12,BOD,,1.6,mg/l,Fair
SRB00001,Bezdan,2000-05-10,BOD,,3.6,mg/l,Fair
SRB00001,Bezdan,2000-06-14,BOD,,4.0,mg/l,Fair
SRB00001,Bezdan,2000-07-12,BOD,,5.6,mg/l,Fair
SRB00001,Bezdan,2000-08-09,BOD,,3.3,mg/l,Fair
SRB00001,Bezdan,2000-09-13,BOD,,3.8,mg/l,Fair
SRB00001,Bezdan,2000-10-12,BOD,,2.2,mg/l,Fair
SRB00001,Bezdan,2000-11-08,BOD,,1.9,mg/l,Fair
SRB00001,Bezdan,2000-12-13,BOD,,2.0,mg/l,Fair
SRB00001,Bezdan,2001-01-10,BOD,,2.6,mg/l,Fair
SRB00001,Bezdan,2001-02-14,BOD,,3.6,mg/l,Fair
SRB00001,Bezdan,2001-03-29,BOD,,2.8,mg/l,Fair
SRB00001,Bezdan,2001-04-11,BOD,,2.0,mg/l,Fair
SRB00001,Bezdan,2001-05-09,BOD,,4.0,mg/l,Fair
SRB00001,Bezdan,2001-06-13,BOD,,2.3,mg/l,Fair
SRB00001,Bezdan,2001-07-11,BOD,,2.7,mg/l,Fair
SRB00001,Bezdan,2001-08-08,BOD,,4.9,mg/l,Fair
SRB00001,Bezdan,2001-09-12,BOD,,1.1,mg/l,Fair
SRB00001,Bezdan,2001-10-10,BOD,,2.6,mg/l,Fair
SRB00001,Bezdan,2001-11-14,BOD,,2.3,mg/l,Fair
SRB00001,Bezdan,2001-12-12,BOD,,1.2,mg/l,Fair
SRB00001,Bezdan,2002-01-16,BOD,,3.6,mg/l,Fair
SRB00001,Bezdan,2002-02-13,BOD,,2.3,mg/l,Fair
SRB00001,Bezdan,2002-03-13,BOD,,2.2,mg/l,Fair
SRB00001,Bezdan,2002-04-10,BOD,,2.6,mg/l,Fair
SRB00001,Bezdan,2002-05-15,BOD,,3.4,mg/l,Fair
SRB00001,Bezdan,2002-06-12,BOD,,3.4,mg/l,Fair
SRB00001,Bezdan,2002-07-10,BOD,,7.0,mg/l,Fair
SRB00001,Bezdan,2002-08-14,BOD,,1.5,mg/l,Fair
SRB00001,Bezdan,2002-09-11,BOD,,1.3,mg/l,Fair
SRB00001,Bezdan,2002-10-09,BOD,,2.0,mg/l,Fair
SRB00001,Bezdan,2002-11-13,BOD,,2.8,mg/l,Fair
SRB00001,Bezdan,2003-01-15,BOD,,2.3,mg/l,Fair
SRB00001,Bezdan,2003-02-12,BOD,,2.5,mg/l,Fair
SRB00001,Bezdan,2003-03-26,BOD,,4.9,mg/l,Fair
SRB00001,Bezdan,2003-04-09,BOD,,3.2,mg/l,Fair
SRB00001,Bezdan,2003-05-14,BOD,,5.0,mg/l,Fair
SRB00001,Bezdan,2003-06-11,BOD,,3.7,mg/l,Fair
SRB00001,Bezdan,2003-07-09,BOD,,5.5,mg/l,Fair
SRB00001,Bezdan,2003-08-13,BOD,,4.7,mg/l,Fair
SRB00001,Bezdan,2003-09-10,BOD,,1.6,mg/l,Fair
SRB00001,Bezdan,2003-10-08,BOD,,1.0,mg/l,Fair
SRB00001,Bezdan,2003-11-12,BOD,,2.1,mg/l,Fair
SRB00001,Bezdan,2003-12-10,BOD,,1.8,mg/l,Fair
SRB00001,Bezdan,2013-01-09,BOD,,1.8,mg/l,Fair
SRB00001,Bezdan,2013-01-09,COD,,11.0,mg/l,Fair
SRB00001,Bezdan,2013-02-06,BOD,,1.5,mg/l,Fair
SRB00001,Bezdan,2013-02-06,COD,,14.0,mg/l,Fair
SRB00001,Bezdan,2013-03-06,BOD,,1.0,mg/l,Fair
SRB00001,Bezdan,2013-03-06,COD,,10.0,mg/l,Fair
SRB00001,Bezdan,2013-04-03,BOD,,3.4,mg/l,Fair
SRB00001,Bezdan,2013-04-03,COD,,13.0,mg/l,Fair
SRB00001,Bezdan,2013-05-08,BOD,,1.4,mg/l,Fair
SRB00001,Bezdan,2013-05-08,COD,,9.0,mg/l,Fair
SRB00001,Bezdan,2013-06-05,BOD,,2.1,mg/l,Fair
SRB00001,Bezdan,2013-06-05,COD,,13.0,mg/l,Fair
SRB00001,Bezdan,2013-07-03,BOD,,2.9,mg/l,Fair
SRB00001,Bezdan,2013-07-03,COD,,11.0,mg/l,Fair
SRB00001,Bezdan,2013-08-07,BOD,,3.0,mg/l,Fair
SRB00001,Bezdan,2013-08-07,COD,,13.0,mg/l,Fair
SRB00001,Bezdan,2013-09-04,BOD,,1.5,mg/l,Fair
SRB00001,Bezdan,2013-09-04,COD,,9.2,mg/l,Fair
SRB00001,Bezdan,2013-10-02,BOD,,1.4,mg/l,Fair
SRB00001,Bezdan,2013-10-02,COD,,10.0,mg/l,Fair
SRB00001,Bezdan,2013-11-06,BOD,,1.2,mg/l,Fair
SRB00001,Bezdan,2013-11-06,COD,,9.0,mg/l,Fair
SRB00001,Bezdan,2013-12-04,BOD,,1.0,mg/l,Fair
SRB00001,Bezdan,2013-12-04,COD,,9.0,mg/l,Fair
SRB00001,Bezdan,2014-01-28,BOD,,1.5,mg/l,Fair
SRB00001,Bezdan,2014-01-28,COD,,8.0,mg/l,Fair
SRB00001,Bezdan,2014-02-05,BOD,,1.8,mg/l,Fair
SRB00001,Bezdan,2014-02-05,COD,,8.0,mg/l,Fair
SRB00001,Bezdan,2014-03-05,BOD,,2.7,mg/l,Fair
SRB00001,Bezdan,2014-03-05,COD,,12.0,mg/l,Fair
SRB00001,Bezdan,2014-04-02,BOD,,4.7,mg/l,Fair
SRB00001,Bezdan,2014-04-02,COD,,14.0,mg/l,Fair
SRB00001,Bezdan,2014-05-07,BOD,,2.5,mg/l,Fair
SRB00001,Bezdan,2014-05-07,COD,,11.0,mg/l,Fair
SRB00001,Bezdan,2014-06-04,BOD,,1.3,mg/l,Fair
SRB00001,Bezdan,2014-06-04,COD,,11.0,mg/l,Fair
SRB00001,Bezdan,2014-07-02,BOD,,1.0,mg/l,Fair
SRB00001,Bezdan,2014-07-02,COD,<,5.0,mg/l,Fair
SRB00001,Bezdan,2014-08-06,BOD,,2.3,mg/l,Fair
SRB00001,Bezdan,2014-09-10,BOD,,2.3,mg/l,Fair
SRB00001,Bezdan,2014-10-01,BOD,,1.7,mg/l,Fair
SRB00001,Bezdan,2014-11-05,BOD,,1.6,mg/l,Fair
SRB00001,Bezdan,2014-12-03,BOD,,1.8,mg/l,Fair
SRB00001,Bezdan,2015-01-14,BOD,,1.4,mg/l,Fair
SRB00001,Bezdan,2015-01-14,COD,,22.0,mg/l,Fair
SRB00001,Bezdan,2015-02-04,BOD,,2.0,mg/l,Fair
SRB00001,Bezdan,2015-02-04,COD,,12.0,mg/l,Fair
SRB00001,Bezdan,2015-03-04,BOD,,1.3,mg/l,Fair
SRB00001,Bezdan,2015-03-04,COD,,15.0,mg/l,Fair
SRB00001,Bezdan,2015-04-01,BOD,,2.7,mg/l,Fair
SRB00001,Bezdan,2015-04-01,COD,,15.0,mg/l,Fair
SRB00001,Bezdan,2015-05-06,BOD,,2.9,mg/l,Fair
SRB00001,Bezdan,2015-05-06,COD,,10.0,mg/l,Fair
SRB00001,Bezdan,2015-06-03,BOD,,1.6,mg/l,Fair
SRB00001,Bezdan,2015-06-03,COD,,11.0,mg/l,Fair
SRB00001,Bezdan,2015-07-08,BOD,,2.3,mg/l,Fair
SRB00001,Bezdan,2015-07-08,COD,,9.0,mg/l,Fair
SRB00001,Bezdan,2015-08-05,BOD,,1.0,mg/l,Fair
SRB00001,Bezdan,2015-08-05,COD,,9.0,mg/l,Fair
SRB00001,Bezdan,2015-09-02,BOD,,3.2,mg/l,Fair
SRB00001,Bezdan,2015-09-02,COD,,15.0,mg/l,Fair
SRB00001,Bezdan,2015-10-07,BOD,,1.1,mg/l,Fair
SRB00001,Bezdan,2015-10-07,COD,,8.0,mg/l,Fair
SRB00001,Bezdan,2015-11-12,BOD,,1.7,mg/l,Fair
SRB00001,Bezdan,2015-11-12,COD,,8.0,mg/l,Fair
SRB00001,Bezdan,2015-12-02,BOD,,1.0,mg/l,Fair
SRB00001,Bezdan,2015-12-02,COD,,8.0,mg/l,Fair
SRB00001,Bezdan,2016-01-13,BOD,,3.0,mg/l,Fair
SRB00001,Bezdan,2016-01-13,COD,,11.0,mg/l,Fair
SRB00001,Bezdan,2016-02-03,BOD,,2.6,mg/l,Fair
SRB00001,Bezdan,2016-02-03,COD,,12.0,mg/l,Fair
SRB00001,Bezdan,2016-03-02,BOD,,1.9,mg/l,Fair
SRB00001,Bezdan,2016-03-02,COD,,15.0,mg/l,Fair
SRB00001,Bezdan,2016-04-06,BOD,,2.8,mg/l,Fair
SRB00001,Bezdan,2016-04-06,COD,,12.0,mg/l,Fair
SRB00001,Bezdan,2016-05-04,BOD,,2.1,mg/l,Fair
SRB00001,Bezdan,2016-05-04,COD,,9.0,mg/l,Fair
SRB00001,Bezdan,2016-06-01,BOD,,1.8,mg/l,Fair
SRB00001,Bezdan,2016-06-01,COD,,10.0,mg/l,Fair
SRB00001,Bezdan,2016-07-06,BOD,,1.0,mg/l,Fair
SRB00001,Bezdan,2016-07-06,COD,,6.0,mg/l,Fair
SRB00001,Bezdan,2016-08-03,BOD,,1.1,mg/l,Fair
SRB00001,Bezdan,2016-09-07,BOD,,2.2,mg/l,Fair
SRB00001,Bezdan,2016-09-07,COD,,9.0,mg/l,Fair
SRB00001,Bezdan,2016-10-05,BOD,,2.8,mg/l,Fair
SRB00001,Bezdan,2016-10-05,COD,,10.0,mg/l,Fair
SRB00001,Bezdan,2016-11-02,BOD,,2.5,mg/l,Fair
SRB00001,Bezdan,2016-11-02,COD,,7.0,mg/l,Fair
SRB00001,Bezdan,2016-12-07,BOD,,2.2,mg/l,Fair
SRB00001,Bezdan,2016-12-07,COD,,9.0,mg/l,Fair
SRB00001,Bezdan,2017-01-11,BOD,,1.9,mg/l,Fair
SRB00001,Bezdan,2017-01-11,COD,,10.0,mg/l,Fair
SRB00001,Bezdan,2017-02-01,COD,,12.0,mg/l,Fair
SRB00001,Bezdan,2017-03-01,BOD,,2.2,mg/l,Fair
SRB00001,Bezdan,2017-03-01,COD,,11.0,mg/l,Fair
SRB00001,Bezdan,2017-04-05,BOD,,2.7,mg/l,Fair
SRB00001,Bezdan,2017-04-05,COD,,10.0,mg/l,Fair
SRB00001,Bezdan,2017-05-03,BOD,,3.2,mg/l,Fair
SRB00001,Bezdan,2017-05-03,COD,,13.0,mg/l,Fair
SRB00001,Bezdan,2017-06-14,BOD,,2.3,mg/l,Fair
SRB00001,Bezdan,2017-06-14,COD,,14.0,mg/l,Fair
SRB00001,Bezdan,2017-07-05,BOD,,2.4,mg/l,Fair
SRB00001,Bezdan,2017-07-05,COD,,11.0,mg/l,Fair
SRB00001,Bezdan,2017-08-02,BOD,,1.3,mg/l,Fair
SRB00001,Bezdan,2017-08-02,COD,,12.0,mg/l,Fair
SRB00001,Bezdan,2017-09-06,BOD,,2.0,mg/l,Fair
SRB00001,Bezdan,2017-09-06,COD,,18.0,mg/l,Fair
SRB00001,Bezdan,2017-10-04,BOD,,1.1,mg/l,Fair
SRB00001,Bezdan,2017-10-04,COD,,12.0,mg/l,Fair
SRB00001,Bezdan,2017-11-08,BOD,,1.1,mg/l,Fair
SRB00001,Bezdan,2017-11-08,COD,,8.0,mg/l,Fair
SRB00001,Bezdan,2017-12-13,BOD,,1.0,mg/l,Fair
SRB00001,Bezdan,2017-12-13,COD,,10.0,mg/l,Fair
SRB00001,Bezdan,2018-01-10,BOD,,1.0,mg/l,Fair
SRB00001,Bezdan,2018-01-10,COD,,16.0,mg/l,Fair
SRB00001,Bezdan,2018-02-07,BOD,,2.3,mg/l,Fair
SRB00001,Bezdan,2018-02-07,COD,,10.0,mg/l,Fair
SRB00001,Bezdan,2018-03-07,BOD,,1.4,mg/l,Fair
SRB00001,Bezdan,2018-03-07,COD,,12.0,mg/l,Fair
SRB00001,Bezdan,2018-04-04,BOD,,3.7,mg/l,Fair
SRB00001,Bezdan,2018-04-04,COD,,16.0,mg/l,Fair
SRB00001,Bezdan,2018-05-09,BOD,,2.0,mg/l,Fair
SRB00001,Bezdan,2018-05-09,COD,,14.0,mg/l,Fair
SRB00001,Bezdan,2018-06-06,BOD,,3.8,mg/l,Fair
SRB00001,Bezdan,2018-06-06,COD,,17.0,mg/l,Fair
SRB00001,Bezdan,2018-07-04,BOD,,1.0,mg/l,Fair
SRB00001,Bezdan,2018-07-04,COD,,11.0,mg/l,Fair
SRB00001,Bezdan,2018-08-01,BOD,,3.0,mg/l,Fair
SRB00001,Bezdan,2018-08-01,COD,,11.0,mg/l,Fair
SRB00001,Bezdan,2018-09-12,BOD,,2.6,mg/l,Fair
SRB00001,Bezdan,2018-09-12,COD,,17.0,mg/l,Fair
SRB00001,Bezdan,2018-10-03,BOD,,1.0,mg/l,Fair
SRB00001,Bezdan,2018-10-03,COD,,9.0,mg/l,Fair
SRB00001,Bezdan,2018-11-07,BOD,,1.7,mg/l,Fair
SRB00001,Bezdan,2018-11-07,COD,,8.0,mg/l,Fair
SRB00001,Bezdan,2018-12-05,BOD,,1.0,mg/l,Fair
SRB00001,Bezdan,2018-12-05,COD,,11.0,mg/l,Fair
SRB00001,Bezdan,2019-01-09,BOD,,1.0,mg/l,Fair
SRB00001,Bezdan,2019-01-09,COD,,13.0,mg/l,Fair
SRB00001,Bezdan,2019-02-06,BOD,,2.1,mg/l,Fair
SRB00001,Bezdan,2019-02-06,COD,,11.0,mg/l,Fair
SRB00001,Bezdan,2019-03-06,BOD,,1.7,mg/l,Fair
SRB00001,Bezdan,2019-03-06,COD,,9.0,mg/l,Fair
SRB00001,Bezdan,2019-04-03,BOD,,3.1,mg/l,Fair
SRB00001,Bezdan,2019-04-03,COD,,11.0,mg/l,Fair
SRB00001,Bezdan,2019-05-08,BOD,,1.3,mg/l,Fair
SRB00001,Bezdan,2019-05-08,COD,,7.0,mg/l,Fair
SRB00001,Bezdan,2019-06-05,BOD,,2.0,mg/l,Fair
SRB00001,Bezdan,2019-06-05,COD,,12.0,mg/l,Fair
SRB00001,Bezdan,2019-07-03,BOD,,1.0,mg/l,Fair
SRB00001,Bezdan,2019-07-03,COD,,11.0,mg/l,Fair
SRB00001,Bezdan,2019-08-07,BOD,,3.0,mg/l,Fair
SRB00001,Bezdan,2019-08-07,COD,,11.0,mg/l,Fair
SRB00001,Bezdan,2019-09-11,BOD,,1.2,mg/l,Fair
SRB00001,Bezdan,2019-09-11,COD,,15.0,mg/l,Fair
SRB00001,Bezdan,2019-10-02,BOD,,2.4,mg/l,Fair
SRB00001,Bezdan,2019-10-02,COD,,11.0,mg/l,Fair
SRB00001,Bezdan,2019-11-06,BOD,,1.8,mg/l,Fair
SRB00001,Bezdan,2019-11-06,COD,,7.0,mg/l,Fair
SRB00001,Bezdan,2019-12-04,BOD,,1.0,mg/l,Fair
SRB00001,Bezdan,2019-12-04,COD,,13.0,mg/l,Fair
SRB00001,Bezdan,2020-01-08,BOD,,1.2,mg/l,Fair
SRB00001,Bezdan,2020-02-05,BOD,,1.3,mg/l,Fair
SRB00001,Bezdan,2020-03-04,BOD,,1.3,mg/l,Fair
SRB00001,Bezdan,2020-05-06,BOD,,2.5,mg/l,Fair
SRB00001,Bezdan,2020-06-03,BOD,,1.5,mg/l,Fair
SRB00001,Bezdan,2020-07-08,BOD,,1.0,mg/l,Fair
SRB00001,Bezdan,2020-08-05,BOD,,1.1,mg/l,Fair
SRB00001,Bezdan,2020-09-09,BOD,,1.1,mg/l,Fair
SRB00001,Bezdan,2020-09-09,COD,,13.0,mg/l,Fair
SRB00001,Bezdan,2020-10-07,BOD,,1.0,mg/l,Fair
SRB00001,Bezdan,2020-10-07,COD,,12.0,mg/l,Fair
SRB00001,Bezdan,2020-11-04,BOD,,1.0,mg/l,Fair
SRB00001,Bezdan,2020-11-04,COD,,16.0,mg/l,Fair
SRB00001,Bezdan,2020-12-02,BOD,,1.4,mg/l,Fair
SRB00001,Bezdan,2020-12-02,COD,,16.0,mg/l,Fair
SRB00001,Bezdan,2021-01-13,BOD,,1.0,mg/l,Fair
SRB00001,Bezdan,2021-01-13,COD,,10.0,mg/l,Fair
SRB00001,Bezdan,2021-02-03,BOD,,2.1,mg/l,Fair
SRB00001,Bezdan,2021-02-03,COD,,10.0,mg/l,Fair
SRB00001,Bezdan,2021-03-03,BOD,,2.2,mg/l,Fair
SRB00001,Bezdan,2021-03-03,COD,,10.0,mg/l,Fair
SRB00001,Bezdan,2021-04-07,BOD,,3.0,mg/l,Fair
SRB00001,Bezdan,2021-04-07,COD,,12.0,mg/l,Fair
SRB00001,Bezdan,2021-05-05,BOD,,3.4,mg/l,Fair
SRB00001,Bezdan,2021-06-16,BOD,,1.0,mg/l,Fair
SRB00001,Bezdan,2021-07-07,BOD,,1.9,mg/l,Fair
SRB00001,Bezdan,2021-08-11,BOD,,1.7,mg/l,Fair
SRB00001,Bezdan,2021-09-08,BOD,,3.4,mg/l,Fair
SRB00001,Bezdan,2021-10-06,BOD,,1.2,mg/l,Fair
SRB00001,Bezdan,2021-11-03,BOD,,2.9,mg/l,Fair
SRB00001,Bezdan,2021-12-01,BOD,,1.9,mg/l,Fair
SRB00001,Bezdan,2022-01-05,BOD,,0.6,mg/l,Fair
SRB00001,Bezdan,2022-02-02,BOD,,2.4,mg/l,Fair
SRB00001,Bezdan,2022-03-02,BOD,,2.2,mg/l,Fair
SRB00001,Bezdan,2022-03-02,COD,,11.0,mg/l,Fair
SRB00001,Bezdan,2022-04-06,BOD,,4.2,mg/l,Fair
SRB00001,Bezdan,2022-05-04,BOD,,3.7,mg/l,Fair
SRB00001,Bezdan,2022-06-01,BOD,,3.3,mg/l,Fair
SRB00001,Bezdan,2022-07-06,BOD,,3.3,mg/l,Fair
SRB00001,Bezdan,2022-07-06,COD,,10.0,mg/l,Fair
SRB00001,Bezdan,2022-08-03,BOD,,2.1,mg/l,Fair
SRB00001,Bezdan,2022-08-03,COD,,11.0,mg/l,Fair
SRB00001,Bezdan,2022-09-14,BOD,,2.5,mg/l,Fair
SRB00001,Bezdan,2022-09-14,COD,,10.0,mg/l,Fair
SRB00001,Bezdan,2022-10-05,BOD,,2.3,mg/l,Fair
SRB00001,Bezdan,2022-10-05,COD,,10.0,mg/l,Fair
SRB00001,Bezdan,2022-11-02,BOD,,2.9,mg/l,Fair
SRB00001,Bezdan,2022-11-02,COD,,9.0,mg/l,Fair
SRB00001,Bezdan,2022-12-20,BOD,,0.6,mg/l,Fair
SRB00001,Bezdan,2022-12-20,COD,,10.0,mg/l,Fair
SRB00001,Bezdan,2023-01-11,BOD,,2.0,mg/l,Fair
SRB00001,Bezdan,2023-01-11,COD,,12.0,mg/l,Fair
SRB00001,Bezdan,2023-02-01,BOD,,1.7,mg/l,Fair
SRB00001,Bezdan,2023-02-01,COD,,11.0,mg/l,Fair
SRB00001,Bezdan,2023-03-01,BOD,,1.2,mg/l,Fair
SRB00001,Bezdan,2023-04-05,BOD,,3.4,mg/l,Fair
SRB00001,Bezdan,2023-04-05,COD,,13.0,mg/l,Fair
SRB00001,Bezdan,2023-05-03,BOD,,3.8,mg/l,Fair
SRB00001,Bezdan,2023-05-03,COD,,14.0,mg/l,Fair
SRB00001,Bezdan,2023-06-07,BOD,,1.2,mg/l,Fair
SRB00001,Bezdan,2023-06-07,COD,,13.0,mg/l,Fair
SRB00001,Bezdan,2023-07-05,BOD,,2.2,mg/l,Fair
SRB00001,Bezdan,2023-07-05,COD,,10.0,mg/l,Fair
SRB00001,Bezdan,2023-08-02,BOD,,1.9,mg/l,Fair
SRB00001,Bezdan,2023-08-02,COD,,9.0,mg/l,Fair
SRB00001,Bezdan,2023-09-13,BOD,,1.5,mg/l,Fair
SRB00001,Bezdan,2023-09-13,COD,,12.0,mg/l,Fair
SRB00001,Bezdan,2023-10-04,BOD,,1.5,mg/l,Fair
SRB00001,Bezdan,2023-10-04,COD,,11.0,mg/l,Fair
SRB00001,Bezdan,2023-11-08,BOD,,2.5,mg/l,Fair
SRB00001,Bezdan,2023-11-08,COD,,8.0,mg/l,Fair
SRB00001,Bezdan,2023-12-06,BOD,,3.6,mg/l,Fair
SRB00001,Bezdan,2023-12-06,COD,,11.0,mg/l,Fair
SRB00002,Novi Sad,2000-01-18,BOD,,2.6,mg/l,Fair
SRB00002,Novi Sad,2000-02-03,BOD,,3.0,mg/l,Fair
SRB00002,Novi Sad,2000-03-09,BOD,,2.5,mg/l,Fair
SRB00002,Novi Sad,2000-05-05,BOD,,2.5,mg/l,Fair
SRB00002,Novi Sad,2000-06-27,BOD,,4.8,mg/l,Fair
SRB00002,Novi Sad,2000-08-01,BOD,,5.7,mg/l,Fair
SRB00002,Novi Sad,2000-09-07,BOD,,3.3,mg/l,Fair
SRB00002,Novi Sad,2000-09-28,BOD,,2.7,mg/l,Fair
SRB00002,Novi Sad,2000-11-07,BOD,,2.1,mg/l,Fair
SRB00002,Novi Sad,2000-11-28,BOD,,2.0,mg/l,Fair
SRB00002,Novi Sad,2000-12-19,BOD,,2.7,mg/l,Fair
SRB00002,Novi Sad,2001-01-30,BOD,,2.7,mg/l,Fair
SRB00002,Novi Sad,2001-02-21,BOD,,2.4,mg/l,Fair
SRB00002,Novi Sad,2001-03-30,BOD,,2.1,mg/l,Fair
SRB00002,Novi Sad,2001-05-08,BOD,,2.5,mg/l,Fair
SRB00002,Novi Sad,2001-05-31,BOD,,4.0,mg/l,Fair
SRB00002,Novi Sad,2001-07-24,BOD,,1.8,mg/l,Fair
SRB00002,Novi Sad,2001-08-29,BOD,,4.0,mg/l,Fair
SRB00002,Novi Sad,2001-12-04,BOD,,1.4,mg/l,Fair
SRB00002,Novi Sad,2001-12-27,BOD,,2.2,mg/l,Fair
SRB00002,Novi Sad,2002-01-17,BOD,,3.1,mg/l,Fair
SRB00002,Novi Sad,2002-02-27,BOD,,2.0,mg/l,Fair
SRB00002,Novi Sad,2002-03-26,BOD,,3.7,mg/l,Fair
SRB00002,Novi Sad,2002-04-12,BOD,,3.2,mg/l,Fair
SRB00002,Novi Sad,2002-05-24,BOD,,3.8,mg/l,Fair
SRB00002,Novi Sad,2002-06-27,BOD,,5.3,mg/l,Fair
SRB00002,Novi Sad,2002-07-09,BOD,,5.0,mg/l,Fair
SRB00002,Novi Sad,2002-08-21,BOD,,4.2,mg/l,Fair
SRB00002,Novi Sad,2002-09-27,BOD,,2.5,mg/l,Fair
SRB00002,Novi Sad,2002-10-22,BOD,,2.0,mg/l,Fair
SRB00002,Novi Sad,2002-11-22,BOD,,1.9,mg/l,Fair
SRB00002,Novi Sad,2002-12-26,BOD,,2.4,mg/l,Fair
SRB00002,Novi Sad,2003-01-16,BOD,,2.3,mg/l,Fair
SRB00002,Novi Sad,2003-02-14,BOD,,2.2,mg/l,Fair
SRB00002,Novi Sad,2003-03-26,BOD,,3.4,mg/l,Fair
SRB00002,Novi Sad,2003-04-10,BOD,,4.9,mg/l,Fair
SRB00002,Novi Sad,2003-05-22,BOD,,4.3,mg/l,Fair
SRB00002,Novi Sad,2003-06-12,BOD,,5.1,mg/l,Fair
SRB00002,Novi Sad,2003-07-17,BOD,,5.9,mg/l,Fair
SRB00002,Novi Sad,2003-08-28,BOD,,3.5,mg/l,Fair
SRB00002,Novi Sad,2003-09-12,BOD,,2.3,mg/l,Fair
SRB00002,Novi Sad,2003-10-21,BOD,,3.2,mg/l,Fair
SRB00002,Novi Sad,2003-11-20,BOD,,2.5,mg/l,Fair
SRB00002,Novi Sad,2003-12-18,BOD,,2.6,mg/l,Fair
SRB00002,Novi Sad,2013-01-22,BOD,,2.2,mg/l,Fair
SRB00002,Novi Sad,2013-02-12,BOD,,2.4,mg/l,Fair
SRB00002,Novi Sad,2013-02-12,COD,,12.0,mg/l,Fair
SRB00002,Novi Sad,2013-03-14,BOD,,3.1,mg/l,Fair
SRB00002,Novi Sad,2013-03-14,COD,,10.0,mg/l,Fair
SRB00002,Novi Sad,2013-04-26,BOD,,2.7,mg/l,Fair
SRB00002,Novi Sad,2013-04-26,COD,,11.0,mg/l,Fair
SRB00002,Novi Sad,2013-05-21,BOD,,2.5,mg/l,Fair
SRB00002,Novi Sad,2013-05-21,COD,,7.0,mg/l,Fair
SRB00002,Novi Sad,2013-06-18,BOD,,2.3,mg/l,Fair
SRB00002,Novi Sad,2013-06-18,COD,,16.0,mg/l,Fair
SRB00002,Novi Sad,2013-07-31,BOD,,2.3,mg/l,Fair
SRB00002,Novi Sad,2013-07-31,COD,,7.0,mg/l,Fair
SRB00002,Novi Sad,2013-08-12,BOD,,3.1,mg/l,Fair
SRB00002,Novi Sad,2013-08-12,COD,,10.0,mg/l,Fair
SRB00002,Novi Sad,2013-09-25,BOD,,2.5,mg/l,Fair
SRB00002,Novi Sad,2013-09-25,COD,,10.0,mg/l,Fair
SRB00002,Novi Sad,2013-10-10,BOD,,2.1,mg/l,Fair
SRB00002,Novi Sad,2013-10-10,COD,,6.0,mg/l,Fair
SRB00002,Novi Sad,2013-11-21,BOD,,1.4,mg/l,Fair
SRB00002,Novi Sad,2013-11-21,COD,,9.0,mg/l,Fair
SRB00002,Novi Sad,2013-12-17,BOD,,2.3,mg/l,Fair
SRB00002,Novi Sad,2013-12-17,COD,,7.0,mg/l,Fair
SRB00002,Novi Sad,2014-01-28,BOD,,1.9,mg/l,Fair
SRB00002,Novi Sad,2014-01-28,COD,,5.0,mg/l,Fair
SRB00002,Novi Sad,2014-02-20,BOD,,3.0,mg/l,Fair
SRB00002,Novi Sad,2014-02-20,COD,,10.0,mg/l,Fair
SRB00002,Novi Sad,2014-03-28,BOD,,2.4,mg/l,Fair
SRB00002,Novi Sad,2014-03-28,COD,,9.0,mg/l,Fair
SRB00002,Novi Sad,2014-04-24,BOD,,2.8,mg/l,Fair
SRB00002,Novi Sad,2014-04-24,COD,,7.0,mg/l,Fair
SRB00002,Novi Sad,2014-05-23,BOD,,3.1,mg/l,Fair
SRB00002,Novi Sad,2014-05-23,COD,,9.0,mg/l,Fair
SRB00002,Novi Sad,2014-06-10,BOD,,2.5,mg/l,Fair
SRB00002,Novi Sad,2014-06-10,COD,,10.0,mg/l,Fair
SRB00002,Novi Sad,2014-07-18,BOD,,1.0,mg/l,Fair
SRB00002,Novi Sad,2014-08-08,BOD,,1.6,mg/l,Fair
SRB00002,Novi Sad,2014-09-30,BOD,,2.5,mg/l,Fair
SRB00002,Novi Sad,2014-10-09,BOD,,2.3,mg/l,Fair
SRB00002,Novi Sad,2014-11-18,BOD,,1.5,mg/l,Fair
SRB00002,Novi Sad,2014-12-25,BOD,,1.9,mg/l,Fair
SRB00002,Novi Sad,2015-01-16,BOD,,1.1,mg/l,Fair
SRB00002,Novi Sad,2015-01-16,COD,,10.0,mg/l,Fair
SRB00002,Novi Sad,2015-02-24,BOD,,1.9,mg/l,Fair
SRB00002,Novi Sad,2015-02-24,COD,,11.0,mg/l,Fair
SRB00002,Novi Sad,2015-03-17,BOD,,2.4,mg/l,Fair
SRB00002,Novi Sad,2015-04-07,BOD,,2.3,mg/l,Fair
SRB00002,Novi Sad,2015-05-12,BOD,,1.8,mg/l,Fair
SRB00002,Novi Sad,2015-06-18,BOD,,2.1,mg/l,Fair
SRB00002,Novi Sad,2015-07-21,BOD,,2.8,mg/l,Fair
SRB00002,Novi Sad,2015-08-18,BOD,,2.6,mg/l,Fair
SRB00002,Novi Sad,2015-09-24,BOD,,1.6,mg/l,Fair
SRB00002,Novi Sad,2015-10-23,BOD,,1.5,mg/l,Fair
SRB00002,Novi Sad,2015-11-10,BOD,,2.1,mg/l,Fair
SRB00002,Novi Sad,2015-12-23,BOD,,1.5,mg/l,Fair
SRB00002,Novi Sad,2016-01-12,BOD,,1.2,mg/l,Fair
SRB00002,Novi Sad,2016-02-05,BOD,,2.5,mg/l,Fair
SRB00002,Novi Sad,2016-03-08,BOD,,2.5,mg/l,Fair
SRB00002,Novi Sad,2016-04-05,BOD,,2.4,mg/l,Fair
SRB00002,Novi Sad,2016-05-17,BOD,,2.5,mg/l,Fair
SRB00002,Novi Sad,2016-06-10,BOD,,1.6,mg/l,Fair
SRB00002,Novi Sad,2016-07-12,BOD,,2.1,mg/l,Fair
SRB00002,Novi Sad,2016-07-28,BOD,,2.2,mg/l,Fair
SRB00002,Novi Sad,2016-09-14,BOD,,1.7,mg/l,Fair
SRB00002,Novi Sad,2016-10-26,BOD,,1.8,mg/l,Fair
SRB00002,Novi Sad,2016-11-29,BOD,,2.4,mg/l,Fair
SRB00002,Novi Sad,2016-12-20,BOD,,2.1,mg/l,Fair
SRB00002,Novi Sad,2017-01-19,BOD,,2.6,mg/l,Fair
SRB00002,Novi Sad,2017-02-21,BOD,,2.5,mg/l,Fair
SRB00002,Novi Sad,2017-03-21,BOD,,2.6,mg/l,Fair
SRB00002,Novi Sad,2017-04-07,BOD,,3.2,mg/l,Fair
SRB00002,Novi Sad,2017-05-10,BOD,,2.9,mg/l,Fair
SRB00002,Novi Sad,2017-06-08,BOD,,3.7,mg/l,Fair
SRB00002,Novi Sad,2017-08-02,BOD,,2.0,mg/l,Fair
SRB00002,Novi Sad,2017-08-15,BOD,,2.7,mg/l,Fair
SRB00002,Novi Sad,2017-09-19,BOD,,3.0,mg/l,Fair
SRB00002,Novi Sad,2017-10-17,BOD,,1.9,mg/l,Fair
SRB00002,Novi Sad,2017-11-24,BOD,,2.7,mg/l,Fair
SRB00002,Novi Sad,2017-12-19,BOD,,2.1,mg/l,Fair
SRB00002,Novi Sad,2018-01-10,BOD,,1.5,mg/l,Fair
SRB00002,Novi Sad,2018-02-06,BOD,,2.3,mg/l,Fair
SRB00002,Novi Sad,2018-03-13,BOD,,2.5,mg/l,Fair
SRB00002,Novi Sad,2018-04-17,BOD,,1.7,mg/l,Fair
SRB00002,Novi Sad,2018-05-25,BOD,,2.6,mg/l,Fair
SRB00002,Novi Sad,2018-06-15,BOD,,2.9,mg/l,Fair
SRB00002,Novi Sad,2018-07-18,BOD,,2.6,mg/l,Fair
SRB00002,Novi Sad,2018-08-08,BOD,,2.5,mg/l,Fair
SRB00002,Novi Sad,2018-09-27,BOD,,2.4,mg/l,Fair
SRB00002,Novi Sad,2018-10-25,BOD,,2.1,mg/l,Fair
SRB00002,Novi Sad,2018-11-27,BOD,,2.0,mg/l,Fair
SRB00002,Novi Sad,2018-12-26,BOD,,2.5,mg/l,Fair
SRB00002,Novi Sad,2019-01-29,BOD,,2.5,mg/l,Fair
SRB00002,Novi Sad,2019-02-28,BOD,,2.4,mg/l,Fair
SRB00002,Novi Sad,2019-03-12,BOD,,2.3,mg/l,Fair
SRB00002,Novi Sad,2019-04-23,BOD,,2.8,mg/l,Fair
SRB00002,Novi Sad,2019-05-08,BOD,,3.2,mg/l,Fair
SRB00002,Novi Sad,2019-07-02,BOD,,2.4,mg/l,Fair
SRB00002,Novi Sad,2019-07-23,BOD,,2.6,mg/l,Fair
SRB00002,Novi Sad,2019-08-20,BOD,,2.0,mg/l,Fair
SRB00002,Novi Sad,2019-08-20,COD,,6.0,mg/l,Fair
SRB00002,Novi Sad,2019-09-03,BOD,,2.3,mg/l,Fair
SRB00002,Novi Sad,2019-10-02,BOD,,2.0,mg/l,Fair
SRB00002,Novi Sad,2019-11-05,BOD,,2.1,mg/l,Fair
SRB00002,Novi Sad,2019-12-10,BOD,,2.8,mg/l,Fair
SRB00002,Novi Sad,2020-01-31,BOD,,2.1,mg/l,Fair
SRB00002,Novi Sad,2020-02-28,BOD,,2.7,mg/l,Fair
SRB00002,Novi Sad,2020-03-18,BOD,,2.2,mg/l,Fair
SRB00002,Novi Sad,2020-05-14,BOD,,3.1,mg/l,Fair
SRB00002,Novi Sad,2020-06-05,BOD,,2.0,mg/l,Fair
SRB00002,Novi Sad,2020-07-21,BOD,,2.5,mg/l,Fair
SRB00002,Novi Sad,2020-08-21,BOD,,2.3,mg/l,Fair
SRB00002,Novi Sad,2020-09-30,BOD,,2.0,mg/l,Fair
SRB00002,Novi Sad,2020-10-28,BOD,,2.8,mg/l,Fair
SRB00002,Novi Sad,2020-11-27,BOD,,2.5,mg/l,Fair
SRB00002,Novi Sad,2020-12-24,BOD,,2.5,mg/l,Fair
SRB00002,Novi Sad,2021-01-29,BOD,,1.0,mg/l,Fair
SRB00002,Novi Sad,2021-02-26,BOD,,2.7,mg/l,Fair
SRB00002,Novi Sad,2021-03-23,BOD,,3.4,mg/l,Fair
SRB00002,Novi Sad,2021-04-28,BOD,,2.8,mg/l,Fair
SRB00002,Novi Sad,2021-05-25,BOD,,2.3,mg/l,Fair
SRB00002,Novi Sad,2021-06-29,BOD,,2.1,mg/l,Fair
SRB00002,Novi Sad,2021-07-29,BOD,,2.1,mg/l,Fair
SRB00002,Novi Sad,2021-08-18,BOD,,2.4,mg/l,Fair
SRB00002,Novi Sad,2021-09-30,BOD,,2.2,mg/l,Fair
SRB00002,Novi Sad,2021-10-28,BOD,,2.4,mg/l,Fair
SRB00002,Novi Sad,2021-11-19,BOD,,2.7,mg/l,Fair
SRB00002,Novi Sad,2021-12-01,BOD,,2.1,mg/l,Fair
SRB00002,Novi Sad,2022-01-19,BOD,,1.7,mg/l,Fair
SRB00002,Novi Sad,2022-02-23,BOD,,1.9,mg/l,Fair
SRB00002,Novi Sad,2022-03-31,BOD,,3.8,mg/l,Fair
SRB00002,Novi Sad,2022-04-29,BOD,,3.0,mg/l,Fair
SRB00002,Novi Sad,2022-06-01,BOD,,3.0,mg/l,Fair
SRB00002,Novi Sad,2022-06-30,BOD,,3.6,mg/l,Fair
SRB00002,Novi Sad,2022-07-27,BOD,,3.6,mg/l,Fair
SRB00002,Novi Sad,2022-08-26,BOD,,2.4,mg/l,Fair
SRB00002,Novi Sad,2022-10-05,BOD,,2.5,mg/l,Fair
SRB00002,Novi Sad,2022-11-04,BOD,,2.1,mg/l,Fair
SRB00002,Novi Sad,2022-11-30,BOD,,2.6,mg/l,Fair
SRB00002,Novi Sad,2023-01-06,BOD,,3.5,mg/l,Fair
SRB00002,Novi Sad,2023-02-07,BOD,,1.5,mg/l,Fair
SRB00002,Novi Sad,2023-03-08,BOD,,2.6,mg/l,Fair
SRB00002,Novi Sad,2023-04-11,BOD,,2.7,mg/l,Fair
SRB00002,Novi Sad,2023-05-05,BOD,,2.1,mg/l,Fair
SRB00002,Novi Sad,2023-06-01,BOD,,2.9,mg/l,Fair
SRB00002,Novi Sad,2023-07-12,BOD,,2.7,mg/l,Fair
SRB00002,Novi Sad,2023-08-15,BOD,,3.1,mg/l,Fair
SRB00002,Novi Sad,2023-09-07,BOD,,2.3,mg/l,Fair
SRB00002,Novi Sad,2023-10-06,BOD,,1.9,mg/l,Fair
SRB00002,Novi Sad,2023-11-02,BOD,,2.8,mg/l,Fair
SRB00002,Novi Sad,2023-12-19,BOD,,3.3,mg/l,Fair
SRB00003,Zemun,2000-01-19,BOD,,2.4,mg/l,Fair
SRB00003,Zemun,2000-02-23,BOD,,1.5,mg/l,Fair
SRB00003,Zemun,2000-03-15,BOD,,2.5,mg/l,Fair
SRB00003,Zemun,2000-04-19,BOD,,3.0,mg/l,Fair
SRB00003,Zemun,2000-05-17,BOD,,3.3,mg/l,Fair
SRB00003,Zemun,2000-06-21,BOD,,1.4,mg/l,Fair
SRB00003,Zemun,2000-07-19,BOD,,2.5,mg/l,Fair
SRB00003,Zemun,2000-08-15,BOD,,1.5,mg/l,Fair
SRB00003,Zemun,2000-09-20,BOD,,2.6,mg/l,Fair
SRB00003,Zemun,2000-10-19,BOD,,2.6,mg/l,Fair
SRB00003,Zemun,2000-11-23,BOD,,3.6,mg/l,Fair
SRB00003,Zemun,2000-12-20,BOD,,2.2,mg/l,Fair
SRB00003,Zemun,2001-01-17,BOD,,1.2,mg/l,Fair
SRB00003,Zemun,2001-02-21,BOD,,3.2,mg/l,Fair
SRB00003,Zemun,2001-03-21,BOD,,2.9,mg/l,Fair
SRB00003,Zemun,2001-04-18,BOD,,3.9,mg/l,Fair
SRB00003,Zemun,2001-05-16,BOD,,1.6,mg/l,Fair
SRB00003,Zemun,2001-06-20,BOD,,1.9,mg/l,Fair
SRB00003,Zemun,2001-07-18,BOD,,1.5,mg/l,Fair
SRB00003,Zemun,2001-08-15,BOD,,1.4,mg/l,Fair
SRB00003,Zemun,2001-09-19,BOD,,1.0,mg/l,Fair
SRB00003,Zemun,2001-10-17,BOD,,1.4,mg/l,Fair
SRB00003,Zemun,2001-11-21,BOD,,1.1,mg/l,Fair
SRB00003,Zemun,2001-12-19,BOD,,1.9,mg/l,Fair
SRB00003,Zemun,2002-01-23,BOD,,3.8,mg/l,Fair
SRB00003,Zemun,2002-02-20,BOD,,2.0,mg/l,Fair
SRB00003,Zemun,2002-03-20,BOD,,1.4,mg/l,Fair
SRB00003,Zemun,2002-04-17,BOD,,2.7,mg/l,Fair
SRB00003,Zemun,2002-05-15,BOD,,3.8,mg/l,Fair
SRB00003,Zemun,2002-06-19,BOD,,2.3,mg/l,Fair
SRB00003,Zemun,2002-07-17,BOD,,1.8,mg/l,Fair
SRB00003,Zemun,2002-08-21,BOD,,4.8,mg/l,Fair
SRB00003,Zemun,2002-09-18,BOD,,2.1,mg/l,Fair
SRB00003,Zemun,2002-10-16,BOD,,2.2,mg/l,Fair
SRB00003,Zemun,2002-11-20,BOD,,2.4,mg/l,Fair
SRB00003,Zemun,2002-12-20,BOD,,1.2,mg/l,Fair
SRB00003,Zemun,2003-01-15,BOD,,1.9,mg/l,Fair
SRB00003,Zemun,2003-02-19,BOD,,3.2,mg/l,Fair
SRB00003,Zemun,2003-03-19,BOD,,3.8,mg/l,Fair
SRB00003,Zemun,2003-04-16,BOD,,3.3,mg/l,Fair
SRB00003,Zemun,2003-05-21,BOD,,2.9,mg/l,Fair
SRB00003,Zemun,2003-06-18,BOD,,1.6,mg/l,Fair
SRB00003,Zemun,2003-07-16,BOD,,3.2,mg/l,Fair
SRB00003,Zemun,2003-08-20,BOD,,3.4,mg/l,Fair
SRB00003,Zemun,2003-09-17,BOD,,2.4,mg/l,Fair
SRB00003,Zemun,2003-10-16,BOD,,2.3,mg/l,Fair
SRB00003,Zemun,2003-11-20,BOD,,2.0,mg/l,Fair
SRB00003,Zemun,2003-12-16,BOD,,1.4,mg/l,Fair
SRB00003,Zemun,2013-01-16,BOD,,2.3,mg/l,Fair
SRB00003,Zemun,2013-02-20,BOD,,3.3,mg/l,Fair
SRB00003,Zemun,2013-02-20,COD,,6.0,mg/l,Fair
SRB00003,Zemun,2013-03-20,BOD,,2.3,mg/l,Fair
SRB00003,Zemun,2013-03-20,COD,,12.0,mg/l,Fair
SRB00003,Zemun,2013-04-17,BOD,,2.4,mg/l,Fair
SRB00003,Zemun,2013-04-17,COD,,11.0,mg/l,Fair
SRB00003,Zemun,2013-06-19,BOD,,2.9,mg/l,Fair
SRB00003,Zemun,2013-07-17,BOD,,1.7,mg/l,Fair
SRB00003,Zemun,2013-07-17,COD,,9.2,mg/l,Fair
SRB00003,Zemun,2013-08-21,BOD,,1.1,mg/l,Fair
SRB00003,Zemun,2013-08-21,COD,,6.5,mg/l,Fair
SRB00003,Zemun,2013-09-18,BOD,,1.5,mg/l,Fair
SRB00003,Zemun,2013-09-18,COD,,5.7,mg/l,Fair
SRB00003,Zemun,2013-10-16,BOD,,1.6,mg/l,Fair
SRB00003,Zemun,2013-10-16,COD,<,5.0,mg/l,Fair
SRB00003,Zemun,2013-11-20,BOD,,1.8,mg/l,Fair
SRB00003,Zemun,2013-11-20,COD,<,5.0,mg/l,Fair
SRB00003,Zemun,2013-12-18,BOD,,1.7,mg/l,Fair
SRB00003,Zemun,2013-12-18,COD,,7.0,mg/l,Fair
SRB00003,Zemun,2014-01-30,BOD,,1.8,mg/l,Fair
SRB00003,Zemun,2014-02-19,BOD,,1.8,mg/l,Fair
SRB00003,Zemun,2014-02-19,COD,,16.0,mg/l,Fair
SRB00003,Zemun,2014-03-19,BOD,,2.0,mg/l,Fair
SRB00003,Zemun,2014-03-19,COD,,18.0,mg/l,Fair
SRB00003,Zemun,2014-04-16,BOD,,1.1,mg/l,Fair
SRB00003,Zemun,2014-04-16,COD,,14.0,mg/l,Fair
SRB00003,Zemun,2014-05-14,BOD,,1.1,mg/l,Fair
SRB00003,Zemun,2014-05-14,COD,,16.0,mg/l,Fair
SRB00003,Zemun,2014-06-25,BOD,,1.0,mg/l,Fair
SRB00003,Zemun,2014-06-25,COD,,6.0,mg/l,Fair
SRB00003,Zemun,2014-07-16,BOD,,1.0,mg/l,Fair
SRB00003,Zemun,2014-07-16,COD,,7.0,mg/l,Fair
SRB00003,Zemun,2014-08-20,BOD,,1.5,mg/l,Fair
SRB00003,Zemun,2014-08-20,COD,,9.0,mg/l,Fair
SRB00003,Zemun,2014-09-17,BOD,,1.7,mg/l,Fair
SRB00003,Zemun,2014-10-15,BOD,,1.5,mg/l,Fair
SRB00003,Zemun,2014-10-15,COD,,20.0,mg/l,Fair
SRB00003,Zemun,2014-11-19,BOD,,2.5,mg/l,Fair
SRB00003,Zemun,2014-11-19,COD,,11.0,mg/l,Fair
SRB00003,Zemun,2014-12-24,BOD,,1.5,mg/l,Fair
SRB00003,Zemun,2014-12-24,COD,,10.0,mg/l,Fair
SRB00003,Zemun,2015-01-21,BOD,,2.5,mg/l,Fair
SRB00003,Zemun,2015-01-21,COD,,14.0,mg/l,Fair
SRB00003,Zemun,2015-02-18,BOD,,2.3,mg/l,Fair
SRB00003,Zemun,2015-02-18,COD,,17.0,mg/l,Fair
SRB00003,Zemun,2015-03-18,BOD,,2.6,mg/l,Fair
SRB00003,Zemun,2015-03-18,COD,,15.0,mg/l,Fair
SRB00003,Zemun,2015-04-15,BOD,,2.3,mg/l,Fair
SRB00003,Zemun,2015-04-15,COD,,11.0,mg/l,Fair
SRB00003,Zemun,2015-05-27,BOD,,1.8,mg/l,Fair
SRB00003,Zemun,2015-05-27,COD,,10.0,mg/l,Fair
SRB00003,Zemun,2015-06-17,BOD,,3.2,mg/l,Fair
SRB00003,Zemun,2015-06-17,COD,,11.0,mg/l,Fair
SRB00003,Zemun,2015-07-15,BOD,,2.0,mg/l,Fair
SRB00003,Zemun,2015-07-15,COD,,17.0,mg/l,Fair
SRB00003,Zemun,2015-08-21,BOD,,1.1,mg/l,Fair
SRB00003,Zemun,2015-08-21,COD,,15.0,mg/l,Fair
SRB00003,Zemun,2015-09-16,BOD,,1.7,mg/l,Fair
SRB00003,Zemun,2015-09-16,COD,,15.0,mg/l,Fair
SRB00003,Zemun,2015-10-21,BOD,,1.7,mg/l,Fair
SRB00003,Zemun,2015-10-21,COD,,10.0,mg/l,Fair
SRB00003,Zemun,2015-11-18,BOD,,1.4,mg/l,Fair
SRB00003,Zemun,2015-11-18,COD,,13.0,mg/l,Fair
SRB00003,Zemun,2015-12-16,BOD,,1.5,mg/l,Fair
SRB00003,Zemun,2016-01-20,BOD,,1.4,mg/l,Fair
SRB00003,Zemun,2016-02-18,BOD,,2.6,mg/l,Fair
SRB00003,Zemun,2016-03-16,BOD,,2.2,mg/l,Fair
SRB00003,Zemun,2016-04-20,BOD,,4.3,mg/l,Fair
SRB00003,Zemun,2016-05-18,BOD,,1.6,mg/l,Fair
SRB00003,Zemun,2016-06-15,BOD,,1.9,mg/l,Fair
SRB00003,Zemun,2016-07-20,BOD,,2.0,mg/l,Fair
SRB00003,Zemun,2016-08-24,BOD,,2.1,mg/l,Fair
SRB00003,Zemun,2016-09-22,BOD,,1.6,mg/l,Fair
SRB00003,Zemun,2016-10-19,BOD,,2.1,mg/l,Fair
SRB00003,Zemun,2016-11-15,BOD,,2.6,mg/l,Fair
SRB00003,Zemun,2016-12-21,BOD,,2.1,mg/l,Fair
SRB00003,Zemun,2017-01-04,BOD,,2.7,mg/l,Fair
SRB00003,Zemun,2017-02-22,BOD,,2.3,mg/l,Fair
SRB00003,Zemun,2017-03-15,BOD,,2.2,mg/l,Fair
SRB00003,Zemun,2017-04-19,BOD,,2.1,mg/l,Fair
SRB00003,Zemun,2017-05-17,BOD,,1.6,mg/l,Fair
SRB00003,Zemun,2017-06-22,BOD,,1.5,mg/l,Fair
SRB00003,Zemun,2017-07-19,BOD,,2.4,mg/l,Fair
SRB00003,Zemun,2017-08-23,BOD,,2.0,mg/l,Fair
SRB00003,Zemun,2017-09-20,BOD,,1.7,mg/l,Fair
SRB00003,Zemun,2017-10-25,BOD,,2.2,mg/l,Fair
SRB00003,Zemun,2017-11-15,BOD,,1.8,mg/l,Fair
SRB00003,Zemun,2017-12-20,BOD,,2.0,mg/l,Fair
SRB00003,Zemun,2018-01-17,BOD,,2.3,mg/l,Fair
SRB00003,Zemun,2018-02-21,BOD,,2.6,mg/l,Fair
SRB00003,Zemun,2018-03-22,BOD,,5.3,mg/l,Fair
SRB00003,Zemun,2018-04-19,BOD,,2.8,mg/l,Fair
SRB00003,Zemun,2018-05-16,BOD,,2.8,mg/l,Fair
SRB00003,Zemun,2018-06-20,BOD,,1.9,mg/l,Fair
SRB00003,Zemun,2018-07-18,BOD,,2.2,mg/l,Fair
SRB00003,Zemun,2018-08-15,BOD,,2.1,mg/l,Fair
SRB00003,Zemun,2018-09-19,BOD,,1.1,mg/l,Fair
SRB00003,Zemun,2018-10-17,BOD,,1.3,mg/l,Fair
SRB00003,Zemun,2018-11-21,BOD,,1.7,mg/l,Fair
SRB00003,Zemun,2018-12-19,BOD,,2.9,mg/l,Fair
SRB00003,Zemun,2019-01-16,BOD,,2.0,mg/l,Fair
SRB00003,Zemun,2019-02-20,BOD,,3.2,mg/l,Fair
SRB00003,Zemun,2019-03-20,BOD,,1.7,mg/l,Fair
SRB00003,Zemun,2019-05-15,BOD,,3.0,mg/l,Fair
SRB00003,Zemun,2019-06-19,BOD,,2.5,mg/l,Fair
SRB00003,Zemun,2019-07-17,BOD,,2.2,mg/l,Fair
SRB00003,Zemun,2019-08-21,BOD,,2.95,mg/l,Fair
SRB00003,Zemun,2019-09-18,BOD,,2.86,mg/l,Fair
SRB00003,Zemun,2019-10-16,BOD,,2.35,mg/l,Fair
SRB00003,Zemun,2019-11-20,BOD,,3.05,mg/l,Fair
SRB00003,Zemun,2019-12-18,BOD,,2.0,mg/l,Fair
SRB00003,Zemun,2020-01-22,BOD,,1.1,mg/l,Fair
SRB00003,Zemun,2020-02-19,BOD,,4.9,mg/l,Fair
SRB00003,Zemun,2020-03-18,BOD,,2.5,mg/l,Fair
SRB00003,Zemun,2020-04-15,BOD,,2.9,mg/l,Fair
SRB00003,Zemun,2020-05-20,BOD,,3.5,mg/l,Fair
SRB00003,Zemun,2020-06-17,BOD,,1.5,mg/l,Fair
SRB00003,Zemun,2020-07-15,BOD,,2.6,mg/l,Fair
SRB00003,Zemun,2020-08-19,BOD,,2.97,mg/l,Fair
SRB00003,Zemun,2020-09-16,BOD,,1.32,mg/l,Fair
SRB00003,Zemun,2020-10-21,BOD,,2.09,mg/l,Fair
SRB00003,Zemun,2020-11-18,BOD,,2.03,mg/l,Fair
SRB00003,Zemun,2020-12-30,BOD,,1.4,mg/l,Fair
SRB00003,Zemun,2021-01-20,BOD,,2.8,mg/l,Fair
SRB00003,Zemun,2021-02-17,BOD,,3.1,mg/l,Fair
SRB00003,Zemun,2021-03-17,BOD,,2.8,mg/l,Fair
SRB00003,Zemun,2021-04-21,BOD,,2.8,mg/l,Fair
SRB00003,Zemun,2021-05-19,BOD,,1.4,mg/l,Fair
SRB00003,Zemun,2021-06-16,BOD,,3.0,mg/l,Fair
SRB00003,Zemun,2021-07-20,BOD,,2.0,mg/l,Fair
SRB00003,Zemun,2021-08-25,BOD,,2.6,mg/l,Fair
SRB00003,Zemun,2021-09-22,BOD,,2.4,mg/l,Fair
SRB00003,Zemun,2021-10-20,BOD,,2.1,mg/l,Fair
SRB00003,Zemun,2021-11-17,BOD,,2.4,mg/l,Fair
SRB00003,Zemun,2021-12-29,BOD,,2.3,mg/l,Fair
SRB00003,Zemun,2022-01-20,BOD,,0.8,mg/l,Fair
SRB00003,Zemun,2022-02-17,BOD,,2.8,mg/l,Fair
SRB00003,Zemun,2022-03-16,BOD,,2.6,mg/l,Fair
SRB00003,Zemun,2022-04-20,BOD,,2.4,mg/l,Fair
SRB00003,Zemun,2022-05-18,BOD,,5.6,mg/l,Fair
SRB00003,Zemun,2022-06-15,BOD,,2.1,mg/l,Fair
SRB00003,Zemun,2022-07-20,BOD,,2.1,mg/l,Fair
SRB00003,Zemun,2022-08-17,BOD,,1.6,mg/l,Fair
SRB00003,Zemun,2022-09-21,BOD,,2.0,mg/l,Fair
SRB00003,Zemun,2022-10-19,BOD,,1.7,mg/l,Fair
SRB00003,Zemun,2022-11-17,BOD,,2.1,mg/l,Fair
SRB00003,Zemun,2022-12-21,BOD,,1.9,mg/l,Fair
SRB00003,Zemun,2023-01-18,BOD,,2.6,mg/l,Fair
SRB00003,Zemun,2023-02-14,BOD,,3.0,mg/l,Fair
SRB00003,Zemun,2023-03-15,BOD,,3.1,mg/l,Fair
SRB00003,Zemun,2023-04-19,BOD,,2.3,mg/l,Fair
SRB00003,Zemun,2023-05-17,BOD,,1.5,mg/l,Fair
SRB00003,Zemun,2023-06-21,BOD,,2.1,mg/l,Fair
SRB00003,Zemun,2023-07-19,BOD,,3.1,mg/l,Fair
SRB00003,Zemun,2023-08-16,BOD,,4.6,mg/l,Fair
SRB00003,Zemun,2023-09-20,BOD,,3.0,mg/l,Fair
SRB00003,Zemun,2023-10-18,BOD,,1.3,mg/l,Fair
SRB00003,Zemun,2023-11-15,BOD,,3.3,mg/l,Fair
SRB00003,Zemun,2023-12-20,BOD,,3.2,mg/l,Fair
SRB00005,Banatska Palanka,2000-01-19,BOD,,3.3,mg/l,Fair
SRB00005,Banatska Palanka,2000-02-16,BOD,,2.7,mg/l,Fair
SRB00005,Banatska Palanka,2000-03-15,BOD,,2.9,mg/l,Fair
SRB00005,Banatska Palanka,2000-04-19,BOD,,3.2,mg/l,Fair
SRB00005,Banatska Palanka,2000-05-18,BOD,,1.6,mg/l,Fair
SRB00005,Banatska Palanka,2000-06-21,BOD,,1.6,mg/l,Fair
SRB00005,Banatska Palanka,2000-07-19,BOD,,2.4,mg/l,Fair
SRB00005,Banatska Palanka,2000-08-16,BOD,,1.6,mg/l,Fair
SRB00005,Banatska Palanka,2000-09-13,BOD,,2.0,mg/l,Fair
SRB00005,Banatska Palanka,2000-10-18,BOD,,1.7,mg/l,Fair
SRB00005,Banatska Palanka,2000-11-15,BOD,,1.1,mg/l,Fair
SRB00005,Banatska Palanka,2000-12-20,BOD,,1.9,mg/l,Fair
SRB00005,Banatska Palanka,2001-01-17,BOD,,3.1,mg/l,Fair
SRB00005,Banatska Palanka,2001-02-22,BOD,,2.3,mg/l,Fair
SRB00005,Banatska Palanka,2001-03-15,BOD,,1.3,mg/l,Fair
SRB00005,Banatska Palanka,2001-04-19,BOD,,2.2,mg/l,Fair
SRB00005,Banatska Palanka,2001-05-17,BOD,,1.0,mg/l,Fair
SRB00005,Banatska Palanka,2001-06-21,BOD,,1.3,mg/l,Fair
SRB00005,Banatska Palanka,2001-07-19,BOD,,1.9,mg/l,Fair
SRB00005,Banatska Palanka,2001-09-13,BOD,,2.5,mg/l,Fair
SRB00005,Banatska Palanka,2001-10-18,BOD,,1.9,mg/l,Fair
SRB00005,Banatska Palanka,2001-11-15,BOD,,2.3,mg/l,Fair
SRB00005,Banatska Palanka,2001-12-13,BOD,,1.0,mg/l,Fair
SRB00005,Banatska Palanka,2002-01-24,BOD,,2.8,mg/l,Fair
SRB00005,Banatska Palanka,2002-02-21,BOD,,2.1,mg/l,Fair
SRB00005,Banatska Palanka,2002-03-21,BOD,,2.0,mg/l,Fair
SRB00005,Banatska Palanka,2002-04-18,BOD,,1.7,mg/l,Fair
SRB00005,Banatska Palanka,2002-05-23,BOD,,3.3,mg/l,Fair
SRB00005,Banatska Palanka,2002-06-15,BOD,,1.6,mg/l,Fair
SRB00005,Banatska Palanka,2002-07-18,BOD,,2.3,mg/l,Fair
SRB00005,Banatska Palanka,2002-08-22,BOD,,2.7,mg/l,Fair
SRB00005,Banatska Palanka,2002-09-19,BOD,,1.0,mg/l,Fair
SRB00005,Banatska Palanka,2002-10-17,BOD,,2.2,mg/l,Fair
SRB00005,Banatska Palanka,2002-11-21,BOD,,1.7,mg/l,Fair
SRB00005,Banatska Palanka,2003-02-20,BOD,,1.7,mg/l,Fair
SRB00005,Banatska Palanka,2003-03-20,BOD,,2.1,mg/l,Fair
SRB00005,Banatska Palanka,2003-04-17,BOD,,2.5,mg/l,Fair
SRB00005,Banatska Palanka,2003-05-22,BOD,,1.7,mg/l,Fair
SRB00005,Banatska Palanka,2003-06-19,BOD,,2.6,mg/l,Fair
SRB00005,Banatska Palanka,2003-07-17,BOD,,1.0,mg/l,Fair
SRB00005,Banatska Palanka,2003-08-21,BOD,,2.0,mg/l,Fair
SRB00005,Banatska Palanka,2003-09-18,BOD,,1.0,mg/l,Fair
SRB00005,Banatska Palanka,2003-10-16,BOD,,2.0,mg/l,Fair
SRB00005,Banatska Palanka,2003-11-20,BOD,,1.7,mg/l,Fair
SRB00005,Banatska Palanka,2003-12-11,BOD,,2.5,mg/l,Fair
SRB00005,Banatska Palanka,2013-01-31,BOD,,1.8,mg/l,Fair
SRB00005,Banatska Palanka,2013-01-31,COD,,9.0,mg/l,Fair
SRB00005,Banatska Palanka,2013-02-18,BOD,,1.5,mg/l,Fair
SRB00005,Banatska Palanka,2013-02-18,COD,,10.0,mg/l,Fair
SRB00005,Banatska Palanka,2013-04-10,BOD,,1.8,mg/l,Fair
SRB00005,Banatska Palanka,2013-04-10,COD,,14.0,mg/l,Fair
SRB00005,Banatska Palanka,2013-05-15,BOD,,1.6,mg/l,Fair
SRB00005,Banatska Palanka,2013-05-15,COD,,9.0,mg/l,Fair
SRB00005,Banatska Palanka,2013-06-20,BOD,,2.1,mg/l,Fair
SRB00005,Banatska Palanka,2013-06-20,COD,,12.0,mg/l,Fair
SRB00005,Banatska Palanka,2013-07-24,BOD,,2.2,mg/l,Fair
SRB00005,Banatska Palanka,2013-07-24,COD,,14.0,mg/l,Fair
SRB00005,Banatska Palanka,2013-08-20,BOD,,1.6,mg/l,Fair
SRB00005,Banatska Palanka,2013-08-20,COD,,7.0,mg/l,Fair
SRB00005,Banatska Palanka,2013-09-26,BOD,,2.9,mg/l,Fair
SRB00005,Banatska Palanka,2013-09-26,COD,,11.0,mg/l,Fair
SRB00005,Banatska Palanka,2013-10-10,BOD,,1.1,mg/l,Fair
SRB00005,Banatska Palanka,2013-10-10,COD,,9.0,mg/l,Fair
SRB00005,Banatska Palanka,2013-12-12,BOD,,1.0,mg/l,Fair
SRB00005,Banatska Palanka,2013-12-12,COD,,9.0,mg/l,Fair
SRB00005,Banatska Palanka,2014-03-06,BOD,,1.0,mg/l,Fair
SRB00005,Banatska Palanka,2014-03-06,COD,,7.0,mg/l,Fair
SRB00005,Banatska Palanka,2014-03-31,BOD,,1.0,mg/l,Fair
SRB00005,Banatska Palanka,2014-03-31,COD,,7.0,mg/l,Fair
SRB00005,Banatska Palanka,2014-04-15,BOD,,1.0,mg/l,Fair
SRB00005,Banatska Palanka,2014-04-15,COD,,7.0,mg/l,Fair
SRB00005,Banatska Palanka,2014-05-15,BOD,,1.2,mg/l,Fair
SRB00005,Banatska Palanka,2014-05-15,COD,,12.0,mg/l,Fair
SRB00005,Banatska Palanka,2014-06-12,BOD,,2.0,mg/l,Fair
SRB00005,Banatska Palanka,2014-06-12,COD,,10.0,mg/l,Fair
SRB00005,Banatska Palanka,2014-07-23,BOD,,1.3,mg/l,Fair
SRB00005,Banatska Palanka,2014-08-14,BOD,,1.3,mg/l,Fair
SRB00005,Banatska Palanka,2014-09-18,BOD,,1.0,mg/l,Fair
SRB00005,Banatska Palanka,2014-10-23,BOD,,1.3,mg/l,Fair
SRB00005,Banatska Palanka,2014-11-20,BOD,,1.5,mg/l,Fair
SRB00005,Banatska Palanka,2014-12-11,BOD,,1.4,mg/l,Fair
SRB00005,Banatska Palanka,2015-01-22,BOD,,1.5,mg/l,Fair
SRB00005,Banatska Palanka,2015-01-22,COD,,10.0,mg/l,Fair
SRB00005,Banatska Palanka,2015-02-19,BOD,,1.8,mg/l,Fair
SRB00005,Banatska Palanka,2015-02-19,COD,,11.0,mg/l,Fair
SRB00005,Banatska Palanka,2015-03-19,BOD,,1.4,mg/l,Fair
SRB00005,Banatska Palanka,2015-03-19,COD,,11.0,mg/l,Fair
SRB00005,Banatska Palanka,2015-04-23,BOD,,2.9,mg/l,Fair
SRB00005,Banatska Palanka,2015-04-23,COD,,11.0,mg/l,Fair
SRB00005,Banatska Palanka,2015-05-28,BOD,,1.0,mg/l,Fair
SRB00005,Banatska Palanka,2015-05-28,COD,,12.0,mg/l,Fair
SRB00005,Banatska Palanka,2015-06-18,BOD,,2.0,mg/l,Fair
SRB00005,Banatska Palanka,2015-06-18,COD,,10.0,mg/l,Fair
SRB00005,Banatska Palanka,2015-07-16,BOD,,1.9,mg/l,Fair
SRB00005,Banatska Palanka,2015-07-16,COD,,18.0,mg/l,Fair
SRB00005,Banatska Palanka,2015-08-20,BOD,,2.2,mg/l,Fair
SRB00005,Banatska Palanka,2015-08-20,COD,,14.0,mg/l,Fair
SRB00005,Banatska Palanka,2015-09-17,BOD,,2.1,mg/l,Fair
SRB00005,Banatska Palanka,2015-09-17,COD,,12.0,mg/l,Fair
SRB00005,Banatska Palanka,2015-10-15,BOD,,2.5,mg/l,Fair
SRB00005,Banatska Palanka,2015-10-15,COD,,13.0,mg/l,Fair
SRB00005,Banatska Palanka,2015-11-19,BOD,,2.1,mg/l,Fair
SRB00005,Banatska Palanka,2015-11-19,COD,,8.0,mg/l,Fair
SRB00005,Banatska Palanka,2015-12-15,BOD,,1.6,mg/l,Fair
SRB00005,Banatska Palanka,2015-12-15,COD,,7.0,mg/l,Fair
SRB00005,Banatska Palanka,2016-01-21,BOD,,1.2,mg/l,Fair
SRB00005,Banatska Palanka,2016-01-21,COD,,16.0,mg/l,Fair
SRB00005,Banatska Palanka,2016-02-10,BOD,,2.9,mg/l,Fair
SRB00005,Banatska Palanka,2016-02-10,COD,,16.0,mg/l,Fair
SRB00005,Banatska Palanka,2016-03-09,BOD,,1.2,mg/l,Fair
SRB00005,Banatska Palanka,2016-03-09,COD,,14.0,mg/l,Fair
SRB00005,Banatska Palanka,2016-04-13,BOD,,3.2,mg/l,Fair
SRB00005,Banatska Palanka,2016-04-13,COD,,12.0,mg/l,Fair
SRB00005,Banatska Palanka,2016-05-12,BOD,,1.9,mg/l,Fair
SRB00005,Banatska Palanka,2016-05-12,COD,,12.0,mg/l,Fair
SRB00005,Banatska Palanka,2016-06-08,BOD,,1.1,mg/l,Fair
SRB00005,Banatska Palanka,2016-07-13,BOD,,4.0,mg/l,Fair
SRB00005,Banatska Palanka,2016-08-10,BOD,,1.0,mg/l,Fair
SRB00005,Banatska Palanka,2016-09-14,BOD,,2.2,mg/l,Fair
SRB00005,Banatska Palanka,2016-10-12,BOD,,2.8,mg/l,Fair
SRB00005,Banatska Palanka,2016-10-12,COD,,11.0,mg/l,Fair
SRB00005,Banatska Palanka,2016-11-09,BOD,,2.3,mg/l,Fair
SRB00005,Banatska Palanka,2016-11-09,COD,,8.0,mg/l,Fair
SRB00005,Banatska Palanka,2016-12-08,BOD,,2.8,mg/l,Fair
SRB00005,Banatska Palanka,2016-12-08,COD,,16.0,mg/l,Fair
SRB00005,Banatska Palanka,2017-02-09,BOD,,3.6,mg/l,Fair
SRB00005,Banatska Palanka,2017-02-09,COD,,17.0,mg/l,Fair
SRB00005,Banatska Palanka,2017-03-09,BOD,,1.7,mg/l,Fair
SRB00005,Banatska Palanka,2017-03-09,COD,,14.0,mg/l,Fair
SRB00005,Banatska Palanka,2017-04-12,BOD,,2.4,mg/l,Fair
SRB00005,Banatska Palanka,2017-04-12,COD,,10.0,mg/l,Fair
SRB00005,Banatska Palanka,2017-05-11,BOD,,3.3,mg/l,Fair
SRB00005,Banatska Palanka,2017-05-11,COD,,15.0,mg/l,Fair
SRB00005,Banatska Palanka,2017-06-15,BOD,,1.8,mg/l,Fair
SRB00005,Banatska Palanka,2017-06-15,COD,,12.0,mg/l,Fair
SRB00005,Banatska Palanka,2017-07-13,BOD,,2.0,mg/l,Fair
SRB00005,Banatska Palanka,2017-07-13,COD,,14.0,mg/l,Fair
SRB00005,Banatska Palanka,2017-08-10,BOD,,1.0,mg/l,Fair
SRB00005,Banatska Palanka,2017-09-14,BOD,,1.9,mg/l,Fair
SRB00005,Banatska Palanka,2017-09-14,COD,,18.0,mg/l,Fair
SRB00005,Banatska Palanka,2017-10-12,BOD,,1.0,mg/l,Fair
SRB00005,Banatska Palanka,2017-10-12,COD,,9.0,mg/l,Fair
SRB00005,Banatska Palanka,2017-11-09,BOD,,1.0,mg/l,Fair
SRB00005,Banatska Palanka,2017-11-09,COD,,9.0,mg/l,Fair
SRB00005,Banatska Palanka,2017-12-07,BOD,,1.0,mg/l,Fair
SRB00005,Banatska Palanka,2017-12-07,COD,,9.0,mg/l,Fair
SRB00005,Banatska Palanka,2018-01-18,BOD,,1.1,mg/l,Fair
SRB00005,Banatska Palanka,2018-01-18,COD,,10.0,mg/l,Fair
SRB00005,Banatska Palanka,2018-02-08,BOD,,2.8,mg/l,Fair
SRB00005,Banatska Palanka,2018-02-08,COD,,21.0,mg/l,Fair
SRB00005,Banatska Palanka,2018-03-15,BOD,,1.4,mg/l,Fair
SRB00005,Banatska Palanka,2018-03-15,COD,,15.0,mg/l,Fair
SRB00005,Banatska Palanka,2018-04-19,BOD,,1.0,mg/l,Fair
SRB00005,Banatska Palanka,2018-04-19,COD,,12.0,mg/l,Fair
SRB00005,Banatska Palanka,2018-05-10,BOD,,2.1,mg/l,Fair
SRB00005,Banatska Palanka,2018-05-10,COD,,16.0,mg/l,Fair
SRB00005,Banatska Palanka,2018-06-14,BOD,,1.6,mg/l,Fair
SRB00005,Banatska Palanka,2018-06-14,COD,,12.0,mg/l,Fair
SRB00005,Banatska Palanka,2018-07-12,BOD,,1.5,mg/l,Fair
SRB00005,Banatska Palanka,2018-07-12,COD,,12.0,mg/l,Fair
SRB00005,Banatska Palanka,2018-08-09,BOD,,3.6,mg/l,Fair
SRB00005,Banatska Palanka,2018-08-09,COD,,11.0,mg/l,Fair
SRB00005,Banatska Palanka,2018-09-13,BOD,,1.9,mg/l,Fair
SRB00005,Banatska Palanka,2018-09-13,COD,,19.0,mg/l,Fair
SRB00005,Banatska Palanka,2018-10-11,BOD,,2.3,mg/l,Fair
SRB00005,Banatska Palanka,2018-10-11,COD,,8.0,mg/l,Fair
SRB00005,Banatska Palanka,2018-11-08,BOD,,1.0,mg/l,Fair
SRB00005,Banatska Palanka,2018-11-08,COD,,11.0,mg/l,Fair
SRB00005,Banatska Palanka,2018-12-06,BOD,,1.0,mg/l,Fair
SRB00005,Banatska Palanka,2018-12-06,COD,,7.0,mg/l,Fair
SRB00005,Banatska Palanka,2019-01-22,BOD,,2.4,mg/l,Fair
SRB00005,Banatska Palanka,2019-01-22,COD,,11.0,mg/l,Fair
SRB00005,Banatska Palanka,2019-02-13,BOD,,1.0,mg/l,Fair
SRB00005,Banatska Palanka,2019-02-13,COD,,11.0,mg/l,Fair
SRB00005,Banatska Palanka,2019-03-14,BOD,,1.1,mg/l,Fair
SRB00005,Banatska Palanka,2019-03-14,COD,,12.0,mg/l,Fair
SRB00005,Banatska Palanka,2019-04-23,BOD,,4.1,mg/l,Fair
SRB00005,Banatska Palanka,2019-04-23,COD,,27.0,mg/l,Fair
SRB00005,Banatska Palanka,2019-05-23,BOD,,1.4,mg/l,Fair
SRB00005,Banatska Palanka,2019-05-23,COD,,11.0,mg/l,Fair
SRB00005,Banatska Palanka,2019-06-13,BOD,,4.9,mg/l,Fair
SRB00005,Banatska Palanka,2019-06-13,COD,,22.0,mg/l,Fair
SRB00005,Banatska Palanka,2019-07-11,BOD,,2.1,mg/l,Fair
SRB00005,Banatska Palanka,2019-07-11,COD,,9.0,mg/l,Fair
SRB00005,Banatska Palanka,2019-08-08,BOD,,1.7,mg/l,Fair
SRB00005,Banatska Palanka,2019-08-08,COD,,9.0,mg/l,Fair
SRB00005,Banatska Palanka,2019-09-12,BOD,,1.5,mg/l,Fair
SRB00005,Banatska Palanka,2019-09-12,COD,,12.0,mg/l,Fair
SRB00005,Banatska Palanka,2019-10-10,BOD,,2.1,mg/l,Fair
SRB00005,Banatska Palanka,2019-10-10,COD,,6.0,mg/l,Fair
SRB00005,Banatska Palanka,2019-11-14,BOD,,1.3,mg/l,Fair
SRB00005,Banatska Palanka,2019-11-14,COD,,7.0,mg/l,Fair
SRB00005,Banatska Palanka,2019-12-12,BOD,,2.0,mg/l,Fair
SRB00005,Banatska Palanka,2019-12-12,COD,,7.0,mg/l,Fair
SRB00005,Banatska Palanka,2020-01-16,BOD,,1.3,mg/l,Fair
SRB00005,Banatska Palanka,2020-02-20,BOD,,2.1,mg/l,Fair
SRB00005,Banatska Palanka,2020-02-20,COD,,13.0,mg/l,Fair
SRB00005,Banatska Palanka,2020-05-14,BOD,,2.1,mg/l,Fair
SRB00005,Banatska Palanka,2020-06-11,BOD,,2.7,mg/l,Fair
SRB00005,Banatska Palanka,2020-06-11,COD,,14.0,mg/l,Fair
SRB00005,Banatska Palanka,2020-07-16,BOD,,1.4,mg/l,Fair
SRB00005,Banatska Palanka,2020-07-16,COD,,15.0,mg/l,Fair
SRB00005,Banatska Palanka,2020-08-13,BOD,,3.0,mg/l,Fair
SRB00005,Banatska Palanka,2020-08-13,COD,,16.0,mg/l,Fair
SRB00005,Banatska Palanka,2020-09-10,BOD,,1.9,mg/l,Fair
SRB00005,Banatska Palanka,2020-09-10,COD,,10.0,mg/l,Fair
SRB00005,Banatska Palanka,2020-10-15,BOD,,1.9,mg/l,Fair
SRB00005,Banatska Palanka,2020-10-15,COD,,14.0,mg/l,Fair
SRB00005,Banatska Palanka,2020-11-12,BOD,,1.2,mg/l,Fair
SRB00005,Banatska Palanka,2020-12-10,BOD,,1.1,mg/l,Fair
SRB00005,Banatska Palanka,2021-01-21,BOD,,1.3,mg/l,Fair
SRB00005,Banatska Palanka,2021-02-11,BOD,,2.4,mg/l,Fair
SRB00005,Banatska Palanka,2021-03-11,BOD,,2.2,mg/l,Fair
SRB00005,Banatska Palanka,2021-04-15,BOD,,1.3,mg/l,Fair
SRB00005,Banatska Palanka,2021-05-13,BOD,,2.3,mg/l,Fair
SRB00005,Banatska Palanka,2021-06-10,BOD,,2.1,mg/l,Fair
SRB00005,Banatska Palanka,2021-07-15,BOD,,3.1,mg/l,Fair
SRB00005,Banatska Palanka,2021-08-30,BOD,,1.6,mg/l,Fair
SRB00005,Banatska Palanka,2021-09-20,BOD,,1.1,mg/l,Fair
SRB00005,Banatska Palanka,2021-10-14,BOD,,1.0,mg/l,Fair
SRB00005,Banatska Palanka,2021-11-09,BOD,,2.4,mg/l,Fair
SRB00005,Banatska Palanka,2022-01-20,BOD,,1.9,mg/l,Fair
SRB00005,Banatska Palanka,2022-01-20,COD,,11.0,mg/l,Fair
SRB00005,Banatska Palanka,2022-02-24,BOD,,2.4,mg/l,Fair
SRB00005,Banatska Palanka,2022-03-24,BOD,,3.5,mg/l,Fair
SRB00005,Banatska Palanka,2022-04-18,BOD,,2.6,mg/l,Fair
SRB00005,Banatska Palanka,2022-05-12,BOD,,2.1,mg/l,Fair
SRB00005,Banatska Palanka,2022-06-09,BOD,,3.3,mg/l,Fair
SRB00005,Banatska Palanka,2022-07-21,BOD,,2.7,mg/l,Fair
SRB00005,Banatska Palanka,2022-08-31,BOD,,1.7,mg/l,Fair
SRB00005,Banatska Palanka,2022-08-31,COD,,7.0,mg/l,Fair
SRB00005,Banatska Palanka,2022-09-15,BOD,,1.0,mg/l,Fair
SRB00005,Banatska Palanka,2022-09-15,COD,,8.0,mg/l,Fair
SRB00005,Banatska Palanka,2022-10-13,BOD,,2.3,mg/l,Fair
SRB00005,Banatska Palanka,2022-10-13,COD,,7.0,mg/l,Fair
SRB00005,Banatska Palanka,2022-11-17,BOD,,1.0,mg/l,Fair
SRB00005,Banatska Palanka,2022-11-17,COD,,7.0,mg/l,Fair
SRB00005,Banatska Palanka,2022-12-08,BOD,,1.3,mg/l,Fair
SRB00005,Banatska Palanka,2022-12-08,COD,,10.0,mg/l,Fair
SRB00005,Banatska Palanka,2023-01-19,BOD,,4.5,mg/l,Fair
SRB00005,Banatska Palanka,2023-01-19,COD,,14.0,mg/l,Fair
SRB00005,Banatska Palanka,2023-02-23,BOD,,1.9,mg/l,Fair
SRB00005,Banatska Palanka,2023-03-16,BOD,,1.0,mg/l,Fair
SRB00005,Banatska Palanka,2023-03-16,COD,,11.0,mg/l,Fair
SRB00005,Banatska Palanka,2023-04-27,BOD,,1.0,mg/l,Fair
SRB00005,Banatska Palanka,2023-04-27,COD,,12.0,mg/l,Fair
SRB00005,Banatska Palanka,2023-05-11,BOD,,1.1,mg/l,Fair
SRB00005,Banatska Palanka,2023-05-11,COD,,16.0,mg/l,Fair
SRB00005,Banatska Palanka,2023-06-30,BOD,,2.0,mg/l,Fair
SRB00005,Banatska Palanka,2023-06-30,COD,,10.0,mg/l,Fair
SRB00005,Banatska Palanka,2023-07-13,BOD,,1.1,mg/l,Fair
SRB00005,Banatska Palanka,2023-08-10,BOD,,1.5,mg/l,Fair
SRB00005,Banatska Palanka,2023-08-10,COD,,10.0,mg/l,Fair
SRB00005,Banatska Palanka,2023-09-14,BOD,,2.9,mg/l,Fair
SRB00005,Banatska Palanka,2023-10-12,BOD,,2.9,mg/l,Fair
SRB00005,Banatska Palanka,2023-11-23,BOD,,1.2,mg/l,Fair
SRB00005,Banatska Palanka,2023-11-23,COD,,13.0,mg/l,Fair
SRB00005,Banatska Palanka,2023-12-14,BOD,,1.6,mg/l,Fair
SRB00006,Tekija,2000-02-02,BOD,,1.0,mg/l,Fair
SRB00006,Tekija,2000-04-06,BOD,,1.2,mg/l,Fair
SRB00006,Tekija,2000-04-26,BOD,,2.7,mg/l,Fair
SRB00006,Tekija,2000-05-26,BOD,,3.9,mg/l,Fair
SRB00006,Tekija,2000-08-01,BOD,,1.2,mg/l,Fair
SRB00006,Tekija,2000-09-08,BOD,,1.1,mg/l,Fair
SRB00006,Tekija,2000-10-10,BOD,,2.3,mg/l,Fair
SRB00006,Tekija,2000-12-04,BOD,,3.2,mg/l,Fair
SRB00006,Tekija,2001-02-22,BOD,,4.0,mg/l,Fair
SRB00006,Tekija,2001-03-27,BOD,,1.4,mg/l,Fair
SRB00006,Tekija,2001-04-29,BOD,,1.2,mg/l,Fair
SRB00006,Tekija,2001-05-29,BOD,,1.8,mg/l,Fair
SRB00006,Tekija,2001-06-07,BOD,,1.3,mg/l,Fair
SRB00006,Tekija,2001-07-26,BOD,,1.9,mg/l,Fair
SRB00006,Tekija,2001-08-28,BOD,,1.8,mg/l,Fair
SRB00006,Tekija,2001-11-24,BOD,,1.0,mg/l,Fair
SRB00006,Tekija,2002-02-13,BOD,,2.3,mg/l,Fair
SRB00006,Tekija,2002-03-28,BOD,,1.7,mg/l,Fair
SRB00006,Tekija,2002-05-28,BOD,,2.0,mg/l,Fair
SRB00006,Tekija,2002-06-27,BOD,,2.6,mg/l,Fair
SRB00006,Tekija,2002-07-23,BOD,,3.5,mg/l,Fair
SRB00006,Tekija,2002-08-30,BOD,,1.4,mg/l,Fair
SRB00006,Tekija,2002-09-24,BOD,,2.5,mg/l,Fair
SRB00006,Tekija,2002-10-24,BOD,,2.8,mg/l,Fair
SRB00006,Tekija,2002-11-26,BOD,,1.5,mg/l,Fair
SRB00006,Tekija,2003-02-27,BOD,,4.9,mg/l,Fair
SRB00006,Tekija,2003-03-25,BOD,,3.4,mg/l,Fair
SRB00006,Tekija,2003-04-22,BOD,,2.1,mg/l,Fair
SRB00006,Tekija,2003-05-29,BOD,,2.2,mg/l,Fair
SRB00006,Tekija,2003-06-26,BOD,,2.4,mg/l,Fair
SRB00006,Tekija,2003-07-30,BOD,,1.4,mg/l,Fair
SRB00006,Tekija,2003-08-13,BOD,,2.6,mg/l,Fair
SRB00006,Tekija,2003-09-25,BOD,,2.8,mg/l,Fair
SRB00006,Tekija,2003-10-24,BOD,,3.6,mg/l,Fair
SRB00006,Tekija,2003-11-27,BOD,,2.2,mg/l,Fair
SRB00006,Tekija,2003-12-16,BOD,,2.6,mg/l,Fair
SRB00006,Tekija,2013-02-11,BOD,,1.2,mg/l,Fair
SRB00006,Tekija,2013-03-18,BOD,,2.8,mg/l,Fair
SRB00006,Tekija,2013-04-22,BOD,,1.0,mg/l,Fair
SRB00006,Tekija,2013-04-22,COD,,8.0,mg/l,Fair
SRB00006,Tekija,2013-05-13,BOD,,2.4,mg/l,Fair
SRB00006,Tekija,2013-05-13,COD,<,5.0,mg/l,Fair
SRB00006,Tekija,2013-06-17,BOD,,2.4,mg/l,Fair
SRB00006,Tekija,2013-06-17,COD,,5.0,mg/l,Fair
SRB00006,Tekija,2013-07-17,BOD,,1.7,mg/l,Fair
SRB00006,Tekija,2013-07-17,COD,<,5.0,mg/l,Fair
SRB00006,Tekija,2013-08-16,BOD,,2.5,mg/l,Fair
SRB00006,Tekija,2013-08-16,COD,,8.0,mg/l,Fair
SRB00006,Tekija,2013-09-11,BOD,,1.4,mg/l,Fair
SRB00006,Tekija,2013-10-17,BOD,,1.1,mg/l,Fair
SRB00006,Tekija,2013-10-17,COD,,18.0,mg/l,Fair
SRB00006,Tekija,2013-11-11,BOD,,1.1,mg/l,Fair
SRB00006,Tekija,2013-11-11,COD,,9.0,mg/l,Fair
SRB00006,Tekija,2013-12-13,BOD,,2.1,mg/l,Fair
SRB00006,Tekija,2013-12-13,COD,,8.0,mg/l,Fair
SRB00006,Tekija,2014-01-28,BOD,,1.4,mg/l,Fair
SRB00006,Tekija,2014-01-28,COD,,11.0,mg/l,Fair
SRB00006,Tekija,2014-03-07,BOD,,2.7,mg/l,Fair
SRB00006,Tekija,2014-03-07,COD,,11.0,mg/l,Fair
SRB00006,Tekija,2014-03-20,BOD,,1.2,mg/l,Fair
SRB00006,Tekija,2014-03-20,COD,,15.0,mg/l,Fair
SRB00006,Tekija,2014-04-28,BOD,,1.6,mg/l,Fair
SRB00006,Tekija,2014-04-28,COD,,9.0,mg/l,Fair
SRB00006,Tekija,2014-05-29,BOD,,2.9,mg/l,Fair
SRB00006,Tekija,2014-05-29,COD,,15.0,mg/l,Fair
SRB00006,Tekija,2014-06-20,BOD,,2.8,mg/l,Fair
SRB00006,Tekija,2014-06-20,COD,,15.7,mg/l,Fair
SRB00006,Tekija,2014-07-31,BOD,,2.0,mg/l,Fair
SRB00006,Tekija,2014-07-31,COD,,15.0,mg/l,Fair
SRB00006,Tekija,2014-08-29,BOD,,1.2,mg/l,Fair
SRB00006,Tekija,2014-08-29,COD,,11.0,mg/l,Fair
SRB00006,Tekija,2014-09-23,BOD,,3.2,mg/l,Fair
SRB00006,Tekija,2014-09-23,COD,,8.0,mg/l,Fair
SRB00006,Tekija,2014-10-15,BOD,,1.4,mg/l,Fair
SRB00006,Tekija,2014-10-15,COD,,10.0,mg/l,Fair
SRB00006,Tekija,2014-11-21,BOD,,2.0,mg/l,Fair
SRB00006,Tekija,2014-11-21,COD,,11.0,mg/l,Fair
SRB00006,Tekija,2014-12-09,BOD,,3.0,mg/l,Fair
SRB00006,Tekija,2014-12-09,COD,,9.0,mg/l,Fair
SRB00006,Tekija,2015-01-26,BOD,,2.2,mg/l,Fair
SRB00006,Tekija,2015-01-26,COD,,15.0,mg/l,Fair
SRB00006,Tekija,2015-02-27,BOD,,3.1,mg/l,Fair
SRB00006,Tekija,2015-02-27,COD,,10.0,mg/l,Fair
SRB00006,Tekija,2015-03-26,BOD,,1.9,mg/l,Fair
SRB00006,Tekija,2015-03-26,COD,,14.0,mg/l,Fair
SRB00006,Tekija,2015-04-30,BOD,,1.9,mg/l,Fair
SRB00006,Tekija,2015-04-30,COD,,13.0,mg/l,Fair
SRB00006,Tekija,2015-05-21,BOD,,2.0,mg/l,Fair
SRB00006,Tekija,2015-05-21,COD,,5.0,mg/l,Fair
SRB00006,Tekija,2015-06-25,BOD,,3.5,mg/l,Fair
SRB00006,Tekija,2015-06-25,COD,,16.0,mg/l,Fair
SRB00006,Tekija,2015-07-23,BOD,,1.7,mg/l,Fair
SRB00006,Tekija,2015-07-23,COD,,17.0,mg/l,Fair
SRB00006,Tekija,2015-08-10,BOD,,1.8,mg/l,Fair
SRB00006,Tekija,2015-08-10,COD,,12.0,mg/l,Fair
SRB00006,Tekija,2015-09-22,BOD,,1.5,mg/l,Fair
SRB00006,Tekija,2015-09-22,COD,,11.0,mg/l,Fair
SRB00006,Tekija,2015-11-20,BOD,,2.4,mg/l,Fair
SRB00006,Tekija,2015-12-17,BOD,,2.1,mg/l,Fair
SRB00006,Tekija,2015-12-17,COD,,11.0,mg/l,Fair
SRB00006,Tekija,2016-01-28,BOD,,2.8,mg/l,Fair
SRB00006,Tekija,2016-02-23,BOD,,2.0,mg/l,Fair
SRB00006,Tekija,2016-03-15,BOD,,2.3,mg/l,Fair
SRB00006,Tekija,2016-04-19,BOD,,2.4,mg/l,Fair
SRB00006,Tekija,2016-05-24,BOD,,2.3,mg/l,Fair
SRB00006,Tekija,2016-06-14,BOD,,2.1,mg/l,Fair
SRB00006,Tekija,2016-07-21,BOD,,2.7,mg/l,Fair
SRB00006,Tekija,2016-08-16,BOD,,2.2,mg/l,Fair
SRB00006,Tekija,2016-09-20,BOD,,2.5,mg/l,Fair
SRB00006,Tekija,2016-10-18,BOD,,2.0,mg/l,Fair
SRB00006,Tekija,2016-11-15,BOD,,1.5,mg/l,Fair
SRB00006,Tekija,2016-12-13,BOD,,2.5,mg/l,Fair
SRB00006,Tekija,2017-02-21,BOD,,2.0,mg/l,Fair
SRB00006,Tekija,2017-03-28,BOD,,2.4,mg/l,Fair
SRB00006,Tekija,2017-04-18,BOD,,2.1,mg/l,Fair
SRB00006,Tekija,2017-05-16,BOD,,3.2,mg/l,Fair
SRB00006,Tekija,2017-06-20,BOD,,2.5,mg/l,Fair
SRB00006,Tekija,2017-07-18,BOD,,2.1,mg/l,Fair
SRB00006,Tekija,2017-08-15,BOD,,2.2,mg/l,Fair
SRB00006,Tekija,2017-09-14,BOD,,2.3,mg/l,Fair
SRB00006,Tekija,2017-10-17,BOD,,1.9,mg/l,Fair
SRB00006,Tekija,2017-11-14,BOD,,2.9,mg/l,Fair
SRB00006,Tekija,2017-12-12,BOD,,1.7,mg/l,Fair
SRB00006,Tekija,2018-01-16,BOD,,2.2,mg/l,Fair
SRB00006,Tekija,2018-02-20,BOD,,2.6,mg/l,Fair
SRB00006,Tekija,2018-03-20,BOD,,2.2,mg/l,Fair
SRB00006,Tekija,2018-04-17,BOD,,2.4,mg/l,Fair
SRB00006,Tekija,2018-05-15,BOD,,2.0,mg/l,Fair
SRB00006,Tekija,2018-06-19,BOD,,2.0,mg/l,Fair
SRB00006,Tekija,2018-07-16,BOD,,2.1,mg/l,Fair
SRB00006,Tekija,2018-08-21,BOD,,1.8,mg/l,Fair
SRB00006,Tekija,2018-09-18,BOD,,2.2,mg/l,Fair
SRB00006,Tekija,2018-10-16,BOD,,1.9,mg/l,Fair
SRB00006,Tekija,2018-11-13,BOD,,1.8,mg/l,Fair
SRB00006,Tekija,2018-12-11,BOD,,3.0,mg/l,Fair
SRB00006,Tekija,2019-01-22,BOD,,2.1,mg/l,Fair
SRB00006,Tekija,2019-02-26,BOD,,2.4,mg/l,Fair
SRB00006,Tekija,2019-03-19,BOD,,1.9,mg/l,Fair
SRB00006,Tekija,2019-04-22,BOD,,2.17,mg/l,Fair
SRB00006,Tekija,2019-05-31,BOD,,1.9,mg/l,Fair
SRB00006,Tekija,2019-06-18,BOD,,2.37,mg/l,Fair
SRB00006,Tekija,2019-07-09,BOD,,1.03,mg/l,Fair
SRB00006,Tekija,2019-08-20,BOD,,1.5,mg/l,Fair
SRB00006,Tekija,2019-09-17,BOD,,2.1,mg/l,Fair
SRB00006,Tekija,2019-10-15,BOD,,1.8,mg/l,Fair
SRB00006,Tekija,2019-11-12,BOD,,2.43,mg/l,Fair
SRB00006,Tekija,2019-12-10,BOD,,2.45,mg/l,Fair
SRB00006,Tekija,2020-01-23,BOD,,2.2,mg/l,Fair
SRB00006,Tekija,2020-02-19,BOD,,2.96,mg/l,Fair
SRB00006,Tekija,2020-05-05,BOD,,1.8,mg/l,Fair
SRB00006,Tekija,2020-06-03,BOD,,1.21,mg/l,Fair
SRB00006,Tekija,2020-06-29,BOD,,0.95,mg/l,Fair
SRB00006,Tekija,2020-07-14,BOD,,2.0,mg/l,Fair
SRB00006,Tekija,2020-08-18,BOD,,2.0,mg/l,Fair
SRB00006,Tekija,2020-09-15,BOD,,2.85,mg/l,Fair
SRB00006,Tekija,2020-10-13,BOD,,1.3,mg/l,Fair
SRB00006,Tekija,2020-11-10,BOD,,2.1,mg/l,Fair
SRB00006,Tekija,2020-12-08,BOD,,1.8,mg/l,Fair
SRB00006,Tekija,2021-01-26,BOD,,2.0,mg/l,Fair
SRB00006,Tekija,2021-02-23,BOD,,2.8,mg/l,Fair
SRB00006,Tekija,2021-03-16,BOD,,2.1,mg/l,Fair
SRB00006,Tekija,2021-04-20,BOD,,3.1,mg/l,Fair
SRB00006,Tekija,2021-05-18,BOD,,1.7,mg/l,Fair
SRB00006,Tekija,2021-06-15,BOD,,1.6,mg/l,Fair
SRB00006,Tekija,2021-07-20,BOD,,1.3,mg/l,Fair
SRB00006,Tekija,2021-08-28,BOD,,2.0,mg/l,Fair
SRB00006,Tekija,2021-09-23,BOD,,1.9,mg/l,Fair
SRB00006,Tekija,2021-10-20,BOD,,2.1,mg/l,Fair
SRB00006,Tekija,2021-11-16,BOD,,2.0,mg/l,Fair
SRB00006,Tekija,2021-12-07,BOD,,2.4,mg/l,Fair
SRB00006,Tekija,2022-01-28,BOD,,1.9,mg/l,Fair
SRB00006,Tekija,2022-02-22,BOD,,2.4,mg/l,Fair
SRB00006,Tekija,2022-03-15,BOD,,2.0,mg/l,Fair
SRB00006,Tekija,2022-05-09,BOD,,1.7,mg/l,Fair
SRB00006,Tekija,2022-05-25,BOD,,1.9,mg/l,Fair
SRB00006,Tekija,2022-06-14,BOD,,1.0,mg/l,Fair
SRB00006,Tekija,2022-07-19,BOD,,2.3,mg/l,Fair
SRB00006,Tekija,2022-08-16,BOD,,1.8,mg/l,Fair
SRB00006,Tekija,2022-10-06,BOD,,1.6,mg/l,Fair
SRB00006,Tekija,2022-10-18,BOD,,1.7,mg/l,Fair
SRB00006,Tekija,2022-11-15,BOD,,1.7,mg/l,Fair
SRB00006,Tekija,2022-12-06,BOD,,1.8,mg/l,Fair
SRB00006,Tekija,2023-01-24,BOD,,2.8,mg/l,Fair
SRB00006,Tekija,2023-02-21,BOD,,1.7,mg/l,Fair
SRB00006,Tekija,2023-03-21,BOD,,2.8,mg/l,Fair
SRB00006,Tekija,2023-04-18,BOD,,0.6,mg/l,Fair
SRB00006,Tekija,2023-05-16,BOD,,1.6,mg/l,Fair
SRB00006,Tekija,2023-06-20,BOD,,2.1,mg/l,Fair
SRB00006,Tekija,2023-07-18,BOD,,2.4,mg/l,Fair
SRB00006,Tekija,2023-08-22,BOD,,2.5,mg/l,Fair
SRB00006,Tekija,2023-09-19,BOD,,2.6,mg/l,Fair
SRB00006,Tekija,2023-10-17,BOD,,1.1,mg/l,Fair
SRB00006,Tekija,2023-11-13,BOD,,1.9,mg/l,Fair
SRB00006,Tekija,2023-12-12,BOD,,1.6,mg/l,Fair
SRB00040,Bogojevo,2000-01-31,BOD,,3.5,mg/l,Fair
SRB00040,Bogojevo,2000-03-16,BOD,,2.3,mg/l,Fair
SRB00040,Bogojevo,2000-04-17,BOD,,2.0,mg/l,Fair
SRB00040,Bogojevo,2000-05-15,BOD,,2.4,mg/l,Fair
SRB00040,Bogojevo,2000-06-07,BOD,,4.1,mg/l,Fair
SRB00040,Bogojevo,2000-07-05,BOD,,4.8,mg/l,Fair
SRB00040,Bogojevo,2000-08-21,BOD,,4.9,mg/l,Fair
SRB00040,Bogojevo,2000-09-27,BOD,,2.8,mg/l,Fair
SRB00040,Bogojevo,2000-11-27,BOD,,1.9,mg/l,Fair
SRB00040,Bogojevo,2001-01-24,BOD,,2.0,mg/l,Fair
SRB00040,Bogojevo,2001-02-08,BOD,,3.2,mg/l,Fair
SRB00040,Bogojevo,2001-03-13,BOD,,3.2,mg/l,Fair
SRB00040,Bogojevo,2001-04-17,BOD,,2.0,mg/l,Fair
SRB00040,Bogojevo,2001-05-14,BOD,,3.5,mg/l,Fair
SRB00040,Bogojevo,2001-06-06,BOD,,4.3,mg/l,Fair
SRB00040,Bogojevo,2001-07-03,BOD,,3.1,mg/l,Fair
SRB00040,Bogojevo,2001-08-13,BOD,,3.1,mg/l,Fair
SRB00040,Bogojevo,2001-09-24,BOD,,3.0,mg/l,Fair
SRB00040,Bogojevo,2001-10-15,BOD,,3.0,mg/l,Fair
SRB00040,Bogojevo,2001-11-07,BOD,,1.6,mg/l,Fair
SRB00040,Bogojevo,2001-12-26,BOD,,2.9,mg/l,Fair
SRB00040,Bogojevo,2002-01-28,BOD,,3.2,mg/l,Fair
SRB00040,Bogojevo,2002-02-19,BOD,,2.1,mg/l,Fair
SRB00040,Bogojevo,2002-03-18,BOD,,3.7,mg/l,Fair
SRB00040,Bogojevo,2002-04-15,BOD,,3.1,mg/l,Fair
SRB00040,Bogojevo,2002-05-27,BOD,,2.9,mg/l,Fair
SRB00040,Bogojevo,2002-07-01,BOD,,3.5,mg/l,Fair
SRB00040,Bogojevo,2002-07-22,BOD,,4.5,mg/l,Fair
SRB00040,Bogojevo,2002-08-29,BOD,,1.9,mg/l,Fair
SRB00040,Bogojevo,2002-09-11,BOD,,2.5,mg/l,Fair
SRB00040,Bogojevo,2002-10-21,BOD,,1.3,mg/l,Fair
SRB00040,Bogojevo,2002-11-25,BOD,,1.8,mg/l,Fair
SRB00040,Bogojevo,2002-12-23,BOD,,1.5,mg/l,Fair
SRB00040,Bogojevo,2003-01-15,BOD,,2.5,mg/l,Fair
SRB00040,Bogojevo,2003-03-26,BOD,,4.3,mg/l,Fair
SRB00040,Bogojevo,2003-05-28,BOD,,7.0,mg/l,Fair
SRB00040,Bogojevo,2003-06-26,BOD,,6.4,mg/l,Fair
SRB00040,Bogojevo,2003-07-28,BOD,,6.3,mg/l,Fair
SRB00040,Bogojevo,2003-08-18,BOD,,5.6,mg/l,Fair
SRB00040,Bogojevo,2003-09-22,BOD,,3.3,mg/l,Fair
SRB00040,Bogojevo,2003-10-22,BOD,,2.7,mg/l,Fair
SRB00040,Bogojevo,2003-11-24,BOD,,1.9,mg/l,Fair
SRB00040,Bogojevo,2003-12-22,BOD,,1.9,mg/l,Fair
SRB00040,Bogojevo,2013-01-09,BOD,,1.2,mg/l,Fair
SRB00040,Bogojevo,2013-01-09,COD,,10.0,mg/l,Fair
SRB00040,Bogojevo,2013-02-06,BOD,,2.3,mg/l,Fair
SRB00040,Bogojevo,2013-02-06,COD,,14.0,mg/l,Fair
SRB00040,Bogojevo,2013-03-06,BOD,,2.0,mg/l,Fair
SRB00040,Bogojevo,2013-03-06,COD,,10.0,mg/l,Fair
SRB00040,Bogojevo,2013-04-04,BOD,,1.5,mg/l,Fair
SRB00040,Bogojevo,2013-04-04,COD,,14.0,mg/l,Fair
SRB00040,Bogojevo,2013-05-08,BOD,,2.0,mg/l,Fair
SRB00040,Bogojevo,2013-05-08,COD,,10.0,mg/l,Fair
SRB00040,Bogojevo,2013-06-10,BOD,,1.7,mg/l,Fair
SRB00040,Bogojevo,2013-06-10,COD,,11.0,mg/l,Fair
SRB00040,Bogojevo,2013-07-03,BOD,,2.3,mg/l,Fair
SRB00040,Bogojevo,2013-07-03,COD,,10.0,mg/l,Fair
SRB00040,Bogojevo,2013-08-07,BOD,,4.0,mg/l,Fair
SRB00040,Bogojevo,2013-08-07,COD,,10.0,mg/l,Fair
SRB00040,Bogojevo,2013-10-02,BOD,,2.7,mg/l,Fair
SRB00040,Bogojevo,2013-10-02,COD,,12.0,mg/l,Fair
SRB00040,Bogojevo,2013-10-09,BOD,,1.0,mg/l,Fair
SRB00040,Bogojevo,2013-10-09,COD,,7.0,mg/l,Fair
SRB00040,Bogojevo,2013-11-07,BOD,,1.1,mg/l,Fair
SRB00040,Bogojevo,2013-11-07,COD,,8.0,mg/l,Fair
SRB00040,Bogojevo,2013-12-04,BOD,,1.0,mg/l,Fair
SRB00040,Bogojevo,2013-12-04,COD,,9.0,mg/l,Fair
SRB00040,Bogojevo,2014-02-10,BOD,,2.4,mg/l,Fair
SRB00040,Bogojevo,2014-02-10,COD,,9.0,mg/l,Fair
SRB00040,Bogojevo,2014-03-24,BOD,,3.3,mg/l,Fair
SRB00040,Bogojevo,2014-03-24,COD,,14.0,mg/l,Fair
SRB00040,Bogojevo,2014-04-22,BOD,,2.9,mg/l,Fair
SRB00040,Bogojevo,2014-04-22,COD,,11.0,mg/l,Fair
SRB00040,Bogojevo,2014-05-27,BOD,,1.6,mg/l,Fair
SRB00040,Bogojevo,2014-05-27,COD,,13.0,mg/l,Fair
SRB00040,Bogojevo,2014-06-10,BOD,,1.5,mg/l,Fair
SRB00040,Bogojevo,2014-06-10,COD,,16.0,mg/l,Fair
SRB00040,Bogojevo,2014-07-21,BOD,,1.3,mg/l,Fair
SRB00040,Bogojevo,2014-07-29,BOD,,1.0,mg/l,Fair
SRB00040,Bogojevo,2014-09-16,BOD,,2.0,mg/l,Fair
SRB00040,Bogojevo,2014-10-13,BOD,,1.0,mg/l,Fair
SRB00040,Bogojevo,2014-11-13,BOD,,1.8,mg/l,Fair
SRB00040,Bogojevo,2014-12-23,BOD,,1.6,mg/l,Fair
SRB00040,Bogojevo,2015-01-19,BOD,,1.2,mg/l,Fair
SRB00040,Bogojevo,2015-01-19,COD,,14.0,mg/l,Fair
SRB00040,Bogojevo,2015-02-24,BOD,,2.1,mg/l,Fair
SRB00040,Bogojevo,2015-02-24,COD,,11.0,mg/l,Fair
SRB00040,Bogojevo,2015-03-09,BOD,,2.1,mg/l,Fair
SRB00040,Bogojevo,2015-04-07,BOD,,2.3,mg/l,Fair
SRB00040,Bogojevo,2015-05-18,BOD,,1.0,mg/l,Fair
SRB00040,Bogojevo,2015-06-08,BOD,,2.0,mg/l,Fair
SRB00040,Bogojevo,2015-07-06,BOD,,2.9,mg/l,Fair
SRB00040,Bogojevo,2015-08-03,BOD,,2.2,mg/l,Fair
SRB00040,Bogojevo,2015-09-14,BOD,,1.6,mg/l,Fair
SRB00040,Bogojevo,2015-10-12,BOD,,1.0,mg/l,Fair
SRB00040,Bogojevo,2015-11-04,BOD,,1.3,mg/l,Fair
SRB00040,Bogojevo,2015-11-30,BOD,,1.0,mg/l,Fair
SRB00040,Bogojevo,2016-01-18,BOD,,1.0,mg/l,Fair
SRB00040,Bogojevo,2016-02-08,BOD,,1.2,mg/l,Fair
SRB00040,Bogojevo,2016-03-23,BOD,,1.4,mg/l,Fair
SRB00040,Bogojevo,2016-04-07,BOD,,2.1,mg/l,Fair
SRB00040,Bogojevo,2016-05-17,BOD,,1.0,mg/l,Fair
SRB00040,Bogojevo,2016-06-20,BOD,,1.0,mg/l,Fair
SRB00040,Bogojevo,2016-07-14,BOD,,1.5,mg/l,Fair
SRB00040,Bogojevo,2016-08-04,BOD,,1.0,mg/l,Fair
SRB00040,Bogojevo,2016-09-08,BOD,,1.0,mg/l,Fair
SRB00040,Bogojevo,2016-10-27,BOD,,1.0,mg/l,Fair
SRB00040,Bogojevo,2016-11-24,BOD,,1.8,mg/l,Fair
SRB00040,Bogojevo,2016-12-20,BOD,,3.2,mg/l,Fair
SRB00040,Bogojevo,2017-01-30,BOD,,2.0,mg/l,Fair
SRB00040,Bogojevo,2017-02-28,BOD,,3.3,mg/l,Fair
SRB00040,Bogojevo,2017-03-23,BOD,,3.6,mg/l,Fair
SRB00040,Bogojevo,2017-04-20,BOD,,3.6,mg/l,Fair
SRB00040,Bogojevo,2017-05-15,BOD,,2.4,mg/l,Fair
SRB00040,Bogojevo,2017-06-19,BOD,,4.2,mg/l,Fair
SRB00040,Bogojevo,2017-07-31,BOD,,1.7,mg/l,Fair
SRB00040,Bogojevo,2017-08-15,BOD,,1.6,mg/l,Fair
SRB00040,Bogojevo,2017-09-11,BOD,,1.3,mg/l,Fair
SRB00040,Bogojevo,2017-10-10,BOD,,1.0,mg/l,Fair
SRB00040,Bogojevo,2017-11-22,BOD,,1.2,mg/l,Fair
SRB00040,Bogojevo,2017-12-12,BOD,,1.6,mg/l,Fair
SRB00040,Bogojevo,2018-01-29,BOD,,2.2,mg/l,Fair
SRB00040,Bogojevo,2018-02-13,BOD,,2.1,mg/l,Fair
SRB00040,Bogojevo,2018-04-03,BOD,,3.0,mg/l,Fair
SRB00040,Bogojevo,2018-04-12,BOD,,2.4,mg/l,Fair
SRB00040,Bogojevo,2018-05-21,BOD,,2.5,mg/l,Fair
SRB00040,Bogojevo,2018-07-03,BOD,,2.3,mg/l,Fair
SRB00040,Bogojevo,2018-07-24,BOD,,2.4,mg/l,Fair
SRB00040,Bogojevo,2018-08-20,BOD,,3.0,mg/l,Fair
SRB00040,Bogojevo,2018-09-10,BOD,,1.0,mg/l,Fair
SRB00040,Bogojevo,2018-10-02,BOD,,1.7,mg/l,Fair
SRB00040,Bogojevo,2018-11-19,BOD,,1.2,mg/l,Fair
SRB00040,Bogojevo,2018-12-11,BOD,,1.8,mg/l,Fair
SRB00040,Bogojevo,2019-01-31,BOD,,1.7,mg/l,Fair
SRB00040,Bogojevo,2019-02-26,BOD,,1.7,mg/l,Fair
SRB00040,Bogojevo,2019-03-21,BOD,,1.0,mg/l,Fair
SRB00040,Bogojevo,2019-05-16,BOD,,0.7,mg/l,Fair
SRB00040,Bogojevo,2019-06-17,BOD,,1.7,mg/l,Fair
SRB00040,Bogojevo,2019-07-29,BOD,,4.0,mg/l,Fair
SRB00040,Bogojevo,2019-08-28,BOD,,1.9,mg/l,Fair
SRB00040,Bogojevo,2019-09-16,BOD,,1.0,mg/l,Fair
SRB00040,Bogojevo,2019-10-14,BOD,,1.0,mg/l,Fair
SRB00040,Bogojevo,2019-11-25,BOD,,1.0,mg/l,Fair
SRB00040,Bogojevo,2019-12-17,BOD,,1.6,mg/l,Fair
SRB00040,Bogojevo,2020-01-29,BOD,,1.6,mg/l,Fair
SRB00040,Bogojevo,2020-02-18,BOD,,1.3,mg/l,Fair
SRB00040,Bogojevo,2020-05-21,BOD,,2.9,mg/l,Fair
SRB00040,Bogojevo,2020-06-08,BOD,,2.3,mg/l,Fair
SRB00040,Bogojevo,2020-06-22,BOD,,1.0,mg/l,Fair
SRB00040,Bogojevo,2020-07-13,BOD,,0.9,mg/l,Fair
SRB00040,Bogojevo,2020-08-19,BOD,,1.4,mg/l,Fair
SRB00040,Bogojevo,2020-09-07,BOD,,1.0,mg/l,Fair
SRB00040,Bogojevo,2020-10-14,BOD,,1.0,mg/l,Fair
SRB00040,Bogojevo,2020-11-25,BOD,,1.2,mg/l,Fair
SRB00040,Bogojevo,2021-01-27,BOD,,1.5,mg/l,Fair
SRB00040,Bogojevo,2021-02-24,BOD,,1.5,mg/l,Fair
SRB00040,Bogojevo,2021-03-25,BOD,,2.3,mg/l,Fair
SRB00040,Bogojevo,2021-04-26,BOD,,3.8,mg/l,Fair
SRB00040,Bogojevo,2021-05-18,BOD,,1.6,mg/l,Fair
SRB00040,Bogojevo,2021-06-21,BOD,,1.7,mg/l,Fair
SRB00040,Bogojevo,2021-07-26,BOD,,1.7,mg/l,Fair
SRB00040,Bogojevo,2021-08-05,BOD,,1.0,mg/l,Fair
SRB00040,Bogojevo,2021-09-16,BOD,,1.1,mg/l,Fair
SRB00040,Bogojevo,2021-10-13,BOD,,1.4,mg/l,Fair
SRB00040,Bogojevo,2021-11-22,BOD,,1.2,mg/l,Fair
SRB00040,Bogojevo,2021-12-21,BOD,,2.4,mg/l,Fair
SRB00040,Bogojevo,2022-01-17,BOD,,2.6,mg/l,Fair
SRB00040,Bogojevo,2022-02-10,BOD,,2.4,mg/l,Fair
SRB00040,Bogojevo,2022-03-28,BOD,,3.6,mg/l,Fair
SRB00040,Bogojevo,2022-04-14,BOD,,2.0,mg/l,Fair
SRB00040,Bogojevo,2022-05-30,BOD,,2.0,mg/l,Fair
SRB00040,Bogojevo,2022-06-27,BOD,,3.9,mg/l,Fair
SRB00040,Bogojevo,2022-07-14,BOD,,2.8,mg/l,Fair
SRB00040,Bogojevo,2022-08-11,BOD,,3.3,mg/l,Fair
SRB00040,Bogojevo,2022-09-07,BOD,,1.9,mg/l,Fair
SRB00040,Bogojevo,2022-10-24,BOD,,1.3,mg/l,Fair
SRB00040,Bogojevo,2022-11-23,BOD,,2.2,mg/l,Fair
SRB00040,Bogojevo,2022-12-26,BOD,,2.5,mg/l,Fair
SRB00040,Bogojevo,2023-01-26,BOD,,4.3,mg/l,Fair
SRB00040,Bogojevo,2023-02-27,BOD,,1.4,mg/l,Fair
SRB00040,Bogojevo,2023-03-23,BOD,,2.6,mg/l,Fair
SRB00040,Bogojevo,2023-04-26,BOD,,2.4,mg/l,Fair
SRB00040,Bogojevo,2023-05-24,BOD,,1.8,mg/l,Fair
SRB00040,Bogojevo,2023-06-26,BOD,,3.4,mg/l,Fair
SRB00040,Bogojevo,2023-07-31,BOD,,1.7,mg/l,Fair
SRB00040,Bogojevo,2023-08-22,BOD,,2.5,mg/l,Fair
SRB00040,Bogojevo,2023-09-19,BOD,,3.1,mg/l,Fair
SRB00040,Bogojevo,2023-10-31,BOD,,2.1,mg/l,Fair
SRB00040,Bogojevo,2023-11-30,BOD,,1.6,mg/l,Fair
SRB00040,Bogojevo,2023-12-25,BOD,,3.0,mg/l,Fair
SRB00041,Smederevo,2000-01-29,BOD,,1.2,mg/l,Fair
SRB00041,Smederevo,2000-02-23,BOD,,2.7,mg/l,Fair
SRB00041,Smederevo,2000-03-06,BOD,,2.2,mg/l,Fair
SRB00041,Smederevo,2000-04-19,BOD,,2.6,mg/l,Fair
SRB00041,Smederevo,2000-05-31,BOD,,1.8,mg/l,Fair
SRB00041,Smederevo,2000-06-21,BOD,,1.6,mg/l,Fair
SRB00041,Smederevo,2000-07-07,BOD,,4.7,mg/l,Fair
SRB00041,Smederevo,2000-09-01,BOD,,1.5,mg/l,Fair
SRB00041,Smederevo,2000-09-20,BOD,,2.3,mg/l,Fair
SRB00041,Smederevo,2000-10-07,BOD,,4.1,mg/l,Fair
SRB00041,Smederevo,2000-11-30,BOD,,1.0,mg/l,Fair
SRB00041,Smederevo,2000-12-02,BOD,,1.0,mg/l,Fair
SRB00041,Smederevo,2001-01-17,BOD,,1.4,mg/l,Fair
SRB00041,Smederevo,2001-02-14,BOD,,1.9,mg/l,Fair
SRB00041,Smederevo,2001-03-10,BOD,,3.6,mg/l,Fair
SRB00041,Smederevo,2001-04-22,BOD,,1.6,mg/l,Fair
SRB00041,Smederevo,2001-05-16,BOD,,1.9,mg/l,Fair
SRB00041,Smederevo,2001-06-04,BOD,,2.1,mg/l,Fair
SRB00041,Smederevo,2001-07-31,BOD,,2.8,mg/l,Fair
SRB00041,Smederevo,2001-08-26,BOD,,2.5,mg/l,Fair
SRB00041,Smederevo,2001-09-19,BOD,,2.4,mg/l,Fair
SRB00041,Smederevo,2001-10-08,BOD,,0.5,mg/l,Fair
SRB00041,Smederevo,2001-11-27,BOD,,1.2,mg/l,Fair
SRB00041,Smederevo,2001-12-19,BOD,,1.9,mg/l,Fair
SRB00041,Smederevo,2002-01-23,BOD,,2.9,mg/l,Fair
SRB00041,Smederevo,2002-02-11,BOD,,1.4,mg/l,Fair
SRB00041,Smederevo,2002-03-30,BOD,,1.7,mg/l,Fair
SRB00041,Smederevo,2002-04-17,BOD,,2.1,mg/l,Fair
SRB00041,Smederevo,2002-05-27,BOD,,1.7,mg/l,Fair
SRB00041,Smederevo,2002-07-22,BOD,,6.5,mg/l,Fair
SRB00041,Smederevo,2002-08-27,BOD,,2.6,mg/l,Fair
SRB00041,Smederevo,2002-09-23,BOD,,3.8,mg/l,Fair
SRB00041,Smederevo,2002-10-21,BOD,,2.1,mg/l,Fair
SRB00041,Smederevo,2002-11-25,BOD,,3.0,mg/l,Fair
SRB00041,Smederevo,2002-12-20,BOD,,2.0,mg/l,Fair
SRB00041,Smederevo,2003-01-15,BOD,,1.2,mg/l,Fair
SRB00041,Smederevo,2003-02-24,BOD,,3.1,mg/l,Fair
SRB00041,Smederevo,2003-05-21,BOD,,2.6,mg/l,Fair
SRB00041,Smederevo,2003-06-18,BOD,,1.5,mg/l,Fair
SRB00041,Smederevo,2003-07-16,BOD,,3.0,mg/l,Fair
SRB00041,Smederevo,2003-08-14,BOD,,2.0,mg/l,Fair
SRB00041,Smederevo,2003-09-22,BOD,,1.7,mg/l,Fair
SRB00041,Smederevo,2003-10-25,BOD,,4.1,mg/l,Fair
SRB00041,Smederevo,2003-11-19,BOD,,3.0,mg/l,Fair
SRB00041,Smederevo,2003-12-16,BOD,,1.2,mg/l,Fair
SRB00041,Smederevo,2013-01-16,BOD,,3.2,mg/l,Fair
SRB00041,Smederevo,2013-02-20,BOD,,2.6,mg/l,Fair
SRB00041,Smederevo,2013-02-20,COD,,8.0,mg/l,Fair
SRB00041,Smederevo,2013-03-20,BOD,,1.4,mg/l,Fair
SRB00041,Smederevo,2013-03-20,COD,,5.0,mg/l,Fair
SRB00041,Smederevo,2013-04-17,BOD,,1.1,mg/l,Fair
SRB00041,Smederevo,2013-04-17,COD,<,5.0,mg/l,Fair
SRB00041,Smederevo,2013-06-19,BOD,,3.0,mg/l,Fair
SRB00041,Smederevo,2013-07-17,BOD,,2.0,mg/l,Fair
SRB00041,Smederevo,2013-07-17,COD,,8.9,mg/l,Fair
SRB00041,Smederevo,2013-08-21,BOD,,2.0,mg/l,Fair
SRB00041,Smederevo,2013-08-21,COD,,5.2,mg/l,Fair
SRB00041,Smederevo,2013-09-18,BOD,,1.5,mg/l,Fair
SRB00041,Smederevo,2013-09-18,COD,,6.5,mg/l,Fair
SRB00041,Smederevo,2013-10-16,BOD,,1.7,mg/l,Fair
SRB00041,Smederevo,2013-10-16,COD,<,5.0,mg/l,Fair
SRB00041,Smederevo,2013-11-20,BOD,,1.5,mg/l,Fair
SRB00041,Smederevo,2013-11-20,COD,<,5.0,mg/l,Fair
SRB00041,Smederevo,2013-12-18,BOD,,1.4,mg/l,Fair
SRB00041,Smederevo,2013-12-18,COD,,12.0,mg/l,Fair
SRB00041,Smederevo,2014-01-31,BOD,,0.7,mg/l,Fair
SRB00041,Smederevo,2014-02-19,BOD,,1.2,mg/l,Fair
SRB00041,Smederevo,2014-02-19,COD,,9.0,mg/l,Fair
SRB00041,Smederevo,2014-03-19,BOD,,1.4,mg/l,Fair
SRB00041,Smederevo,2014-03-19,COD,,16.0,mg/l,Fair
SRB00041,Smederevo,2014-04-16,BOD,,1.1,mg/l,Fair
SRB00041,Smederevo,2014-04-16,COD,,10.0,mg/l,Fair
SRB00041,Smederevo,2014-05-14,BOD,,1.1,mg/l,Fair
SRB00041,Smederevo,2014-05-14,COD,,16.0,mg/l,Fair
SRB00041,Smederevo,2014-06-25,BOD,,1.1,mg/l,Fair
SRB00041,Smederevo,2014-06-25,COD,,6.0,mg/l,Fair
SRB00041,Smederevo,2014-07-16,BOD,,1.1,mg/l,Fair
SRB00041,Smederevo,2014-08-20,BOD,,1.1,mg/l,Fair
SRB00041,Smederevo,2014-08-20,COD,,7.0,mg/l,Fair
SRB00041,Smederevo,2014-09-17,BOD,,1.7,mg/l,Fair
SRB00041,Smederevo,2014-10-15,BOD,,1.3,mg/l,Fair
SRB00041,Smederevo,2014-10-15,COD,,10.0,mg/l,Fair
SRB00041,Smederevo,2014-11-19,BOD,,2.5,mg/l,Fair
SRB00041,Smederevo,2014-11-19,COD,,15.0,mg/l,Fair
SRB00041,Smederevo,2014-12-24,BOD,,1.4,mg/l,Fair
SRB00041,Smederevo,2014-12-24,COD,,10.0,mg/l,Fair
SRB00041,Smederevo,2015-01-21,BOD,,2.1,mg/l,Fair
SRB00041,Smederevo,2015-01-21,COD,,14.0,mg/l,Fair
SRB00041,Smederevo,2015-02-18,BOD,,2.4,mg/l,Fair
SRB00041,Smederevo,2015-02-18,COD,,12.0,mg/l,Fair
SRB00041,Smederevo,2015-03-18,BOD,,2.2,mg/l,Fair
SRB00041,Smederevo,2015-03-18,COD,,16.0,mg/l,Fair
SRB00041,Smederevo,2015-04-15,BOD,,2.6,mg/l,Fair
SRB00041,Smederevo,2015-04-15,COD,,11.0,mg/l,Fair
SRB00041,Smederevo,2015-05-27,BOD,,1.7,mg/l,Fair
SRB00041,Smederevo,2015-05-27,COD,,7.0,mg/l,Fair
SRB00041,Smederevo,2015-06-17,BOD,,3.2,mg/l,Fair
SRB00041,Smederevo,2015-06-17,COD,,12.0,mg/l,Fair
SRB00041,Smederevo,2015-07-15,BOD,,1.8,mg/l,Fair
SRB00041,Smederevo,2015-07-15,COD,,10.0,mg/l,Fair
SRB00041,Smederevo,2015-08-21,BOD,,1.0,mg/l,Fair
SRB00041,Smederevo,2015-08-21,COD,,14.0,mg/l,Fair
SRB00041,Smederevo,2015-09-16,BOD,,2.2,mg/l,Fair
SRB00041,Smederevo,2015-09-16,COD,,12.0,mg/l,Fair
SRB00041,Smederevo,2015-10-21,BOD,,1.9,mg/l,Fair
SRB00041,Smederevo,2015-10-21,COD,,14.0,mg/l,Fair
SRB00041,Smederevo,2015-11-18,BOD,,1.8,mg/l,Fair
SRB00041,Smederevo,2015-11-18,COD,,17.0,mg/l,Fair
SRB00041,Smederevo,2015-12-16,BOD,,1.2,mg/l,Fair
SRB00041,Smederevo,2016-01-20,BOD,,1.4,mg/l,Fair
SRB00041,Smederevo,2016-02-18,BOD,,2.2,mg/l,Fair
SRB00041,Smederevo,2016-03-16,BOD,,2.1,mg/l,Fair
SRB00041,Smederevo,2016-04-20,BOD,,3.5,mg/l,Fair
SRB00041,Smederevo,2016-05-18,BOD,,1.3,mg/l,Fair
SRB00041,Smederevo,2016-06-15,BOD,,1.5,mg/l,Fair
SRB00041,Smederevo,2016-07-21,BOD,,2.3,mg/l,Fair
SRB00041,Smederevo,2016-08-24,BOD,,1.9,mg/l,Fair
SRB00041,Smederevo,2016-09-22,BOD,,1.6,mg/l,Fair
SRB00041,Smederevo,2016-10-19,BOD,,1.7,mg/l,Fair
SRB00041,Smederevo,2016-11-15,BOD,,2.2,mg/l,Fair
SRB00041,Smederevo,2016-12-21,BOD,,1.7,mg/l,Fair
SRB00041,Smederevo,2017-01-04,BOD,,2.5,mg/l,Fair
SRB00041,Smederevo,2017-02-02,BOD,,1.2,mg/l,Fair
SRB00041,Smederevo,2017-03-15,BOD,,2.1,mg/l,Fair
SRB00041,Smederevo,2017-04-19,BOD,,1.6,mg/l,Fair
SRB00041,Smederevo,2017-05-17,BOD,,1.3,mg/l,Fair
SRB00041,Smederevo,2017-06-22,BOD,,1.1,mg/l,Fair
SRB00041,Smederevo,2017-07-19,BOD,,2.1,mg/l,Fair
SRB00041,Smederevo,2017-08-23,BOD,,2.7,mg/l,Fair
SRB00041,Smederevo,2017-09-20,BOD,,1.4,mg/l,Fair
SRB00041,Smederevo,2017-10-25,BOD,,2.1,mg/l,Fair
SRB00041,Smederevo,2017-11-15,BOD,,1.6,mg/l,Fair
SRB00041,Smederevo,2017-12-20,BOD,,1.9,mg/l,Fair
SRB00041,Smederevo,2018-01-17,BOD,,2.0,mg/l,Fair
SRB00041,Smederevo,2018-02-21,BOD,,2.2,mg/l,Fair
SRB00041,Smederevo,2018-03-22,BOD,,3.9,mg/l,Fair
SRB00041,Smederevo,2018-04-19,BOD,,1.6,mg/l,Fair
SRB00041,Smederevo,2018-05-16,BOD,,1.8,mg/l,Fair
SRB00041,Smederevo,2018-06-20,BOD,,1.7,mg/l,Fair
SRB00041,Smederevo,2018-07-18,BOD,,2.0,mg/l,Fair
SRB00041,Smederevo,2018-08-15,BOD,,2.0,mg/l,Fair
SRB00041,Smederevo,2018-09-19,BOD,,1.1,mg/l,Fair
SRB00041,Smederevo,2018-10-17,BOD,,1.4,mg/l,Fair
SRB00041,Smederevo,2018-11-21,BOD,,1.7,mg/l,Fair
SRB00041,Smederevo,2018-12-19,BOD,,3.0,mg/l,Fair
SRB00041,Smederevo,2019-01-16,BOD,,1.9,mg/l,Fair
SRB00041,Smederevo,2019-02-20,BOD,,2.6,mg/l,Fair
SRB00041,Smederevo,2019-03-20,BOD,,1.5,mg/l,Fair
SRB00041,Smederevo,2019-05-15,BOD,,2.6,mg/l,Fair
SRB00041,Smederevo,2019-06-19,BOD,,2.0,mg/l,Fair
SRB00041,Smederevo,2019-07-17,BOD,,1.9,mg/l,Fair
SRB00041,Smederevo,2019-08-21,BOD,,2.61,mg/l,Fair
SRB00041,Smederevo,2019-09-18,BOD,,2.17,mg/l,Fair
SRB00041,Smederevo,2019-10-16,BOD,,2.17,mg/l,Fair
SRB00041,Smederevo,2019-11-20,BOD,,3.65,mg/l,Fair
SRB00041,Smederevo,2019-12-18,BOD,,2.1,mg/l,Fair
SRB00041,Smederevo,2020-01-22,BOD,,1.0,mg/l,Fair
SRB00041,Smederevo,2020-02-19,BOD,,2.6,mg/l,Fair
SRB00041,Smederevo,2020-03-18,BOD,,2.2,mg/l,Fair
SRB00041,Smederevo,2020-04-15,BOD,,3.1,mg/l,Fair
SRB00041,Smederevo,2020-05-20,BOD,,2.6,mg/l,Fair
SRB00041,Smederevo,2020-06-17,BOD,,1.7,mg/l,Fair
SRB00041,Smederevo,2020-07-15,BOD,,2.3,mg/l,Fair
SRB00041,Smederevo,2020-08-19,BOD,,3.6,mg/l,Fair
SRB00041,Smederevo,2020-09-16,BOD,,1.65,mg/l,Fair
SRB00041,Smederevo,2020-10-21,BOD,,1.87,mg/l,Fair
SRB00041,Smederevo,2020-11-18,BOD,,2.75,mg/l,Fair
SRB00041,Smederevo,2020-12-30,BOD,,1.5,mg/l,Fair
SRB00041,Smederevo,2021-01-20,BOD,,2.0,mg/l,Fair
SRB00041,Smederevo,2021-02-17,BOD,,2.8,mg/l,Fair
SRB00041,Smederevo,2021-03-17,BOD,,2.4,mg/l,Fair
SRB00041,Smederevo,2021-04-21,BOD,,1.9,mg/l,Fair
SRB00041,Smederevo,2021-05-19,BOD,,1.9,mg/l,Fair
SRB00041,Smederevo,2021-06-16,BOD,,2.7,mg/l,Fair
SRB00041,Smederevo,2021-07-20,BOD,,2.5,mg/l,Fair
SRB00041,Smederevo,2021-08-25,BOD,,2.2,mg/l,Fair
SRB00041,Smederevo,2021-09-22,BOD,,2.1,mg/l,Fair
SRB00041,Smederevo,2021-11-17,BOD,,2.0,mg/l,Fair
SRB00041,Smederevo,2022-01-20,BOD,,0.8,mg/l,Fair
SRB00041,Smederevo,2022-02-17,BOD,,3.4,mg/l,Fair
SRB00041,Smederevo,2022-03-16,BOD,,2.1,mg/l,Fair
SRB00041,Smederevo,2022-04-20,BOD,,1.2,mg/l,Fair
SRB00041,Smederevo,2022-05-18,BOD,,1.9,mg/l,Fair
SRB00041,Smederevo,2022-06-15,BOD,,2.1,mg/l,Fair
SRB00041,Smederevo,2022-07-20,BOD,,2.8,mg/l,Fair
SRB00041,Smederevo,2022-08-17,BOD,,2.8,mg/l,Fair
SRB00041,Smederevo,2022-09-21,BOD,,2.3,mg/l,Fair
SRB00041,Smederevo,2022-10-19,BOD,,2.0,mg/l,Fair
SRB00041,Smederevo,2022-11-17,BOD,,2.8,mg/l,Fair
SRB00041,Smederevo,2022-12-21,BOD,,2.4,mg/l,Fair
SRB00041,Smederevo,2023-01-18,BOD,,2.4,mg/l,Fair
SRB00041,Smederevo,2023-02-14,BOD,,2.8,mg/l,Fair
SRB00041,Smederevo,2023-03-15,BOD,,2.6,mg/l,Fair
SRB00041,Smederevo,2023-04-19,BOD,,2.8,mg/l,Fair
SRB00041,Smederevo,2023-05-17,BOD,,1.5,mg/l,Fair
SRB00041,Smederevo,2023-06-21,BOD,,3.2,mg/l,Fair
SRB00041,Smederevo,2023-07-19,BOD,,3.4,mg/l,Fair
SRB00041,Smederevo,2023-08-16,BOD,,4.2,mg/l,Fair
SRB00041,Smederevo,2023-09-20,BOD,,2.7,mg/l,Fair
SRB00041,Smederevo,2023-10-18,BOD,,1.1,mg/l,Fair
SRB00041,Smederevo,2023-11-15,BOD,,3.3,mg/l,Fair
SRB00041,Smederevo,2023-12-20,BOD,,2.6,mg/l,Fair
