agency_cd,site_no,datetime,flow,flowstatus
5s,15s,20d,14n,10s
USGS,05378500,2019-01-01,36300,A
USGS,05378500,2019-01-02,34600,A
USGS,05378500,2019-01-03,32300,A
USGS,05378500,2019-01-04,31800,A
USGS,05378500,2019-01-05,30500,A
USGS,05378500,2019-01-06,30000,A
USGS,05378500,2019-01-07,29600,A
USGS,05378500,2019-01-08,30300,A
USGS,05378500,2019-01-09,30700,A
USGS,05378500,2019-01-10,29700,A
USGS,05378500,2019-01-11,28700,A
USGS,05378500,2019-01-12,30800,A
USGS,05378500,2019-01-13,31300,A
USGS,05378500,2019-01-14,31500,A
USGS,05378500,2019-01-15,31400,A
USGS,05378500,2019-01-16,31200,A
USGS,05378500,2019-01-17,30600,A
USGS,05378500,2019-01-18,29100,A
USGS,05378500,2019-01-19,27700,A:e
USGS,05378500,2019-01-20,27200,A:e
USGS,05378500,2019-01-21,25700,A:e
USGS,05378500,2019-01-22,24900,A:e
USGS,05378500,2019-01-23,24500,A:e
USGS,05378500,2019-01-24,23800,A:e
USGS,05378500,2019-01-25,22800,A:e
USGS,05378500,2019-01-26,21900,A:e
USGS,05378500,2019-01-27,20900,A:e
USGS,05378500,2019-01-28,20400,A:e
USGS,05378500,2019-01-29,19500,A:e
USGS,05378500,2019-01-30,18800,A:e
USGS,05378500,2019-01-31,17900,A:e
USGS,05378500,2019-02-01,17400,A:e
USGS,05378500,2019-02-02,17900,A:e
USGS,05378500,2019-02-03,19100,A:e
USGS,05378500,2019-02-04,21000,A:e
USGS,05378500,2019-02-05,23100,A:e
USGS,05378500,2019-02-06,24000,A:e
USGS,05378500,2019-02-07,24000,A:e
USGS,05378500,2019-02-08,23700,A:e
USGS,05378500,2019-02-09,22700,A:e
USGS,05378500,2019-02-10,21700,A:e
USGS,05378500,2019-02-11,21500,A:e
USGS,05378500,2019-02-12,21500,A:e
USGS,05378500,2019-02-13,21400,A:e
USGS,05378500,2019-02-14,21500,A:e
USGS,05378500,2019-02-15,21000,A:e
USGS,05378500,2019-02-16,20700,A:e
USGS,05378500,2019-02-17,21100,A:e
USGS,05378500,2019-02-18,21100,A:e
USGS,05378500,2019-02-19,21000,A:e
USGS,05378500,2019-02-20,20800,A:e
USGS,05378500,2019-02-21,20600,A:e
USGS,05378500,2019-02-22,20600,A:e
USGS,05378500,2019-02-23,20400,A:e
USGS,05378500,2019-02-24,20000,A:e
USGS,05378500,2019-02-25,19300,A:e
USGS,05378500,2019-02-26,18900,A:e
USGS,05378500,2019-02-27,18600,A:e
USGS,05378500,2019-02-28,18200,A:e
USGS,05378500,2019-03-01,17800,A:e
USGS,05378500,2019-03-02,17600,A:e
USGS,05378500,2019-03-03,17500,A:e
USGS,05378500,2019-03-04,17500,A:e
USGS,05378500,2019-03-05,17500,A:e
USGS,05378500,2019-03-06,17600,A:e
USGS,05378500,2019-03-07,17800,A:e
USGS,05378500,2019-03-08,18000,A:e
USGS,05378500,2019-03-09,19100,A:e
USGS,05378500,2019-03-10,20700,A:e
USGS,05378500,2019-03-11,22000,A:e
USGS,05378500,2019-03-12,23500,A:e
USGS,05378500,2019-03-13,25500,A:e
USGS,05378500,2019-03-14,37500,A:e
USGS,05378500,2019-03-15,64900,A:e
USGS,05378500,2019-03-16,94800,A
USGS,05378500,2019-03-17,107000,A
USGS,05378500,2019-03-18,112000,A
USGS,05378500,2019-03-19,109000,A
USGS,05378500,2019-03-20,97400,A
USGS,05378500,2019-03-21,87200,A
USGS,05378500,2019-03-22,87300,A
USGS,05378500,2019-03-23,95800,A
USGS,05378500,2019-03-24,105000,A
USGS,05378500,2019-03-25,114000,A
USGS,05378500,2019-03-26,126000,A
USGS,05378500,2019-03-27,139000,A
USGS,05378500,2019-03-28,150000,A
USGS,05378500,2019-03-29,160000,A
USGS,05378500,2019-03-30,167000,A
USGS,05378500,2019-03-31,172000,A
USGS,05378500,2019-04-01,176000,A
USGS,05378500,2019-04-02,178000,A
USGS,05378500,2019-04-03,177000,A
USGS,05378500,2019-04-04,172000,A
USGS,05378500,2019-04-05,165000,A
USGS,05378500,2019-04-06,160000,A
USGS,05378500,2019-04-07,155000,A
USGS,05378500,2019-04-08,150000,A
USGS,05378500,2019-04-09,148000,A
USGS,05378500,2019-04-10,148000,A
USGS,05378500,2019-04-11,150000,A
USGS,05378500,2019-04-12,151000,A
USGS,05378500,2019-04-13,152000,A
USGS,05378500,2019-04-14,147000,A
USGS,05378500,2019-04-15,140000,A
USGS,05378500,2019-04-16,132000,A
USGS,05378500,2019-04-17,128000,A
USGS,05378500,2019-04-18,129000,A
USGS,05378500,2019-04-19,135000,A
USGS,05378500,2019-04-20,145000,A
USGS,05378500,2019-04-21,157000,A
USGS,05378500,2019-04-22,168000,A
USGS,05378500,2019-04-23,172000,A
USGS,05378500,2019-04-24,169000,A
USGS,05378500,2019-04-25,166000,A
USGS,05378500,2019-04-26,164000,A
USGS,05378500,2019-04-27,163000,A
USGS,05378500,2019-04-28,161000,A
USGS,05378500,2019-04-29,157000,A
USGS,05378500,2019-04-30,152000,A
USGS,05378500,2019-05-01,147000,A
USGS,05378500,2019-05-02,140000,A
USGS,05378500,2019-05-03,134000,A
USGS,05378500,2019-05-04,128000,A
USGS,05378500,2019-05-05,122000,A
USGS,05378500,2019-05-06,117000,A
USGS,05378500,2019-05-07,111000,A
USGS,05378500,2019-05-08,106000,A
USGS,05378500,2019-05-09,105000,A
USGS,05378500,2019-05-10,104000,A
USGS,05378500,2019-05-11,105000,A
USGS,05378500,2019-05-12,109000,A
USGS,05378500,2019-05-13,112000,A
USGS,05378500,2019-05-14,112000,A
USGS,05378500,2019-05-15,108000,A
USGS,05378500,2019-05-16,106000,A
USGS,05378500,2019-05-17,104000,A
USGS,05378500,2019-05-18,101000,A
USGS,05378500,2019-05-19,100000,A
USGS,05378500,2019-05-20,101000,A
USGS,05378500,2019-05-21,105000,A
USGS,05378500,2019-05-22,115000,A
USGS,05378500,2019-05-23,130000,A
USGS,05378500,2019-05-24,142000,A
USGS,05378500,2019-05-25,146000,A
USGS,05378500,2019-05-26,143000,A
USGS,05378500,2019-05-27,139000,A
USGS,05378500,2019-05-28,137000,A
USGS,05378500,2019-05-29,137000,A
USGS,05378500,2019-05-30,139000,A
USGS,05378500,2019-05-31,142000,A
USGS,05378500,2019-06-01,143000,A
USGS,05378500,2019-06-02,139000,A
USGS,05378500,2019-06-03,134000,A
USGS,05378500,2019-06-04,129000,A
USGS,05378500,2019-06-05,125000,A
USGS,05378500,2019-06-06,123000,A
USGS,05378500,2019-06-07,119000,A
USGS,05378500,2019-06-08,113000,A
USGS,05378500,2019-06-09,108000,A
USGS,05378500,2019-06-10,103000,A
USGS,05378500,2019-06-11,97400,A
USGS,05378500,2019-06-12,91700,A
USGS,05378500,2019-06-13,87600,A
USGS,05378500,2019-06-14,82000,A
USGS,05378500,2019-06-15,78500,A
USGS,05378500,2019-06-16,77000,A
USGS,05378500,2019-06-17,73000,A
USGS,05378500,2019-06-18,71300,A
USGS,05378500,2019-06-19,69300,A
USGS,05378500,2019-06-20,66800,A
USGS,05378500,2019-06-21,63500,A
USGS,05378500,2019-06-22,61700,A
USGS,05378500,2019-06-23,57500,A
USGS,05378500,2019-06-24,55000,A
USGS,05378500,2019-06-25,55100,A
USGS,05378500,2019-06-26,55100,A
USGS,05378500,2019-06-27,58700,A
USGS,05378500,2019-06-28,62500,A
USGS,05378500,2019-06-29,62400,A
USGS,05378500,2019-06-30,67300,A
USGS,05378500,2019-07-01,78100,A
USGS,05378500,2019-07-02,75700,A
USGS,05378500,2019-07-03,72800,A
USGS,05378500,2019-07-04,74000,A
USGS,05378500,2019-07-05,76600,A
USGS,05378500,2019-07-06,78100,A
USGS,05378500,2019-07-07,78100,A
USGS,05378500,2019-07-08,80700,A
USGS,05378500,2019-07-09,82500,A
USGS,05378500,2019-07-10,79600,A
USGS,05378500,2019-07-11,79000,A
USGS,05378500,2019-07-12,78700,A
USGS,05378500,2019-07-13,77800,A
USGS,05378500,2019-07-14,76000,A
USGS,05378500,2019-07-15,74300,A
USGS,05378500,2019-07-16,73600,A
USGS,05378500,2019-07-17,73500,A
USGS,05378500,2019-07-18,74700,A
USGS,05378500,2019-07-19,78600,A
USGS,05378500,2019-07-20,80500,A
USGS,05378500,2019-07-21,82000,A
USGS,05378500,2019-07-22,84000,A
USGS,05378500,2019-07-23,89800,A
USGS,05378500,2019-07-24,90900,A
USGS,05378500,2019-07-25,86500,A
USGS,05378500,2019-07-26,78500,A
USGS,05378500,2019-07-27,73100,A
USGS,05378500,2019-07-28,69900,A
USGS,05378500,2019-07-29,66000,A
USGS,05378500,2019-07-30,62900,A
USGS,05378500,2019-07-31,61000,A
USGS,05378500,2019-08-01,56900,A
USGS,05378500,2019-08-02,53500,A
USGS,05378500,2019-08-03,49600,A
USGS,05378500,2019-08-04,48600,A
USGS,05378500,2019-08-05,46900,A
USGS,05378500,2019-08-06,44600,A
USGS,05378500,2019-08-07,43700,A
USGS,05378500,2019-08-08,42100,A
USGS,05378500,2019-08-09,42000,A
USGS,05378500,2019-08-10,41600,A
USGS,05378500,2019-08-11,39400,A
USGS,05378500,2019-08-12,38900,A
USGS,05378500,2019-08-13,38900,A
USGS,05378500,2019-08-14,37800,A
USGS,05378500,2019-08-15,36900,A
USGS,05378500,2019-08-16,35700,A
USGS,05378500,2019-08-17,35200,A
USGS,05378500,2019-08-18,35100,A
USGS,05378500,2019-08-19,36500,A
USGS,05378500,2019-08-20,37500,A
USGS,05378500,2019-08-21,37600,A
USGS,05378500,2019-08-22,37700,A
USGS,05378500,2019-08-23,37500,A
USGS,05378500,2019-08-24,35800,A
USGS,05378500,2019-08-25,34600,A
USGS,05378500,2019-08-26,33900,A
USGS,05378500,2019-08-27,34500,A
USGS,05378500,2019-08-28,34800,A
USGS,05378500,2019-08-29,32900,A
USGS,05378500,2019-08-30,31200,A
USGS,05378500,2019-08-31,30900,A
USGS,05378500,2019-09-01,31400,A
USGS,05378500,2019-09-02,31700,A
USGS,05378500,2019-09-03,31400,A
USGS,05378500,2019-09-04,31500,A
USGS,05378500,2019-09-05,31200,A
USGS,05378500,2019-09-06,33100,A
USGS,05378500,2019-09-07,34900,A
USGS,05378500,2019-09-08,34400,A
USGS,05378500,2019-09-09,33400,A
USGS,05378500,2019-09-10,32800,A
USGS,05378500,2019-09-11,34400,A
USGS,05378500,2019-09-12,38500,A
USGS,05378500,2019-09-13,45500,A
USGS,05378500,2019-09-14,49700,A
USGS,05378500,2019-09-15,53400,A
USGS,05378500,2019-09-16,59500,A
USGS,05378500,2019-09-17,63100,A
USGS,05378500,2019-09-18,64000,A
USGS,05378500,2019-09-19,64900,A
USGS,05378500,2019-09-20,65000,A
USGS,05378500,2019-09-21,64600,A
USGS,05378500,2019-09-22,65000,A
USGS,05378500,2019-09-23,65800,A
USGS,05378500,2019-09-24,65900,A
USGS,05378500,2019-09-25,66800,A
USGS,05378500,2019-09-26,67800,A
USGS,05378500,2019-09-27,68100,A
USGS,05378500,2019-09-28,69600,A
USGS,05378500,2019-09-29,69900,A
USGS,05378500,2019-09-30,67500,A
USGS,05378500,2019-10-01,67200,A
USGS,05378500,2019-10-02,67300,A
USGS,05378500,2019-10-03,68100,A
USGS,05378500,2019-10-04,72000,A
USGS,05378500,2019-10-05,76600,A
USGS,05378500,2019-10-06,84800,A
USGS,05378500,2019-10-07,95000,A
USGS,05378500,2019-10-08,103000,A
USGS,05378500,2019-10-09,106000,A
USGS,05378500,2019-10-10,108000,A
USGS,05378500,2019-10-11,109000,A
USGS,05378500,2019-10-12,108000,A
USGS,05378500,2019-10-13,107000,A
USGS,05378500,2019-10-14,106000,A
USGS,05378500,2019-10-15,105000,A
USGS,05378500,2019-10-16,104000,A
USGS,05378500,2019-10-17,103000,A
USGS,05378500,2019-10-18,101000,A
USGS,05378500,2019-10-19,99100,A
USGS,05378500,2019-10-20,97800,A
USGS,05378500,2019-10-21,95800,A
USGS,05378500,2019-10-22,93900,A
USGS,05378500,2019-10-23,94800,A
USGS,05378500,2019-10-24,94100,A
USGS,05378500,2019-10-25,94800,A
USGS,05378500,2019-10-26,97800,A
USGS,05378500,2019-10-27,101000,A
USGS,05378500,2019-10-28,101000,A
USGS,05378500,2019-10-29,99700,A
USGS,05378500,2019-10-30,97800,A
USGS,05378500,2019-10-31,95700,A
USGS,05378500,2019-11-01,92700,A
USGS,05378500,2019-11-02,90200,A
USGS,05378500,2019-11-03,89100,A
USGS,05378500,2019-11-04,87200,A
USGS,05378500,2019-11-05,84800,A
USGS,05378500,2019-11-06,80900,A
USGS,05378500,2019-11-07,78700,A
USGS,05378500,2019-11-08,75200,A
USGS,05378500,2019-11-09,71900,A
USGS,05378500,2019-11-10,69700,A
USGS,05378500,2019-11-11,67700,A
USGS,05378500,2019-11-12,63600,A
USGS,05378500,2019-11-13,61300,A
USGS,05378500,2019-11-14,58500,A
USGS,05378500,2019-11-15,53100,A
USGS,05378500,2019-11-16,49100,A
USGS,05378500,2019-11-17,46300,A
USGS,05378500,2019-11-18,47800,A
USGS,05378500,2019-11-19,49000,A
USGS,05378500,2019-11-20,50300,A
USGS,05378500,2019-11-21,50800,A
USGS,05378500,2019-11-22,50500,A
USGS,05378500,2019-11-23,50100,A
USGS,05378500,2019-11-24,50200,A
USGS,05378500,2019-11-25,51500,A
USGS,05378500,2019-11-26,51800,A
USGS,05378500,2019-11-27,52600,A
USGS,05378500,2019-11-28,51600,A
USGS,05378500,2019-11-29,49600,A
USGS,05378500,2019-11-30,48300,A
USGS,05378500,2019-12-01,48400,A
USGS,05378500,2019-12-02,48400,A
USGS,05378500,2019-12-03,47600,A
USGS,05378500,2019-12-04,46600,A
USGS,05378500,2019-12-05,45500,A
USGS,05378500,2019-12-06,44600,A
USGS,05378500,2019-12-07,44300,A
USGS,05378500,2019-12-08,44100,A
USGS,05378500,2019-12-09,44200,A
USGS,05378500,2019-12-10,41600,A
USGS,05378500,2019-12-11,33900,A
USGS,05378500,2019-12-12,33500,A
USGS,05378500,2019-12-13,33200,A
USGS,05378500,2019-12-14,30600,A
USGS,05378500,2019-12-15,31000,A
USGS,05378500,2019-12-16,35900,A
USGS,05378500,2019-12-17,40200,A
USGS,05378500,2019-12-18,42500,A
USGS,05378500,2019-12-19,44000,A
USGS,05378500,2019-12-20,43400,A
USGS,05378500,2019-12-21,43400,A
USGS,05378500,2019-12-22,44800,A
USGS,05378500,2019-12-23,45900,A
USGS,05378500,2019-12-24,46000,A
USGS,05378500,2019-12-25,46000,A
USGS,05378500,2019-12-26,46000,A
USGS,05378500,2019-12-27,46400,A
USGS,05378500,2019-12-28,46700,A
USGS,05378500,2019-12-29,48000,A
USGS,05378500,2019-12-30,47600,A
USGS,05378500,2019-12-31,47400,A
USGS,05378500,2020-01-01,50700,A
USGS,05378500,2020-01-02,53700,A
USGS,05378500,2020-01-03,56700,A
USGS,05378500,2020-01-04,58400,A
USGS,05378500,2020-01-05,57700,A
USGS,05378500,2020-01-06,54800,A
USGS,05378500,2020-01-07,52600,A
USGS,05378500,2020-01-08,51400,A:e
USGS,05378500,2020-01-09,49800,A:e
USGS,05378500,2020-01-10,49600,A:e
USGS,05378500,2020-01-11,49700,A:e
USGS,05378500,2020-01-12,50400,A:e
USGS,05378500,2020-01-13,50900,A:e
USGS,05378500,2020-01-14,51100,A:e
USGS,05378500,2020-01-15,51000,A:e
USGS,05378500,2020-01-16,50400,A:e
USGS,05378500,2020-01-17,48500,A:e
USGS,05378500,2020-01-18,47600,A:e
USGS,05378500,2020-01-19,47600,A:e
USGS,05378500,2020-01-20,46900,A:e
USGS,05378500,2020-01-21,46300,A:e
USGS,05378500,2020-01-22,46200,A:e
USGS,05378500,2020-01-23,46300,A:e
USGS,05378500,2020-01-24,46600,A:e
USGS,05378500,2020-01-25,46800,A:e
USGS,05378500,2020-01-26,46800,A:e
USGS,05378500,2020-01-27,46600,A:e
USGS,05378500,2020-01-28,46300,A:e
USGS,05378500,2020-01-29,45700,A:e
USGS,05378500,2020-01-30,45500,A:e
USGS,05378500,2020-01-31,45800,A:e
USGS,05378500,2020-02-01,45900,A:e
USGS,05378500,2020-02-02,46100,A:e
USGS,05378500,2020-02-03,45700,A:e
USGS,05378500,2020-02-04,44100,A:e
USGS,05378500,2020-02-05,42400,A:e
USGS,05378500,2020-02-06,41000,A:e
USGS,05378500,2020-02-07,39700,A:e
USGS,05378500,2020-02-08,39200,A:e
USGS,05378500,2020-02-09,38700,A:e
USGS,05378500,2020-02-10,36400,A:e
USGS,05378500,2020-02-11,34900,A:e
USGS,05378500,2020-02-12,34400,A:e
USGS,05378500,2020-02-13,34200,A:e
USGS,05378500,2020-02-14,32100,A:e
USGS,05378500,2020-02-15,31000,A:e
USGS,05378500,2020-02-16,30400,A:e
USGS,05378500,2020-02-17,30200,A:e
USGS,05378500,2020-02-18,30100,A:e
USGS,05378500,2020-02-19,29900,A:e
USGS,05378500,2020-02-20,29200,A:e
USGS,05378500,2020-02-21,28300,A:e
USGS,05378500,2020-02-22,28200,A:e
USGS,05378500,2020-02-23,28000,A:e
USGS,05378500,2020-02-24,28000,A:e
USGS,05378500,2020-02-25,27900,A:e
USGS,05378500,2020-02-26,27600,A:e
USGS,05378500,2020-02-27,27400,A:e
USGS,05378500,2020-02-28,27500,A:e
USGS,05378500,2020-02-29,27800,A:e
USGS,05378500,2020-03-01,28500,A:e
USGS,05378500,2020-03-02,29600,A:e
USGS,05378500,2020-03-03,30800,A:e
USGS,05378500,2020-03-04,32000,A:e
USGS,05378500,2020-03-05,33000,A:e
USGS,05378500,2020-03-06,33500,A
USGS,05378500,2020-03-07,33700,A
USGS,05378500,2020-03-08,36700,A
USGS,05378500,2020-03-09,43200,A
USGS,05378500,2020-03-10,49700,A
USGS,05378500,2020-03-11,55200,A
USGS,05378500,2020-03-12,58600,A
USGS,05378500,2020-03-13,62400,A
USGS,05378500,2020-03-14,66700,A
USGS,05378500,2020-03-15,69200,A
USGS,05378500,2020-03-16,73600,A
USGS,05378500,2020-03-17,76500,A
USGS,05378500,2020-03-18,78700,A
USGS,05378500,2020-03-19,79600,A
USGS,05378500,2020-03-20,79200,A
USGS,05378500,2020-03-21,78800,A
USGS,05378500,2020-03-22,79200,A
USGS,05378500,2020-03-23,80900,A
USGS,05378500,2020-03-24,81700,A
USGS,05378500,2020-03-25,80600,A
USGS,05378500,2020-03-26,79500,A
USGS,05378500,2020-03-27,79400,A
USGS,05378500,2020-03-28,81500,A
USGS,05378500,2020-03-29,86200,A
USGS,05378500,2020-03-30,94500,A
USGS,05378500,2020-03-31,102000,A
USGS,05378500,2020-04-01,110000,A
USGS,05378500,2020-04-02,120000,A
USGS,05378500,2020-04-03,129000,A
USGS,05378500,2020-04-04,133000,A
USGS,05378500,2020-04-05,133000,A
USGS,05378500,2020-04-06,132000,A
USGS,05378500,2020-04-07,132000,A
USGS,05378500,2020-04-08,132000,A
USGS,05378500,2020-04-09,131000,A
USGS,05378500,2020-04-10,129000,A
USGS,05378500,2020-04-11,125000,A
USGS,05378500,2020-04-12,122000,A
USGS,05378500,2020-04-13,119000,A
USGS,05378500,2020-04-14,113000,A
USGS,05378500,2020-04-15,107000,A
USGS,05378500,2020-04-16,102000,A
USGS,05378500,2020-04-17,96500,A
USGS,05378500,2020-04-18,91000,A
USGS,05378500,2020-04-19,88400,A
USGS,05378500,2020-04-20,84500,A
USGS,05378500,2020-04-21,80500,A
USGS,05378500,2020-04-22,76900,A
USGS,05378500,2020-04-23,73500,A
USGS,05378500,2020-04-24,70900,A
USGS,05378500,2020-04-25,68800,A
USGS,05378500,2020-04-26,65800,A
USGS,05378500,2020-04-27,63400,A
USGS,05378500,2020-04-28,61000,A
USGS,05378500,2020-04-29,61300,A
USGS,05378500,2020-04-30,60500,A
USGS,05378500,2020-05-01,59600,A
USGS,05378500,2020-05-02,62300,A
USGS,05378500,2020-05-03,65600,A
USGS,05378500,2020-05-04,65800,A
USGS,05378500,2020-05-05,64600,A
USGS,05378500,2020-05-06,61600,A
USGS,05378500,2020-05-07,58700,A
USGS,05378500,2020-05-08,56100,A
USGS,05378500,2020-05-09,53600,A
USGS,05378500,2020-05-10,50900,A
USGS,05378500,2020-05-11,46500,A
USGS,05378500,2020-05-12,45300,A
USGS,05378500,2020-05-13,44100,A
USGS,05378500,2020-05-14,42100,A
USGS,05378500,2020-05-15,41600,A
USGS,05378500,2020-05-16,39400,A
USGS,05378500,2020-05-17,41400,A
USGS,05378500,2020-05-18,48100,A
USGS,05378500,2020-05-19,52300,A
USGS,05378500,2020-05-20,57300,A
USGS,05378500,2020-05-21,58400,A
USGS,05378500,2020-05-22,57700,A
USGS,05378500,2020-05-23,58200,A
USGS,05378500,2020-05-24,58200,A
USGS,05378500,2020-05-25,58100,A
USGS,05378500,2020-05-26,59800,A
USGS,05378500,2020-05-27,62800,A
USGS,05378500,2020-05-28,65600,A
USGS,05378500,2020-05-29,68200,A
USGS,05378500,2020-05-30,68900,A
USGS,05378500,2020-05-31,67700,A
USGS,05378500,2020-06-01,66200,A
USGS,05378500,2020-06-02,65400,A
USGS,05378500,2020-06-03,62900,A
USGS,05378500,2020-06-04,58700,A
USGS,05378500,2020-06-05,57000,A
USGS,05378500,2020-06-06,54100,A
USGS,05378500,2020-06-07,48900,A
USGS,05378500,2020-06-08,45800,A
USGS,05378500,2020-06-09,43500,A
USGS,05378500,2020-06-10,50900,A
USGS,05378500,2020-06-11,43900,A
USGS,05378500,2020-06-12,48100,A
USGS,05378500,2020-06-13,53500,A
USGS,05378500,2020-06-14,55600,A:e
USGS,05378500,2020-06-15,52200,A:e
USGS,05378500,2020-06-16,47500,A:e
USGS,05378500,2020-06-17,42500,A
USGS,05378500,2020-06-18,39500,A
USGS,05378500,2020-06-19,36500,A
USGS,05378500,2020-06-20,34000,A
USGS,05378500,2020-06-21,31300,A
USGS,05378500,2020-06-22,32800,A
USGS,05378500,2020-06-23,34400,A
USGS,05378500,2020-06-24,33900,A
USGS,05378500,2020-06-25,34000,A
USGS,05378500,2020-06-26,35900,A
USGS,05378500,2020-06-27,35400,A
USGS,05378500,2020-06-28,34300,A
USGS,05378500,2020-06-29,34700,A
USGS,05378500,2020-06-30,42200,A
USGS,05378500,2020-07-01,53400,A
USGS,05378500,2020-07-02,57500,A
USGS,05378500,2020-07-03,60900,A
USGS,05378500,2020-07-04,61300,A
USGS,05378500,2020-07-05,58600,A
USGS,05378500,2020-07-06,55800,A
USGS,05378500,2020-07-07,52600,A
USGS,05378500,2020-07-08,50000,A
USGS,05378500,2020-07-09,46700,A
USGS,05378500,2020-07-10,44400,A
USGS,05378500,2020-07-11,39800,A
USGS,05378500,2020-07-12,42700,A
USGS,05378500,2020-07-13,42200,A
USGS,05378500,2020-07-14,38800,A
USGS,05378500,2020-07-15,38400,A
USGS,05378500,2020-07-16,37600,A
USGS,05378500,2020-07-17,39000,A
USGS,05378500,2020-07-18,40600,A
USGS,05378500,2020-07-19,41100,A
USGS,05378500,2020-07-20,39200,A
USGS,05378500,2020-07-21,37200,A
USGS,05378500,2020-07-22,40200,A
USGS,05378500,2020-07-23,41700,A
USGS,05378500,2020-07-24,41000,A
USGS,05378500,2020-07-25,39900,A
USGS,05378500,2020-07-26,42500,A
USGS,05378500,2020-07-27,44300,A
USGS,05378500,2020-07-28,44500,A
USGS,05378500,2020-07-29,48800,A
USGS,05378500,2020-07-30,53300,A
USGS,05378500,2020-07-31,56200,A
USGS,05378500,2020-08-01,58600,A
USGS,05378500,2020-08-02,57800,A
USGS,05378500,2020-08-03,54000,A
USGS,05378500,2020-08-04,49700,A
USGS,05378500,2020-08-05,42500,A
USGS,05378500,2020-08-06,39900,A
USGS,05378500,2020-08-07,36600,A
USGS,05378500,2020-08-08,31900,A
USGS,05378500,2020-08-09,30300,A
USGS,05378500,2020-08-10,30200,A
USGS,05378500,2020-08-11,30000,A
USGS,05378500,2020-08-12,30100,A
USGS,05378500,2020-08-13,31600,A
USGS,05378500,2020-08-14,32800,A
USGS,05378500,2020-08-15,34200,A
USGS,05378500,2020-08-16,36600,A
USGS,05378500,2020-08-17,37200,A
USGS,05378500,2020-08-18,37200,A
USGS,05378500,2020-08-19,38100,A
USGS,05378500,2020-08-20,37900,A
USGS,05378500,2020-08-21,37400,A
USGS,05378500,2020-08-22,38000,A
USGS,05378500,2020-08-23,38400,A
USGS,05378500,2020-08-24,38000,A
USGS,05378500,2020-08-25,36600,A
USGS,05378500,2020-08-26,35800,A
USGS,05378500,2020-08-27,35900,A
USGS,05378500,2020-08-28,36300,A
USGS,05378500,2020-08-29,36200,A
USGS,05378500,2020-08-30,35500,A
USGS,05378500,2020-08-31,33200,A
USGS,05378500,2020-09-01,32400,A
USGS,05378500,2020-09-02,32300,A
USGS,05378500,2020-09-03,32100,A
USGS,05378500,2020-09-04,32000,A
USGS,05378500,2020-09-05,31100,A
USGS,05378500,2020-09-06,28600,A
USGS,05378500,2020-09-07,27400,A
USGS,05378500,2020-09-08,27300,A
USGS,05378500,2020-09-09,27600,A
USGS,05378500,2020-09-10,27600,A
USGS,05378500,2020-09-11,27600,A
USGS,05378500,2020-09-12,27600,A
USGS,05378500,2020-09-13,27500,A
USGS,05378500,2020-09-14,25500,A
USGS,05378500,2020-09-15,24600,A
USGS,05378500,2020-09-16,26100,A
USGS,05378500,2020-09-17,26700,A
USGS,05378500,2020-09-18,26900,A
USGS,05378500,2020-09-19,26600,A
USGS,05378500,2020-09-20,24100,A
USGS,05378500,2020-09-21,21300,A
USGS,05378500,2020-09-22,21300,A
USGS,05378500,2020-09-23,22300,A
USGS,05378500,2020-09-24,23600,A
USGS,05378500,2020-09-25,24500,A
USGS,05378500,2020-09-26,24100,A
USGS,05378500,2020-09-27,24000,A
USGS,05378500,2020-09-28,24500,A
USGS,05378500,2020-09-29,24900,A
USGS,05378500,2020-09-30,24500,A
USGS,05378500,2020-10-01,24600,A
USGS,05378500,2020-10-02,24700,A
USGS,05378500,2020-10-03,24300,A
USGS,05378500,2020-10-04,23700,A
USGS,05378500,2020-10-05,22900,A
USGS,05378500,2020-10-06,22100,A
USGS,05378500,2020-10-07,22500,A
USGS,05378500,2020-10-08,23400,A
USGS,05378500,2020-10-09,23300,A
USGS,05378500,2020-10-10,23300,A
USGS,05378500,2020-10-11,23200,A
USGS,05378500,2020-10-12,22000,A
USGS,05378500,2020-10-13,22800,A
USGS,05378500,2020-10-14,25300,A
USGS,05378500,2020-10-15,26800,A
USGS,05378500,2020-10-16,27200,A
USGS,05378500,2020-10-17,27800,A
USGS,05378500,2020-10-18,29100,A
USGS,05378500,2020-10-19,28000,A
USGS,05378500,2020-10-20,27600,A
USGS,05378500,2020-10-21,27400,A
USGS,05378500,2020-10-22,27600,A
USGS,05378500,2020-10-23,29100,A
USGS,05378500,2020-10-24,30200,A
USGS,05378500,2020-10-25,30800,A
USGS,05378500,2020-10-26,30900,A
USGS,05378500,2020-10-27,30900,A
USGS,05378500,2020-10-28,30800,A
USGS,05378500,2020-10-29,30800,A
USGS,05378500,2020-10-30,31000,A
USGS,05378500,2020-10-31,30000,A
USGS,05378500,2020-11-01,29400,A
USGS,05378500,2020-11-02,29800,A
USGS,05378500,2020-11-03,29800,A
USGS,05378500,2020-11-04,29700,A
USGS,05378500,2020-11-05,29700,A
USGS,05378500,2020-11-06,29800,A
USGS,05378500,2020-11-07,29700,A
USGS,05378500,2020-11-08,29800,A
USGS,05378500,2020-11-09,28900,A
USGS,05378500,2020-11-10,29700,A
USGS,05378500,2020-11-11,31600,A
USGS,05378500,2020-11-12,32100,A
USGS,05378500,2020-11-13,34300,A
USGS,05378500,2020-11-14,35000,A
USGS,05378500,2020-11-15,36700,A
USGS,05378500,2020-11-16,36700,A
USGS,05378500,2020-11-17,35800,A
USGS,05378500,2020-11-18,35800,A
USGS,05378500,2020-11-19,35600,A
USGS,05378500,2020-11-20,35500,A
USGS,05378500,2020-11-21,35500,A
USGS,05378500,2020-11-22,34500,A
USGS,05378500,2020-11-23,33400,A
USGS,05378500,2020-11-24,32700,A
USGS,05378500,2020-11-25,32500,A
USGS,05378500,2020-11-26,32700,A
USGS,05378500,2020-11-27,32600,A
USGS,05378500,2020-11-28,31700,A
USGS,05378500,2020-11-29,31300,A
USGS,05378500,2020-11-30,31400,A
USGS,05378500,2020-12-01,29800,A
USGS,05378500,2020-12-02,28000,A
USGS,05378500,2020-12-03,25800,A
USGS,05378500,2020-12-04,24200,A
USGS,05378500,2020-12-05,24300,A
USGS,05378500,2020-12-06,25600,A
USGS,05378500,2020-12-07,26300,A
USGS,05378500,2020-12-08,26500,A
USGS,05378500,2020-12-09,26400,A
USGS,05378500,2020-12-10,26700,A
USGS,05378500,2020-12-11,26500,A
USGS,05378500,2020-12-12,26200,A
USGS,05378500,2020-12-13,26200,A
USGS,05378500,2020-12-14,26200,A
USGS,05378500,2020-12-15,25300,A
USGS,05378500,2020-12-16,22800,A
USGS,05378500,2020-12-17,20400,A
USGS,05378500,2020-12-18,19900,A
USGS,05378500,2020-12-19,19400,A
USGS,05378500,2020-12-20,19500,A
USGS,05378500,2020-12-21,20300,A
USGS,05378500,2020-12-22,22000,A
USGS,05378500,2020-12-23,22200,A
USGS,05378500,2020-12-24,20600,A:e
USGS,05378500,2020-12-25,19600,A:e
USGS,05378500,2020-12-26,20000,A
USGS,05378500,2020-12-27,19400,A
USGS,05378500,2020-12-28,20600,A
USGS,05378500,2020-12-29,22200,A
USGS,05378500,2020-12-30,22300,A:e
USGS,05378500,2020-12-31,22500,A:e
USGS,05378500,2021-01-01,22500,A:e
USGS,05378500,2021-01-02,22600,A:e
USGS,05378500,2021-01-03,22700,A:e
USGS,05378500,2021-01-04,22900,A:e
USGS,05378500,2021-01-05,23000,A:e
USGS,05378500,2021-01-06,23100,A:e
USGS,05378500,2021-01-07,23100,A:e
USGS,05378500,2021-01-08,23200,A:e
USGS,05378500,2021-01-09,23200,A:e
USGS,05378500,2021-01-10,23300,A:e
USGS,05378500,2021-01-11,23400,A:e
USGS,05378500,2021-01-12,23400,A:e
USGS,05378500,2021-01-13,23500,A:e
USGS,05378500,2021-01-14,23500,A:e
USGS,05378500,2021-01-15,23600,A:e
USGS,05378500,2021-01-16,23600,A:e
USGS,05378500,2021-01-17,23600,A:e
USGS,05378500,2021-01-18,23600,A:e
USGS,05378500,2021-01-19,23600,A:e
USGS,05378500,2021-01-20,22100,A:e
USGS,05378500,2021-01-21,21300,A:e
USGS,05378500,2021-01-22,20500,A:e
USGS,05378500,2021-01-23,20200,A:e
USGS,05378500,2021-01-24,19700,A:e
USGS,05378500,2021-01-25,19200,A:e
USGS,05378500,2021-01-26,19100,A:e
USGS,05378500,2021-01-27,19100,A:e
USGS,05378500,2021-01-28,19100,A:e
USGS,05378500,2021-01-29,19100,A:e
USGS,05378500,2021-01-30,19200,A:e
USGS,05378500,2021-01-31,19300,A:e
USGS,05378500,2021-02-01,19500,A:e
USGS,05378500,2021-02-02,19700,A:e
USGS,05378500,2021-02-03,19900,A:e
USGS,05378500,2021-02-04,20000,A:e
USGS,05378500,2021-02-05,20000,A:e
USGS,05378500,2021-02-06,19900,A:e
USGS,05378500,2021-02-07,18700,A:e
USGS,05378500,2021-02-08,17700,A:e
USGS,05378500,2021-02-09,17600,A:e
USGS,05378500,2021-02-10,17000,A:e
USGS,05378500,2021-02-11,15900,A:e
USGS,05378500,2021-02-12,15900,A:e
USGS,05378500,2021-02-13,15800,A:e
USGS,05378500,2021-02-14,15800,A:e
USGS,05378500,2021-02-15,15800,A:e
USGS,05378500,2021-02-16,15800,A:e
USGS,05378500,2021-02-17,15800,A:e
USGS,05378500,2021-02-18,15800,A:e
USGS,05378500,2021-02-19,15800,A:e
USGS,05378500,2021-02-20,15900,A:e
USGS,05378500,2021-02-21,15900,A:e
USGS,05378500,2021-02-22,15900,A:e
USGS,05378500,2021-02-23,15900,A:e
USGS,05378500,2021-02-24,16200,A:e
USGS,05378500,2021-02-25,16400,A:e
USGS,05378500,2021-02-26,16500,A:e
USGS,05378500,2021-02-27,16600,A:e
USGS,05378500,2021-02-28,16900,A:e
USGS,05378500,2021-03-01,18300,A:e
USGS,05378500,2021-03-02,19800,A:e
USGS,05378500,2021-03-03,20800,A:e
USGS,05378500,2021-03-04,21700,A:e
USGS,05378500,2021-03-05,23300,A:e
USGS,05378500,2021-03-06,24800,A
USGS,05378500,2021-03-07,26700,A
USGS,05378500,2021-03-08,28100,A
USGS,05378500,2021-03-09,30900,A
USGS,05378500,2021-03-10,33100,A
USGS,05378500,2021-03-11,36400,A
USGS,05378500,2021-03-12,44200,A
USGS,05378500,2021-03-13,51300,A
USGS,05378500,2021-03-14,54400,A
USGS,05378500,2021-03-15,56700,A
USGS,05378500,2021-03-16,59100,A
USGS,05378500,2021-03-17,60600,A
USGS,05378500,2021-03-18,60400,A
USGS,05378500,2021-03-19,58800,A
USGS,05378500,2021-03-20,55000,A
USGS,05378500,2021-03-21,52500,A
USGS,05378500,2021-03-22,51000,A
USGS,05378500,2021-03-23,52500,A
USGS,05378500,2021-03-24,54000,A
USGS,05378500,2021-03-25,55400,A
USGS,05378500,2021-03-26,58600,A
USGS,05378500,2021-03-27,62500,A
USGS,05378500,2021-03-28,66600,A
USGS,05378500,2021-03-29,67200,A
USGS,05378500,2021-03-30,66000,A
USGS,05378500,2021-03-31,66500,A
USGS,05378500,2021-04-01,67000,A
USGS,05378500,2021-04-02,65900,A
USGS,05378500,2021-04-03,63200,A
USGS,05378500,2021-04-04,61100,A
USGS,05378500,2021-04-05,58700,A
USGS,05378500,2021-04-06,55900,A
USGS,05378500,2021-04-07,52000,A
USGS,05378500,2021-04-08,50600,A
USGS,05378500,2021-04-09,53200,A
USGS,05378500,2021-04-10,58200,A
USGS,05378500,2021-04-11,60300,A
USGS,05378500,2021-04-12,64300,A
USGS,05378500,2021-04-13,66400,A
USGS,05378500,2021-04-14,67100,A
USGS,05378500,2021-04-15,67900,A
USGS,05378500,2021-04-16,69600,A
USGS,05378500,2021-04-17,71300,A
USGS,05378500,2021-04-18,72100,A
USGS,05378500,2021-04-19,71600,A
USGS,05378500,2021-04-20,70300,A
USGS,05378500,2021-04-21,69100,A
USGS,05378500,2021-04-22,67800,A
USGS,05378500,2021-04-23,65200,A
USGS,05378500,2021-04-24,63300,A
USGS,05378500,2021-04-25,61200,A
USGS,05378500,2021-04-26,56900,A
USGS,05378500,2021-04-27,55500,A
USGS,05378500,2021-04-28,55400,A
USGS,05378500,2021-04-29,53200,A
USGS,05378500,2021-04-30,53100,A
USGS,05378500,2021-05-01,51400,A
USGS,05378500,2021-05-02,50500,A
USGS,05378500,2021-05-03,51200,A
USGS,05378500,2021-05-04,50400,A
USGS,05378500,2021-05-05,46500,A
USGS,05378500,2021-05-06,46200,A
USGS,05378500,2021-05-07,43000,A
USGS,05378500,2021-05-08,40000,A
USGS,05378500,2021-05-09,38300,A
USGS,05378500,2021-05-10,38400,A
USGS,05378500,2021-05-11,36700,A
USGS,05378500,2021-05-12,34500,A
USGS,05378500,2021-05-13,33800,A
USGS,05378500,2021-05-14,31400,A
USGS,05378500,2021-05-15,29400,A
USGS,05378500,2021-05-16,29200,A
USGS,05378500,2021-05-17,29200,A
USGS,05378500,2021-05-18,27900,A
USGS,05378500,2021-05-19,26900,A
USGS,05378500,2021-05-20,27000,A
USGS,05378500,2021-05-21,29400,A
USGS,05378500,2021-05-22,32700,A
USGS,05378500,2021-05-23,34700,A
USGS,05378500,2021-05-24,38300,A
USGS,05378500,2021-05-25,40300,A
USGS,05378500,2021-05-26,41000,A
USGS,05378500,2021-05-27,41400,A
USGS,05378500,2021-05-28,40800,A
USGS,05378500,2021-05-29,41700,A
USGS,05378500,2021-05-30,42800,A
USGS,05378500,2021-05-31,43200,A
USGS,05378500,2021-06-01,41800,A
USGS,05378500,2021-06-02,40900,A
USGS,05378500,2021-06-03,38000,A
USGS,05378500,2021-06-04,35300,A
USGS,05378500,2021-06-05,32700,A
USGS,05378500,2021-06-06,31000,A
USGS,05378500,2021-06-07,30900,A
USGS,05378500,2021-06-08,28800,A
USGS,05378500,2021-06-09,26700,A
USGS,05378500,2021-06-10,24100,A
USGS,05378500,2021-06-11,23200,A
USGS,05378500,2021-06-12,22800,A
USGS,05378500,2021-06-13,22200,A
USGS,05378500,2021-06-14,19900,A
USGS,05378500,2021-06-15,17100,A
USGS,05378500,2021-06-16,15700,A
USGS,05378500,2021-06-17,13400,A
USGS,05378500,2021-06-18,14600,A
USGS,05378500,2021-06-19,16300,A
USGS,05378500,2021-06-20,17600,A
USGS,05378500,2021-06-21,16900,A
USGS,05378500,2021-06-22,15700,A
USGS,05378500,2021-06-23,15900,A
USGS,05378500,2021-06-24,15200,A
USGS,05378500,2021-06-25,15500,A
USGS,05378500,2021-06-26,15300,A
USGS,05378500,2021-06-27,17100,A
USGS,05378500,2021-06-28,19500,A
USGS,05378500,2021-06-29,22200,A
USGS,05378500,2021-06-30,21800,A
USGS,05378500,2021-07-01,20200,A
USGS,05378500,2021-07-02,19500,A
USGS,05378500,2021-07-03,18300,A
USGS,05378500,2021-07-04,17600,A
USGS,05378500,2021-07-05,17000,A
USGS,05378500,2021-07-06,15500,A
USGS,05378500,2021-07-07,14700,A
USGS,05378500,2021-07-08,14000,A
USGS,05378500,2021-07-09,14400,A
USGS,05378500,2021-07-10,14400,A
USGS,05378500,2021-07-11,14500,A
USGS,05378500,2021-07-12,14800,A
USGS,05378500,2021-07-13,14100,A
USGS,05378500,2021-07-14,14600,A
USGS,05378500,2021-07-15,14500,A
USGS,05378500,2021-07-16,14400,A
USGS,05378500,2021-07-17,14400,A
USGS,05378500,2021-07-18,14500,A
USGS,05378500,2021-07-19,13700,A
USGS,05378500,2021-07-20,13000,A
USGS,05378500,2021-07-21,12700,A
USGS,05378500,2021-07-22,12300,A
USGS,05378500,2021-07-23,12100,A
USGS,05378500,2021-07-24,11400,A
USGS,05378500,2021-07-25,11800,A
USGS,05378500,2021-07-26,12400,A
USGS,05378500,2021-07-27,13100,A
USGS,05378500,2021-07-28,15100,A
USGS,05378500,2021-07-29,18600,A
USGS,05378500,2021-07-30,21400,A
USGS,05378500,2021-07-31,23400,A
USGS,05378500,2021-08-01,24300,A
USGS,05378500,2021-08-02,21400,A
USGS,05378500,2021-08-03,16200,A
USGS,05378500,2021-08-04,15000,A
USGS,05378500,2021-08-05,13900,A
USGS,05378500,2021-08-06,13400,A
USGS,05378500,2021-08-07,14500,A
USGS,05378500,2021-08-08,16300,A
USGS,05378500,2021-08-09,17900,A
USGS,05378500,2021-08-10,20300,A
USGS,05378500,2021-08-11,23400,A
USGS,05378500,2021-08-12,25200,A
USGS,05378500,2021-08-13,24600,A
USGS,05378500,2021-08-14,17800,A
USGS,05378500,2021-08-15,13600,A
USGS,05378500,2021-08-16,12500,A
USGS,05378500,2021-08-17,11000,A
USGS,05378500,2021-08-18,10800,A
USGS,05378500,2021-08-19,10900,A
USGS,05378500,2021-08-20,12300,A
USGS,05378500,2021-08-21,12400,A
USGS,05378500,2021-08-22,12700,A
USGS,05378500,2021-08-23,11400,A
USGS,05378500,2021-08-24,11100,A
USGS,05378500,2021-08-25,15400,A
USGS,05378500,2021-08-26,19100,A
USGS,05378500,2021-08-27,23000,A
USGS,05378500,2021-08-28,25700,A
USGS,05378500,2021-08-29,24900,A
USGS,05378500,2021-08-30,24700,A
USGS,05378500,2021-08-31,24900,A
USGS,05378500,2021-09-01,25000,A
USGS,05378500,2021-09-02,21400,A
USGS,05378500,2021-09-03,18600,A
USGS,05378500,2021-09-04,19700,A
USGS,05378500,2021-09-05,20200,A
USGS,05378500,2021-09-06,18300,A
USGS,05378500,2021-09-07,15600,A
USGS,05378500,2021-09-08,13200,A
USGS,05378500,2021-09-09,12800,A
USGS,05378500,2021-09-10,14300,A
USGS,05378500,2021-09-11,13500,A
USGS,05378500,2021-09-12,14100,A
USGS,05378500,2021-09-13,14700,A
USGS,05378500,2021-09-14,13900,A
USGS,05378500,2021-09-15,13300,A
USGS,05378500,2021-09-16,13900,A
USGS,05378500,2021-09-17,12800,A
USGS,05378500,2021-09-18,13400,A
USGS,05378500,2021-09-19,14600,A
USGS,05378500,2021-09-20,16600,A
USGS,05378500,2021-09-21,17800,A
USGS,05378500,2021-09-22,18900,A
USGS,05378500,2021-09-23,17500,A
USGS,05378500,2021-09-24,17300,A
USGS,05378500,2021-09-25,17000,A
USGS,05378500,2021-09-26,17000,A
USGS,05378500,2021-09-27,17000,A
USGS,05378500,2021-09-28,17300,A
USGS,05378500,2021-09-29,17300,A
USGS,05378500,2021-09-30,15500,A
USGS,05378500,2021-10-01,15000,A
USGS,05378500,2021-10-02,14800,A
USGS,05378500,2021-10-03,14400,A
USGS,05378500,2021-10-04,14300,A
USGS,05378500,2021-10-05,14400,A
USGS,05378500,2021-10-06,15600,A
USGS,05378500,2021-10-07,15500,A
USGS,05378500,2021-10-08,16700,A
USGS,05378500,2021-10-09,18400,A
USGS,05378500,2021-10-10,18300,A
USGS,05378500,2021-10-11,17200,A
USGS,05378500,2021-10-12,16700,A
USGS,05378500,2021-10-13,16400,A
USGS,05378500,2021-10-14,15000,A
USGS,05378500,2021-10-15,14800,A
USGS,05378500,2021-10-16,13800,A
USGS,05378500,2021-10-17,13200,A
USGS,05378500,2021-10-18,14600,A
USGS,05378500,2021-10-19,14600,A
USGS,05378500,2021-10-20,15800,A
USGS,05378500,2021-10-21,15900,A
USGS,05378500,2021-10-22,17900,A
USGS,05378500,2021-10-23,19600,A
USGS,05378500,2021-10-24,19300,A
USGS,05378500,2021-10-25,19200,A
USGS,05378500,2021-10-26,18900,A
USGS,05378500,2021-10-27,17600,A
USGS,05378500,2021-10-28,17200,A
USGS,05378500,2021-10-29,19300,A
USGS,05378500,2021-10-30,21200,A
USGS,05378500,2021-10-31,21200,A
USGS,05378500,2021-11-01,21700,A
USGS,05378500,2021-11-02,21600,A
USGS,05378500,2021-11-03,21800,A
USGS,05378500,2021-11-04,21800,A
USGS,05378500,2021-11-05,22100,A
USGS,05378500,2021-11-06,21700,A
USGS,05378500,2021-11-07,21900,A
USGS,05378500,2021-11-08,21600,A
USGS,05378500,2021-11-09,21700,A
USGS,05378500,2021-11-10,23200,A
USGS,05378500,2021-11-11,23800,A
USGS,05378500,2021-11-12,24600,A
USGS,05378500,2021-11-13,24600,A
USGS,05378500,2021-11-14,24500,A
USGS,05378500,2021-11-15,29000,A
USGS,05378500,2021-11-16,32100,A
USGS,05378500,2021-11-17,34400,A
USGS,05378500,2021-11-18,33700,A
USGS,05378500,2021-11-19,30600,A
USGS,05378500,2021-11-20,28000,A
USGS,05378500,2021-11-21,27200,A
USGS,05378500,2021-11-22,26400,A
USGS,05378500,2021-11-23,24000,A
USGS,05378500,2021-11-24,20300,A
USGS,05378500,2021-11-25,20500,A
USGS,05378500,2021-11-26,21500,A
USGS,05378500,2021-11-27,20800,A
USGS,05378500,2021-11-28,21000,A
USGS,05378500,2021-11-29,18900,A
USGS,05378500,2021-11-30,16100,A
USGS,05378500,2021-12-01,15700,A
USGS,05378500,2021-12-02,16700,A
USGS,05378500,2021-12-03,18400,A
USGS,05378500,2021-12-04,18500,A
USGS,05378500,2021-12-05,19000,A
USGS,05378500,2021-12-06,18800,A
USGS,05378500,2021-12-07,19600,A
USGS,05378500,2021-12-08,18900,A
USGS,05378500,2021-12-09,16600,A
USGS,05378500,2021-12-10,13000,A
USGS,05378500,2021-12-11,11300,A
USGS,05378500,2021-12-12,11600,A
USGS,05378500,2021-12-13,14500,A
USGS,05378500,2021-12-14,18300,A
USGS,05378500,2021-12-15,19000,A
USGS,05378500,2021-12-16,18000,A
USGS,05378500,2021-12-17,18500,A
USGS,05378500,2021-12-18,18200,A
USGS,05378500,2021-12-19,18800,A
USGS,05378500,2021-12-20,18400,A
USGS,05378500,2021-12-21,23300,A
USGS,05378500,2021-12-22,19100,A
USGS,05378500,2021-12-23,15700,A
USGS,05378500,2021-12-24,18100,A
USGS,05378500,2021-12-25,21700,A
USGS,05378500,2021-12-26,25200,A
USGS,05378500,2021-12-27,28200,A
USGS,05378500,2021-12-28,29100,A
USGS,05378500,2021-12-29,24900,A
USGS,05378500,2021-12-30,22000,A
USGS,05378500,2021-12-31,21000,A
USGS,05378500,2022-01-01,19500,A:e
USGS,05378500,2022-01-02,20100,A:e
USGS,05378500,2022-01-03,20200,A:e
USGS,05378500,2022-01-04,20100,A:e
USGS,05378500,2022-01-05,19800,A:e
USGS,05378500,2022-01-06,19400,A:e
USGS,05378500,2022-01-07,18900,A:e
USGS,05378500,2022-01-08,18400,A:e
USGS,05378500,2022-01-09,18300,A:e
USGS,05378500,2022-01-10,18100,A:e
USGS,05378500,2022-01-11,18000,A:e
USGS,05378500,2022-01-12,17800,A:e
USGS,05378500,2022-01-13,17700,A:e
USGS,05378500,2022-01-14,17800,A:e
USGS,05378500,2022-01-15,17800,A:e
USGS,05378500,2022-01-16,17800,A:e
USGS,05378500,2022-01-17,17900,A:e
USGS,05378500,2022-01-18,18000,A:e
USGS,05378500,2022-01-19,18100,A:e
USGS,05378500,2022-01-20,18000,A:e
USGS,05378500,2022-01-21,17500,A:e
USGS,05378500,2022-01-22,17200,A:e
USGS,05378500,2022-01-23,16900,A:e
USGS,05378500,2022-01-24,16600,A:e
USGS,05378500,2022-01-25,16500,A:e
USGS,05378500,2022-01-26,16400,A:e
USGS,05378500,2022-01-27,16400,A:e
USGS,05378500,2022-01-28,16300,A:e
USGS,05378500,2022-01-29,16300,A:e
USGS,05378500,2022-01-30,16400,A:e
USGS,05378500,2022-01-31,16400,A:e
USGS,05378500,2022-02-01,16400,A:e
USGS,05378500,2022-02-02,16400,A:e
USGS,05378500,2022-02-03,16400,A:e
USGS,05378500,2022-02-04,16400,A:e
USGS,05378500,2022-02-05,16400,A:e
USGS,05378500,2022-02-06,16400,A:e
USGS,05378500,2022-02-07,16400,A:e
USGS,05378500,2022-02-08,16400,A:e
USGS,05378500,2022-02-09,16400,A:e
USGS,05378500,2022-02-10,16400,A:e
USGS,05378500,2022-02-11,16400,A:e
USGS,05378500,2022-02-12,16400,A:e
USGS,05378500,2022-02-13,16400,A:e
USGS,05378500,2022-02-14,16500,A:e
USGS,05378500,2022-02-15,16500,A:e
USGS,05378500,2022-02-16,16500,A:e
USGS,05378500,2022-02-17,16500,A:e
USGS,05378500,2022-02-18,16200,A:e
USGS,05378500,2022-02-19,16100,A:e
USGS,05378500,2022-02-20,16100,A:e
USGS,05378500,2022-02-21,16100,A:e
USGS,05378500,2022-02-22,16100,A:e
USGS,05378500,2022-02-23,16100,A:e
USGS,05378500,2022-02-24,16100,A:e
USGS,05378500,2022-02-25,16100,A:e
USGS,05378500,2022-02-26,16100,A:e
USGS,05378500,2022-02-27,16100,A:e
USGS,05378500,2022-02-28,16100,A:e
USGS,05378500,2022-03-01,16100,A:e
USGS,05378500,2022-03-02,16100,A:e
USGS,05378500,2022-03-03,16200,A:e
USGS,05378500,2022-03-04,16500,A:e
USGS,05378500,2022-03-05,16900,A:e
USGS,05378500,2022-03-06,17900,A:e
USGS,05378500,2022-03-07,19300,A:e
USGS,05378500,2022-03-08,19600,A:e
USGS,05378500,2022-03-09,18400,A:e
USGS,05378500,2022-03-10,17400,A:e
USGS,05378500,2022-03-11,17300,A:e
USGS,05378500,2022-03-12,17300,A:e
USGS,05378500,2022-03-13,17200,A:e
USGS,05378500,2022-03-14,17300,A:e
USGS,05378500,2022-03-15,18400,A:e
USGS,05378500,2022-03-16,19400,A
USGS,05378500,2022-03-17,23900,A
USGS,05378500,2022-03-18,27900,A
USGS,05378500,2022-03-19,29300,A
USGS,05378500,2022-03-20,30700,A
USGS,05378500,2022-03-21,33100,A
USGS,05378500,2022-03-22,37900,A
USGS,05378500,2022-03-23,43800,A
USGS,05378500,2022-03-24,45500,A
USGS,05378500,2022-03-25,51700,A
USGS,05378500,2022-03-26,61100,A
USGS,05378500,2022-03-27,64800,A
USGS,05378500,2022-03-28,65000,A
USGS,05378500,2022-03-29,65300,A
USGS,05378500,2022-03-30,65000,A
USGS,05378500,2022-03-31,64600,A
USGS,05378500,2022-04-01,60900,A
USGS,05378500,2022-04-02,59200,A
USGS,05378500,2022-04-03,59800,A
USGS,05378500,2022-04-04,58700,A
USGS,05378500,2022-04-05,57100,A
USGS,05378500,2022-04-06,55500,A
USGS,05378500,2022-04-07,58000,A
USGS,05378500,2022-04-08,63200,A
USGS,05378500,2022-04-09,64500,A
USGS,05378500,2022-04-10,67200,A
USGS,05378500,2022-04-11,69100,A
USGS,05378500,2022-04-12,70100,A
USGS,05378500,2022-04-13,69300,A
USGS,05378500,2022-04-14,70500,A
USGS,05378500,2022-04-15,73300,A
USGS,05378500,2022-04-16,75300,A
USGS,05378500,2022-04-17,81500,A
USGS,05378500,2022-04-18,85400,A
USGS,05378500,2022-04-19,86400,A
USGS,05378500,2022-04-20,81600,A
USGS,05378500,2022-04-21,78100,A
USGS,05378500,2022-04-22,76100,A
USGS,05378500,2022-04-23,74200,A
USGS,05378500,2022-04-24,73400,A
USGS,05378500,2022-04-25,73500,A
USGS,05378500,2022-04-26,73600,A
USGS,05378500,2022-04-27,73000,A
USGS,05378500,2022-04-28,72100,A
USGS,05378500,2022-04-29,71900,A
USGS,05378500,2022-04-30,71600,A
USGS,05378500,2022-05-01,71300,A
USGS,05378500,2022-05-02,72700,A
USGS,05378500,2022-05-03,74000,A
USGS,05378500,2022-05-04,74600,A
USGS,05378500,2022-05-05,76500,A
USGS,05378500,2022-05-06,78700,A
USGS,05378500,2022-05-07,79900,A
USGS,05378500,2022-05-08,79600,A
USGS,05378500,2022-05-09,78500,A
USGS,05378500,2022-05-10,78200,A
USGS,05378500,2022-05-11,77400,A
USGS,05378500,2022-05-12,75900,A
USGS,05378500,2022-05-13,75900,A
USGS,05378500,2022-05-14,78000,A
USGS,05378500,2022-05-15,79900,A
USGS,05378500,2022-05-16,82100,A
USGS,05378500,2022-05-17,85500,A
USGS,05378500,2022-05-18,90400,A
USGS,05378500,2022-05-19,94000,A
USGS,05378500,2022-05-20,97400,A
USGS,05378500,2022-05-21,98300,A
USGS,05378500,2022-05-22,98800,A
USGS,05378500,2022-05-23,99200,A
USGS,05378500,2022-05-24,98600,A
USGS,05378500,2022-05-25,98400,A
USGS,05378500,2022-05-26,97000,A
USGS,05378500,2022-05-27,94500,A
USGS,05378500,2022-05-28,92000,A
USGS,05378500,2022-05-29,90200,A
USGS,05378500,2022-05-30,89200,A
USGS,05378500,2022-05-31,87000,A
USGS,05378500,2022-06-01,82800,A
USGS,05378500,2022-06-02,79100,A
USGS,05378500,2022-06-03,76700,A
USGS,05378500,2022-06-04,74300,A
USGS,05378500,2022-06-05,71600,A
USGS,05378500,2022-06-06,71200,A
USGS,05378500,2022-06-07,70200,A
USGS,05378500,2022-06-08,68700,A
USGS,05378500,2022-06-09,66200,A
USGS,05378500,2022-06-10,65200,A
USGS,05378500,2022-06-11,64600,A
USGS,05378500,2022-06-12,62800,A
USGS,05378500,2022-06-13,58800,A
USGS,05378500,2022-06-14,58400,A
USGS,05378500,2022-06-15,59300,A
USGS,05378500,2022-06-16,59100,A
USGS,05378500,2022-06-17,56600,A
USGS,05378500,2022-06-18,55300,A
USGS,05378500,2022-06-19,52500,A
USGS,05378500,2022-06-20,51100,A
USGS,05378500,2022-06-21,49900,A
USGS,05378500,2022-06-22,48500,A
USGS,05378500,2022-06-23,44800,A
USGS,05378500,2022-06-24,42400,A
USGS,05378500,2022-06-25,41300,A
USGS,05378500,2022-06-26,39800,A
USGS,05378500,2022-06-27,38500,A
USGS,05378500,2022-06-28,37900,A
USGS,05378500,2022-06-29,39700,A
USGS,05378500,2022-06-30,41200,A
USGS,05378500,2022-07-01,41300,A
USGS,05378500,2022-07-02,39500,A
USGS,05378500,2022-07-03,37200,A
USGS,05378500,2022-07-04,36100,A
USGS,05378500,2022-07-05,35300,A
USGS,05378500,2022-07-06,34800,A
USGS,05378500,2022-07-07,33600,A
USGS,05378500,2022-07-08,33000,A
USGS,05378500,2022-07-09,32800,A
USGS,05378500,2022-07-10,31000,A
USGS,05378500,2022-07-11,29400,A
USGS,05378500,2022-07-12,30000,A
USGS,05378500,2022-07-13,31600,A
USGS,05378500,2022-07-14,33000,A
USGS,05378500,2022-07-15,31800,A
USGS,05378500,2022-07-16,32400,A
USGS,05378500,2022-07-17,32900,A
USGS,05378500,2022-07-18,32500,A
USGS,05378500,2022-07-19,30900,A
USGS,05378500,2022-07-20,29500,A
USGS,05378500,2022-07-21,27800,A
USGS,05378500,2022-07-22,24700,A
USGS,05378500,2022-07-23,21500,A
USGS,05378500,2022-07-24,20200,A
USGS,05378500,2022-07-25,19700,A
USGS,05378500,2022-07-26,20500,A
USGS,05378500,2022-07-27,19200,A
USGS,05378500,2022-07-28,19700,A
USGS,05378500,2022-07-29,17900,A
USGS,05378500,2022-07-30,17600,A
USGS,05378500,2022-07-31,17400,A
USGS,05378500,2022-08-01,16100,A
USGS,05378500,2022-08-02,16000,A
USGS,05378500,2022-08-03,14400,A
USGS,05378500,2022-08-04,14600,A
USGS,05378500,2022-08-05,15300,A
USGS,05378500,2022-08-06,14900,A
USGS,05378500,2022-08-07,15900,A
USGS,05378500,2022-08-08,19600,A
USGS,05378500,2022-08-09,21300,A
USGS,05378500,2022-08-10,21300,A
USGS,05378500,2022-08-11,21000,A
USGS,05378500,2022-08-12,20200,A
USGS,05378500,2022-08-13,18500,A
USGS,05378500,2022-08-14,18300,A
USGS,05378500,2022-08-15,18500,A
USGS,05378500,2022-08-16,18700,A
USGS,05378500,2022-08-17,17900,A
USGS,05378500,2022-08-18,17400,A
USGS,05378500,2022-08-19,17500,A
USGS,05378500,2022-08-20,18900,A
USGS,05378500,2022-08-21,19700,A
USGS,05378500,2022-08-22,19300,A
USGS,05378500,2022-08-23,19200,A
USGS,05378500,2022-08-24,19600,A
USGS,05378500,2022-08-25,19100,A
USGS,05378500,2022-08-26,17800,A
USGS,05378500,2022-08-27,16600,A
USGS,05378500,2022-08-28,17400,A
USGS,05378500,2022-08-29,23200,A
USGS,05378500,2022-08-30,24900,A
USGS,05378500,2022-08-31,25100,A
USGS,05378500,2022-09-01,23700,A
USGS,05378500,2022-09-02,22000,A
USGS,05378500,2022-09-03,21100,A
USGS,05378500,2022-09-04,17600,A
USGS,05378500,2022-09-05,14800,A
USGS,05378500,2022-09-06,14200,A
USGS,05378500,2022-09-07,14700,A
USGS,05378500,2022-09-08,16100,A
USGS,05378500,2022-09-09,15200,A
USGS,05378500,2022-09-10,16300,A
USGS,05378500,2022-09-11,15800,A
USGS,05378500,2022-09-12,14900,A
USGS,05378500,2022-09-13,14100,A
USGS,05378500,2022-09-14,14200,A
USGS,05378500,2022-09-15,13400,A
USGS,05378500,2022-09-16,12200,A
USGS,05378500,2022-09-17,13100,A
USGS,05378500,2022-09-18,14400,A
USGS,05378500,2022-09-19,15500,A
USGS,05378500,2022-09-20,14700,A
USGS,05378500,2022-09-21,13500,A
USGS,05378500,2022-09-22,14000,A
USGS,05378500,2022-09-23,14400,A
USGS,05378500,2022-09-24,13600,A
USGS,05378500,2022-09-25,13000,A
USGS,05378500,2022-09-26,13200,A
USGS,05378500,2022-09-27,14300,A
USGS,05378500,2022-09-28,14400,A
USGS,05378500,2022-09-29,14200,A
USGS,05378500,2022-09-30,13700,A
USGS,05378500,2022-10-01,13500,A
USGS,05378500,2022-10-02,13600,A
USGS,05378500,2022-10-03,13600,A
USGS,05378500,2022-10-04,13400,A
USGS,05378500,2022-10-05,13100,A
USGS,05378500,2022-10-06,12400,A
USGS,05378500,2022-10-07,11300,A
USGS,05378500,2022-10-08,10700,A
USGS,05378500,2022-10-09,11100,A
USGS,05378500,2022-10-10,11400,A
USGS,05378500,2022-10-11,12000,A
USGS,05378500,2022-10-12,10800,A
USGS,05378500,2022-10-13,10600,A
USGS,05378500,2022-10-14,11000,A
USGS,05378500,2022-10-15,10800,A
USGS,05378500,2022-10-16,10300,A
USGS,05378500,2022-10-17,9870,A
USGS,05378500,2022-10-18,10700,A
USGS,05378500,2022-10-19,11300,A
USGS,05378500,2022-10-20,11400,A
USGS,05378500,2022-10-21,11600,A
USGS,05378500,2022-10-22,12300,A
USGS,05378500,2022-10-23,13200,A
USGS,05378500,2022-10-24,12500,A
USGS,05378500,2022-10-25,13100,A
USGS,05378500,2022-10-26,13700,A
USGS,05378500,2022-10-27,14200,A
USGS,05378500,2022-10-28,14200,A
USGS,05378500,2022-10-29,14200,A
USGS,05378500,2022-10-30,13900,A
USGS,05378500,2022-10-31,14100,A
USGS,05378500,2022-11-01,14200,A
USGS,05378500,2022-11-02,13800,A
USGS,05378500,2022-11-03,12900,A
USGS,05378500,2022-11-04,12000,A
USGS,05378500,2022-11-05,12500,A
USGS,05378500,2022-11-06,12000,A
USGS,05378500,2022-11-07,13100,A
USGS,05378500,2022-11-08,14900,A
USGS,05378500,2022-11-09,16200,A
USGS,05378500,2022-11-10,19400,A
USGS,05378500,2022-11-11,23700,A
USGS,05378500,2022-11-12,26500,A
USGS,05378500,2022-11-13,27300,A
USGS,05378500,2022-11-14,27600,A
USGS,05378500,2022-11-15,27700,A
USGS,05378500,2022-11-16,27500,A
USGS,05378500,2022-11-17,26000,A
USGS,05378500,2022-11-18,25000,A
USGS,05378500,2022-11-19,24900,A
USGS,05378500,2022-11-20,23600,A
USGS,05378500,2022-11-21,20200,A
USGS,05378500,2022-11-22,15600,A
USGS,05378500,2022-11-23,13000,A
USGS,05378500,2022-11-24,14900,A
USGS,05378500,2022-11-25,18000,A
USGS,05378500,2022-11-26,18200,A
USGS,05378500,2022-11-27,18100,A
USGS,05378500,2022-11-28,18800,A
USGS,05378500,2022-11-29,19200,A
USGS,05378500,2022-11-30,20500,A
USGS,05378500,2022-12-01,19700,A
USGS,05378500,2022-12-02,17500,A
USGS,05378500,2022-12-03,16500,A
USGS,05378500,2022-12-04,14500,A
USGS,05378500,2022-12-05,13500,A
USGS,05378500,2022-12-06,12500,A
USGS,05378500,2022-12-07,11700,A
USGS,05378500,2022-12-08,12700,A
USGS,05378500,2022-12-09,13000,A
USGS,05378500,2022-12-10,12800,A
USGS,05378500,2022-12-11,12700,A
USGS,05378500,2022-12-12,13300,A
USGS,05378500,2022-12-13,15300,A
USGS,05378500,2022-12-14,16800,A
USGS,05378500,2022-12-15,17800,A:e
USGS,05378500,2022-12-16,18100,A
USGS,05378500,2022-12-17,17900,A
USGS,05378500,2022-12-18,17400,A:e
USGS,05378500,2022-12-19,15500,A:e
USGS,05378500,2022-12-20,14100,A:e
USGS,05378500,2022-12-21,13800,A:e
USGS,05378500,2022-12-22,13300,A:e
USGS,05378500,2022-12-23,13100,A:e
USGS,05378500,2022-12-24,13000,A:e
USGS,05378500,2022-12-25,11900,A:e
USGS,05378500,2022-12-26,11400,A:e
USGS,05378500,2022-12-27,13600,A:e
USGS,05378500,2022-12-28,16100,A:e
USGS,05378500,2022-12-29,17700,A:e
USGS,05378500,2022-12-30,18900,A:e
USGS,05378500,2022-12-31,18900,A:e
USGS,05378500,2023-01-01,19000,A:e
USGS,05378500,2023-01-02,19000,A:e
USGS,05378500,2023-01-03,19200,A:e
USGS,05378500,2023-01-04,19300,A:e
USGS,05378500,2023-01-05,19300,A:e
USGS,05378500,2023-01-06,19100,A:e
USGS,05378500,2023-01-07,17300,A:e
USGS,05378500,2023-01-08,15800,A:e
USGS,05378500,2023-01-09,14800,A:e
USGS,05378500,2023-01-10,14800,A:e
USGS,05378500,2023-01-11,14700,A:e
USGS,05378500,2023-01-12,14600,A:e
USGS,05378500,2023-01-13,14600,A:e
USGS,05378500,2023-01-14,14700,A:e
USGS,05378500,2023-01-15,15100,A:e
USGS,05378500,2023-01-16,15500,A:e
USGS,05378500,2023-01-17,15800,A:e
USGS,05378500,2023-01-18,16000,A:e
USGS,05378500,2023-01-19,15800,A:e
USGS,05378500,2023-01-20,15800,A:e
USGS,05378500,2023-01-21,15900,A:e
USGS,05378500,2023-01-22,15900,A:e
USGS,05378500,2023-01-23,15800,A:e
USGS,05378500,2023-01-24,15500,A:e
USGS,05378500,2023-01-25,15000,A:e
USGS,05378500,2023-01-26,14500,A:e
USGS,05378500,2023-01-27,14800,A:e
USGS,05378500,2023-01-28,15000,A:e
USGS,05378500,2023-01-29,15000,A:e
USGS,05378500,2023-01-30,14700,A:e
USGS,05378500,2023-01-31,14400,A:e
USGS,05378500,2023-02-01,14300,A:e
USGS,05378500,2023-02-02,14400,A:e
USGS,05378500,2023-02-03,14600,A:e
USGS,05378500,2023-02-04,14600,A:e
USGS,05378500,2023-02-05,14700,A:e
USGS,05378500,2023-02-06,14800,A:e
USGS,05378500,2023-02-07,15000,A:e
USGS,05378500,2023-02-08,15200,A:e
USGS,05378500,2023-02-09,15300,A:e
USGS,05378500,2023-02-10,15200,A:e
USGS,05378500,2023-02-11,15000,A:e
USGS,05378500,2023-02-12,15000,A:e
USGS,05378500,2023-02-13,14900,A:e
USGS,05378500,2023-02-14,14900,A:e
USGS,05378500,2023-02-15,14900,A:e
USGS,05378500,2023-02-16,16300,A:e
USGS,05378500,2023-02-17,18100,A:e
USGS,05378500,2023-02-18,19500,A:e
USGS,05378500,2023-02-19,19500,A:e
USGS,05378500,2023-02-20,18900,A:e
USGS,05378500,2023-02-21,18500,A:e
USGS,05378500,2023-02-22,19400,A:e
USGS,05378500,2023-02-23,19500,A:e
USGS,05378500,2023-02-24,19400,A:e
USGS,05378500,2023-02-25,19400,A:e
USGS,05378500,2023-02-26,19300,A:e
USGS,05378500,2023-02-27,19300,A:e
USGS,05378500,2023-02-28,19500,A:e
USGS,05378500,2023-03-01,20400,A:e
USGS,05378500,2023-03-02,21100,A:e
USGS,05378500,2023-03-03,21000,A:e
USGS,05378500,2023-03-04,20700,A:e
USGS,05378500,2023-03-05,20800,A:e
USGS,05378500,2023-03-06,20800,A:e
USGS,05378500,2023-03-07,22400,A:e
USGS,05378500,2023-03-08,24900,A:e
USGS,05378500,2023-03-09,25600,A
USGS,05378500,2023-03-10,26800,A
USGS,05378500,2023-03-11,27600,A
USGS,05378500,2023-03-12,27800,A
USGS,05378500,2023-03-13,27700,A
USGS,05378500,2023-03-14,28000,A
USGS,05378500,2023-03-15,26400,A
USGS,05378500,2023-03-16,24600,A
USGS,05378500,2023-03-17,24000,A
USGS,05378500,2023-03-18,24200,A
USGS,05378500,2023-03-19,26200,A
USGS,05378500,2023-03-20,29700,A
USGS,05378500,2023-03-21,32100,A
USGS,05378500,2023-03-22,34200,A
USGS,05378500,2023-03-23,35100,A
USGS,05378500,2023-03-24,35700,A
USGS,05378500,2023-03-25,37400,A
USGS,05378500,2023-03-26,40000,A
USGS,05378500,2023-03-27,41400,A
USGS,05378500,2023-03-28,45000,A
USGS,05378500,2023-03-29,46900,A
USGS,05378500,2023-03-30,46400,A
USGS,05378500,2023-03-31,47300,A
USGS,05378500,2023-04-01,52300,A
USGS,05378500,2023-04-02,56500,A
USGS,05378500,2023-04-03,59300,A
USGS,05378500,2023-04-04,65000,A
USGS,05378500,2023-04-05,67000,A
USGS,05378500,2023-04-06,69700,A
USGS,05378500,2023-04-07,71500,A
USGS,05378500,2023-04-08,71200,A
USGS,05378500,2023-04-09,70900,A
USGS,05378500,2023-04-10,71200,A
USGS,05378500,2023-04-11,72400,A
USGS,05378500,2023-04-12,75300,A
USGS,05378500,2023-04-13,81100,A
USGS,05378500,2023-04-14,90400,A
USGS,05378500,2023-04-15,106000,A
USGS,05378500,2023-04-16,125000,A
USGS,05378500,2023-04-17,144000,A
USGS,05378500,2023-04-18,158000,A
USGS,05378500,2023-04-19,166000,A
USGS,05378500,2023-04-20,172000,A
USGS,05378500,2023-04-21,175000,A
USGS,05378500,2023-04-22,178000,A
USGS,05378500,2023-04-23,184000,A
USGS,05378500,2023-04-24,195000,A
USGS,05378500,2023-04-25,203000,A
USGS,05378500,2023-04-26,203000,A
USGS,05378500,2023-04-27,197000,A
USGS,05378500,2023-04-28,187000,A
USGS,05378500,2023-04-29,178000,A
USGS,05378500,2023-04-30,168000,A
USGS,05378500,2023-05-01,159000,A
USGS,05378500,2023-05-02,150000,A
USGS,05378500,2023-05-03,142000,A
USGS,05378500,2023-05-04,135000,A
USGS,05378500,2023-05-05,129000,A
USGS,05378500,2023-05-06,122000,A
USGS,05378500,2023-05-07,116000,A
USGS,05378500,2023-05-08,111000,A
USGS,05378500,2023-05-09,107000,A
USGS,05378500,2023-05-10,103000,A
USGS,05378500,2023-05-11,100000,A
USGS,05378500,2023-05-12,95700,A
USGS,05378500,2023-05-13,89600,A
USGS,05378500,2023-05-14,87200,A
USGS,05378500,2023-05-15,85500,A
USGS,05378500,2023-05-16,84900,A
USGS,05378500,2023-05-17,85500,A
USGS,05378500,2023-05-18,84100,A
USGS,05378500,2023-05-19,82600,A
USGS,05378500,2023-05-20,82700,A
USGS,05378500,2023-05-21,84200,A
USGS,05378500,2023-05-22,86900,A
USGS,05378500,2023-05-23,90600,A
USGS,05378500,2023-05-24,91500,A
USGS,05378500,2023-05-25,89700,A
USGS,05378500,2023-05-26,88100,A
USGS,05378500,2023-05-27,84300,A
USGS,05378500,2023-05-28,78900,A
USGS,05378500,2023-05-29,74600,A
USGS,05378500,2023-05-30,70500,A
USGS,05378500,2023-05-31,66800,A
USGS,05378500,2023-06-01,62100,A
USGS,05378500,2023-06-02,56800,A
USGS,05378500,2023-06-03,51900,A
USGS,05378500,2023-06-04,43400,A
USGS,05378500,2023-06-05,41900,A
USGS,05378500,2023-06-06,42000,A
USGS,05378500,2023-06-07,39800,A
USGS,05378500,2023-06-08,36000,A
USGS,05378500,2023-06-09,33100,A
USGS,05378500,2023-06-10,32700,A
USGS,05378500,2023-06-11,30600,A
USGS,05378500,2023-06-12,29200,A
USGS,05378500,2023-06-13,28800,A
USGS,05378500,2023-06-14,28700,A
USGS,05378500,2023-06-15,26300,A
USGS,05378500,2023-06-16,24400,A
USGS,05378500,2023-06-17,24200,A
USGS,05378500,2023-06-18,24500,A
USGS,05378500,2023-06-19,23800,A
USGS,05378500,2023-06-20,22200,A
USGS,05378500,2023-06-21,20600,A
USGS,05378500,2023-06-22,20100,A
USGS,05378500,2023-06-23,19600,A
USGS,05378500,2023-06-24,19000,A
USGS,05378500,2023-06-25,17600,A
USGS,05378500,2023-06-26,14800,A
USGS,05378500,2023-06-27,15200,A
USGS,05378500,2023-06-28,17400,A
USGS,05378500,2023-06-29,17900,A
USGS,05378500,2023-06-30,18300,A
USGS,05378500,2023-07-01,18300,A
USGS,05378500,2023-07-02,18300,A
USGS,05378500,2023-07-03,18400,A
USGS,05378500,2023-07-04,18500,A
USGS,05378500,2023-07-05,18100,A
USGS,05378500,2023-07-06,17700,A
USGS,05378500,2023-07-07,17400,A
USGS,05378500,2023-07-08,16300,A
USGS,05378500,2023-07-09,14600,A
USGS,05378500,2023-07-10,14100,A
USGS,05378500,2023-07-11,14000,A
USGS,05378500,2023-07-12,14000,A
USGS,05378500,2023-07-13,14000,A
USGS,05378500,2023-07-14,14000,A
USGS,05378500,2023-07-15,14000,A
USGS,05378500,2023-07-16,13900,A
USGS,05378500,2023-07-17,13900,A
USGS,05378500,2023-07-18,13100,A
USGS,05378500,2023-07-19,12000,A
USGS,05378500,2023-07-20,11100,A
USGS,05378500,2023-07-21,11600,A
USGS,05378500,2023-07-22,11700,A
USGS,05378500,2023-07-23,11500,A
USGS,05378500,2023-07-24,12200,A
USGS,05378500,2023-07-25,13200,A
USGS,05378500,2023-07-26,14800,A
USGS,05378500,2023-07-27,17100,A
USGS,05378500,2023-07-28,17200,A
USGS,05378500,2023-07-29,18600,A
USGS,05378500,2023-07-30,19500,A
USGS,05378500,2023-07-31,19100,A
USGS,05378500,2023-08-01,17800,A
USGS,05378500,2023-08-02,15600,A
USGS,05378500,2023-08-03,12700,A
USGS,05378500,2023-08-04,12900,A
USGS,05378500,2023-08-05,13000,A
USGS,05378500,2023-08-06,11800,A
USGS,05378500,2023-08-07,11200,A
USGS,05378500,2023-08-08,11100,A
USGS,05378500,2023-08-09,11200,A
USGS,05378500,2023-08-10,11500,A
USGS,05378500,2023-08-11,11100,A
USGS,05378500,2023-08-12,11600,A
USGS,05378500,2023-08-13,12400,A
USGS,05378500,2023-08-14,14000,A
USGS,05378500,2023-08-15,17200,A
USGS,05378500,2023-08-16,18700,A
USGS,05378500,2023-08-17,17900,A
USGS,05378500,2023-08-18,17500,A
USGS,05378500,2023-08-19,16200,A
USGS,05378500,2023-08-20,14700,A
USGS,05378500,2023-08-21,13500,A
USGS,05378500,2023-08-22,11500,A
USGS,05378500,2023-08-23,10100,A
USGS,05378500,2023-08-24,9920,A
USGS,05378500,2023-08-25,10800,A
USGS,05378500,2023-08-26,10500,A
USGS,05378500,2023-08-27,10800,A
USGS,05378500,2023-08-28,11300,A
USGS,05378500,2023-08-29,11100,A
USGS,05378500,2023-08-30,12000,A
USGS,05378500,2023-08-31,11600,A
USGS,05378500,2023-09-01,11100,A
USGS,05378500,2023-09-02,10600,A
USGS,05378500,2023-09-03,10500,A
USGS,05378500,2023-09-04,10800,A
USGS,05378500,2023-09-05,10900,A
USGS,05378500,2023-09-06,9460,A
USGS,05378500,2023-09-07,10200,A
USGS,05378500,2023-09-08,10400,A
USGS,05378500,2023-09-09,10300,A
USGS,05378500,2023-09-10,9880,A
USGS,05378500,2023-09-11,10000,A
USGS,05378500,2023-09-12,9940,A
USGS,05378500,2023-09-13,10200,A
USGS,05378500,2023-09-14,10700,A
USGS,05378500,2023-09-15,9960,A
USGS,05378500,2023-09-16,9950,A
USGS,05378500,2023-09-17,10000,A
USGS,05378500,2023-09-18,10600,A
USGS,05378500,2023-09-19,10500,A
USGS,05378500,2023-09-20,10600,A
USGS,05378500,2023-09-21,10300,A
USGS,05378500,2023-09-22,10300,A
USGS,05378500,2023-09-23,10900,A
USGS,05378500,2023-09-24,11600,A
USGS,05378500,2023-09-25,15500,A
USGS,05378500,2023-09-26,20700,A
USGS,05378500,2023-09-27,22700,A
USGS,05378500,2023-09-28,22100,A
USGS,05378500,2023-09-29,20600,A
USGS,05378500,2023-09-30,19800,A
USGS,05378500,2023-10-01,19700,A
USGS,05378500,2023-10-02,19600,A
USGS,05378500,2023-10-03,20700,A
USGS,05378500,2023-10-04,20800,A
USGS,05378500,2023-10-05,20400,A
USGS,05378500,2023-10-06,20400,A
USGS,05378500,2023-10-07,18900,A
USGS,05378500,2023-10-08,16500,A
USGS,05378500,2023-10-09,15300,A
USGS,05378500,2023-10-10,14200,A
USGS,05378500,2023-10-11,14600,A
USGS,05378500,2023-10-12,14600,A
USGS,05378500,2023-10-13,15000,A
USGS,05378500,2023-10-14,16000,A
USGS,05378500,2023-10-15,20100,A
USGS,05378500,2023-10-16,23000,A
USGS,05378500,2023-10-17,24100,A
USGS,05378500,2023-10-18,24200,A
USGS,05378500,2023-10-19,24600,A
USGS,05378500,2023-10-20,21300,A
USGS,05378500,2023-10-21,18500,A
USGS,05378500,2023-10-22,17800,A
USGS,05378500,2023-10-23,17400,A
USGS,05378500,2023-10-24,19000,A
USGS,05378500,2023-10-25,25200,A
USGS,05378500,2023-10-26,26900,A
USGS,05378500,2023-10-27,29300,A
USGS,05378500,2023-10-28,30600,A
USGS,05378500,2023-10-29,33700,A
USGS,05378500,2023-10-30,35400,A
USGS,05378500,2023-10-31,32600,A
USGS,05378500,2023-11-01,27300,A
USGS,05378500,2023-11-02,25800,A
USGS,05378500,2023-11-03,24600,A
USGS,05378500,2023-11-04,23700,A
USGS,05378500,2023-11-05,22700,A
USGS,05378500,2023-11-06,20200,A
USGS,05378500,2023-11-07,20300,A
USGS,05378500,2023-11-08,19500,A
USGS,05378500,2023-11-09,18700,A
USGS,05378500,2023-11-10,18900,A
USGS,05378500,2023-11-11,19300,A
USGS,05378500,2023-11-12,19000,A
USGS,05378500,2023-11-13,18700,A
USGS,05378500,2023-11-14,19200,A
USGS,05378500,2023-11-15,19100,A
USGS,05378500,2023-11-16,19100,A
USGS,05378500,2023-11-17,18900,A
USGS,05378500,2023-11-18,19000,A
USGS,05378500,2023-11-19,19200,A
USGS,05378500,2023-11-20,18400,A
USGS,05378500,2023-11-21,17500,A
USGS,05378500,2023-11-22,17900,A
USGS,05378500,2023-11-23,17300,A
USGS,05378500,2023-11-24,17700,A
USGS,05378500,2023-11-25,17600,A
USGS,05378500,2023-11-26,16700,A
USGS,05378500,2023-11-27,15100,A
USGS,05378500,2023-11-28,13100,A
USGS,05378500,2023-11-29,11300,A
USGS,05378500,2023-11-30,11200,A
USGS,05378500,2023-12-01,12100,A
USGS,05378500,2023-12-02,12400,A
USGS,05378500,2023-12-03,12300,A
USGS,05378500,2023-12-04,14400,A
USGS,05378500,2023-12-05,16600,A
USGS,05378500,2023-12-06,17300,A
USGS,05378500,2023-12-07,17400,A
USGS,05378500,2023-12-08,17100,A
USGS,05378500,2023-12-09,17000,A
USGS,05378500,2023-12-10,16900,A
USGS,05378500,2023-12-11,16900,A
USGS,05378500,2023-12-12,16700,A
USGS,05378500,2023-12-13,15100,A
USGS,05378500,2023-12-14,14400,A
USGS,05378500,2023-12-15,14600,A
USGS,05378500,2023-12-16,14700,A
USGS,05378500,2023-12-17,14900,A
USGS,05378500,2023-12-18,15900,A
USGS,05378500,2023-12-19,16900,A
USGS,05378500,2023-12-20,16800,A
USGS,05378500,2023-12-21,16500,A
USGS,05378500,2023-12-22,15900,A
USGS,05378500,2023-12-23,16100,A
USGS,05378500,2023-12-24,17400,A
USGS,05378500,2023-12-25,19300,A
USGS,05378500,2023-12-26,21800,A
USGS,05378500,2023-12-27,25500,A
USGS,05378500,2023-12-28,31300,A
USGS,05378500,2023-12-29,37200,A
USGS,05378500,2023-12-30,39500,A
USGS,05378500,2023-12-31,39500,A
USGS,05378500,2024-01-01,39000,A
USGS,05378500,2024-01-02,37100,A
USGS,05378500,2024-01-03,35500,A
USGS,05378500,2024-01-04,35100,A
USGS,05378500,2024-01-05,34200,A
USGS,05378500,2024-01-06,32500,A
USGS,05378500,2024-01-07,31800,A
USGS,05378500,2024-01-08,30100,A
USGS,05378500,2024-01-09,27400,A
USGS,05378500,2024-01-10,25800,A
USGS,05378500,2024-01-11,24300,A
USGS,05378500,2024-01-12,22400,A
USGS,05378500,2024-01-13,18600,A:e
USGS,05378500,2024-01-14,16400,A:e
USGS,05378500,2024-01-15,16400,A:e
USGS,05378500,2024-01-16,16400,A:e
USGS,05378500,2024-01-17,16400,A:e
USGS,05378500,2024-01-18,16400,A:e
USGS,05378500,2024-01-19,16400,A:e
USGS,05378500,2024-01-20,17800,A:e
USGS,05378500,2024-01-21,18000,A:e
USGS,05378500,2024-01-22,18000,A:e
USGS,05378500,2024-01-23,18200,A:e
USGS,05378500,2024-01-24,20000,A:e
USGS,05378500,2024-01-25,20300,A:e
USGS,05378500,2024-01-26,20200,A:e
USGS,05378500,2024-01-27,20200,A:e
USGS,05378500,2024-01-28,20100,A:e
USGS,05378500,2024-01-29,20100,A:e
USGS,05378500,2024-01-30,20000,A:e
USGS,05378500,2024-01-31,20000,A:e
USGS,05378500,2024-02-01,20000,A:e
USGS,05378500,2024-02-02,20000,A:e
USGS,05378500,2024-02-03,20100,A:e
USGS,05378500,2024-02-04,20000,A:e
USGS,05378500,2024-02-05,20000,A:e
USGS,05378500,2024-02-06,20400,A:e
USGS,05378500,2024-02-07,21000,A
USGS,05378500,2024-02-08,20800,A
USGS,05378500,2024-02-09,20300,A
USGS,05378500,2024-02-10,21000,A
USGS,05378500,2024-02-11,21600,A
USGS,05378500,2024-02-12,21500,A
USGS,05378500,2024-02-13,21700,A
USGS,05378500,2024-02-14,21800,A
USGS,05378500,2024-02-15,22600,A
USGS,05378500,2024-02-16,23100,A
USGS,05378500,2024-02-17,23500,A
USGS,05378500,2024-02-18,23400,A
USGS,05378500,2024-02-19,21700,A
USGS,05378500,2024-02-20,20600,A
USGS,05378500,2024-02-21,20200,A
USGS,05378500,2024-02-22,20100,A
USGS,05378500,2024-02-23,20000,A
USGS,05378500,2024-02-24,19800,A
USGS,05378500,2024-02-25,19000,A
USGS,05378500,2024-02-26,19500,A
USGS,05378500,2024-02-27,17600,A:e
USGS,05378500,2024-02-28,17300,A:e
USGS,05378500,2024-02-29,19000,A:e
USGS,05378500,2024-03-01,18900,A
USGS,05378500,2024-03-02,18800,A
USGS,05378500,2024-03-03,19100,A
USGS,05378500,2024-03-04,18800,A
USGS,05378500,2024-03-05,19000,A
USGS,05378500,2024-03-06,19200,A
USGS,05378500,2024-03-07,19000,A
USGS,05378500,2024-03-08,18600,A
USGS,05378500,2024-03-09,18200,A
USGS,05378500,2024-03-10,19000,A
USGS,05378500,2024-03-11,19000,A
USGS,05378500,2024-03-12,18800,A
USGS,05378500,2024-03-13,19100,A
USGS,05378500,2024-03-14,19100,A
USGS,05378500,2024-03-15,19000,A
USGS,05378500,2024-03-16,16900,A
USGS,05378500,2024-03-17,15100,A
USGS,05378500,2024-03-18,16000,A
USGS,05378500,2024-03-19,15400,A
USGS,05378500,2024-03-20,15300,A
USGS,05378500,2024-03-21,16300,A
USGS,05378500,2024-03-22,15700,A
USGS,05378500,2024-03-23,16100,A
USGS,05378500,2024-03-24,16800,A
USGS,05378500,2024-03-25,15800,A
USGS,05378500,2024-03-26,18200,A
USGS,05378500,2024-03-27,20300,A
USGS,05378500,2024-03-28,23000,A
USGS,05378500,2024-03-29,28200,A
USGS,05378500,2024-03-30,32400,A
USGS,05378500,2024-03-31,32900,A
USGS,05378500,2024-04-01,32400,A
USGS,05378500,2024-04-02,33300,A
USGS,05378500,2024-04-03,35700,A
USGS,05378500,2024-04-04,36700,A
USGS,05378500,2024-04-05,33900,A
USGS,05378500,2024-04-06,31700,A
USGS,05378500,2024-04-07,31000,A
USGS,05378500,2024-04-08,31700,A
USGS,05378500,2024-04-09,35200,A
USGS,05378500,2024-04-10,37100,A
USGS,05378500,2024-04-11,39500,A
USGS,05378500,2024-04-12,43100,A
USGS,05378500,2024-04-13,43300,A
USGS,05378500,2024-04-14,43200,A
USGS,05378500,2024-04-15,42200,A
USGS,05378500,2024-04-16,40600,A
USGS,05378500,2024-04-17,44400,A
USGS,05378500,2024-04-18,45800,A
USGS,05378500,2024-04-19,46100,A
USGS,05378500,2024-04-20,48900,A
USGS,05378500,2024-04-21,52700,A
USGS,05378500,2024-04-22,55100,A
USGS,05378500,2024-04-23,55200,A
USGS,05378500,2024-04-24,55600,A
USGS,05378500,2024-04-25,55600,A
USGS,05378500,2024-04-26,52400,A
USGS,05378500,2024-04-27,50100,A
USGS,05378500,2024-04-28,50100,A
USGS,05378500,2024-04-29,50500,A
USGS,05378500,2024-04-30,49700,A
USGS,05378500,2024-05-01,51000,A
USGS,05378500,2024-05-02,52900,A
USGS,05378500,2024-05-03,57400,A
USGS,05378500,2024-05-04,63300,A
USGS,05378500,2024-05-05,68600,A
USGS,05378500,2024-05-06,72300,A
USGS,05378500,2024-05-07,74500,A
USGS,05378500,2024-05-08,75500,A
USGS,05378500,2024-05-09,76300,A
USGS,05378500,2024-05-10,77200,A
USGS,05378500,2024-05-11,77500,A
USGS,05378500,2024-05-12,77700,A
USGS,05378500,2024-05-13,77500,A
USGS,05378500,2024-05-14,76500,A
USGS,05378500,2024-05-15,74200,A
USGS,05378500,2024-05-16,72700,A
USGS,05378500,2024-05-17,70900,A
USGS,05378500,2024-05-18,68800,A
USGS,05378500,2024-05-19,67600,A
USGS,05378500,2024-05-20,64600,A
USGS,05378500,2024-05-21,64000,A
USGS,05378500,2024-05-22,63200,A
USGS,05378500,2024-05-23,63300,A
USGS,05378500,2024-05-24,66100,A
USGS,05378500,2024-05-25,69700,A
USGS,05378500,2024-05-26,73000,A
USGS,05378500,2024-05-27,74600,A
USGS,05378500,2024-05-28,73400,A
USGS,05378500,2024-05-29,73000,A
USGS,05378500,2024-05-30,71900,A
USGS,05378500,2024-05-31,70200,A
USGS,05378500,2024-06-01,69500,A
USGS,05378500,2024-06-02,69800,A
USGS,05378500,2024-06-03,70500,A
USGS,05378500,2024-06-04,72400,A
USGS,05378500,2024-06-05,76500,A
USGS,05378500,2024-06-06,80700,A
USGS,05378500,2024-06-07,85200,A
USGS,05378500,2024-06-08,91300,A
USGS,05378500,2024-06-09,96600,A
USGS,05378500,2024-06-10,101000,A
USGS,05378500,2024-06-11,103000,A
USGS,05378500,2024-06-12,102000,A
USGS,05378500,2024-06-13,99600,A
USGS,05378500,2024-06-14,95900,A
USGS,05378500,2024-06-15,92300,A
USGS,05378500,2024-06-16,89700,A
USGS,05378500,2024-06-17,87100,A
USGS,05378500,2024-06-18,87600,A
USGS,05378500,2024-06-19,90500,A
USGS,05378500,2024-06-20,94600,A
USGS,05378500,2024-06-21,98900,A
USGS,05378500,2024-06-22,106000,A
USGS,05378500,2024-06-23,112000,A
USGS,05378500,2024-06-24,122000,A
USGS,05378500,2024-06-25,132000,A
USGS,05378500,2024-06-26,137000,A
USGS,05378500,2024-06-27,138000,A
USGS,05378500,2024-06-28,142000,A
USGS,05378500,2024-06-29,150000,A
USGS,05378500,2024-06-30,157000,A
USGS,05378500,2024-07-01,160000,A
USGS,05378500,2024-07-02,160000,A
USGS,05378500,2024-07-03,159000,A
USGS,05378500,2024-07-04,156000,A
USGS,05378500,2024-07-05,153000,A
USGS,05378500,2024-07-06,147000,A
USGS,05378500,2024-07-07,141000,A
USGS,05378500,2024-07-08,134000,A
USGS,05378500,2024-07-09,127000,A
USGS,05378500,2024-07-10,120000,A
USGS,05378500,2024-07-11,114000,A
USGS,05378500,2024-07-12,108000,A
USGS,05378500,2024-07-13,103000,A
USGS,05378500,2024-07-14,99600,A
USGS,05378500,2024-07-15,94400,A
USGS,05378500,2024-07-16,91300,A
USGS,05378500,2024-07-17,88500,A
USGS,05378500,2024-07-18,84300,A
USGS,05378500,2024-07-19,79900,A
USGS,05378500,2024-07-20,75500,A
USGS,05378500,2024-07-21,72100,A
USGS,05378500,2024-07-22,69400,A
USGS,05378500,2024-07-23,67300,A
USGS,05378500,2024-07-24,62200,A
USGS,05378500,2024-07-25,60800,A
USGS,05378500,2024-07-26,59400,A
USGS,05378500,2024-07-27,54500,A
USGS,05378500,2024-07-28,52900,A
USGS,05378500,2024-07-29,48600,A
USGS,05378500,2024-07-30,47400,A
USGS,05378500,2024-07-31,46200,A
USGS,05378500,2024-08-01,46000,A
USGS,05378500,2024-08-02,47800,A:e
USGS,05378500,2024-08-03,50000,A:e
USGS,05378500,2024-08-04,50000,A:e
USGS,05378500,2024-08-05,50100,A:e
USGS,05378500,2024-08-06,51100,A:e
USGS,05378500,2024-08-07,53200,A
USGS,05378500,2024-08-08,54800,A
USGS,05378500,2024-08-09,55500,A
USGS,05378500,2024-08-10,55900,A
USGS,05378500,2024-08-11,55400,A
USGS,05378500,2024-08-12,54400,A
USGS,05378500,2024-08-13,51300,A
USGS,05378500,2024-08-14,48600,A
USGS,05378500,2024-08-15,45100,A
USGS,05378500,2024-08-16,45500,A
USGS,05378500,2024-08-17,46800,A
USGS,05378500,2024-08-18,44400,A
USGS,05378500,2024-08-19,42500,A
USGS,05378500,2024-08-20,40900,A
USGS,05378500,2024-08-21,40100,A
USGS,05378500,2024-08-22,38700,A
USGS,05378500,2024-08-23,36400,A
USGS,05378500,2024-08-24,34600,A
USGS,05378500,2024-08-25,34200,A
USGS,05378500,2024-08-26,34000,A
USGS,05378500,2024-08-27,33600,A
USGS,05378500,2024-08-28,32000,A
USGS,05378500,2024-08-29,31400,A
USGS,05378500,2024-08-30,34800,A
USGS,05378500,2024-08-31,35800,A
USGS,05378500,2024-09-01,36000,A
USGS,05378500,2024-09-02,36300,A
USGS,05378500,2024-09-03,34900,A
USGS,05378500,2024-09-04,33700,A
USGS,05378500,2024-09-05,32400,A
USGS,05378500,2024-09-06,31300,A
USGS,05378500,2024-09-07,30000,A
USGS,05378500,2024-09-08,28400,A
USGS,05378500,2024-09-09,28000,A
USGS,05378500,2024-09-10,26200,A
USGS,05378500,2024-09-11,24700,A
USGS,05378500,2024-09-12,23800,A
USGS,05378500,2024-09-13,23500,A
USGS,05378500,2024-09-14,21800,A
USGS,05378500,2024-09-15,20100,A
USGS,05378500,2024-09-16,19900,A
USGS,05378500,2024-09-17,20100,A
USGS,05378500,2024-09-18,20000,A
USGS,05378500,2024-09-19,20300,A
USGS,05378500,2024-09-20,19900,A
USGS,05378500,2024-09-21,21000,A
USGS,05378500,2024-09-22,20600,A
USGS,05378500,2024-09-23,19900,A
USGS,05378500,2024-09-24,19500,A
USGS,05378500,2024-09-25,18700,A
USGS,05378500,2024-09-26,18400,A
USGS,05378500,2024-09-27,18400,A
USGS,05378500,2024-09-28,17700,A
USGS,05378500,2024-09-29,16300,A
USGS,05378500,2024-09-30,15800,A
USGS,05378500,2024-10-01,15000,A
USGS,05378500,2024-10-02,15600,A
USGS,05378500,2024-10-03,15400,A
USGS,05378500,2024-10-04,15400,A
USGS,05378500,2024-10-05,15000,A
USGS,05378500,2024-10-06,13100,A
USGS,05378500,2024-10-07,13700,A
USGS,05378500,2024-10-08,14200,A
USGS,05378500,2024-10-09,14600,A
USGS,05378500,2024-10-10,14900,A
USGS,05378500,2024-10-11,13900,A
USGS,05378500,2024-10-12,14500,A
USGS,05378500,2024-10-13,13100,A
USGS,05378500,2024-10-14,13800,A
USGS,05378500,2024-10-15,14100,A
USGS,05378500,2024-10-16,14200,A
USGS,05378500,2024-10-17,14500,A
USGS,05378500,2024-10-18,14500,A
USGS,05378500,2024-10-19,14500,A
USGS,05378500,2024-10-20,14100,A
USGS,05378500,2024-10-21,14400,A
USGS,05378500,2024-10-22,14200,A
USGS,05378500,2024-10-23,13600,A
USGS,05378500,2024-10-24,14400,P
USGS,05378500,2024-10-25,13700,P
USGS,05378500,2024-10-26,15000,P
USGS,05378500,2024-10-27,15800,P
USGS,05378500,2024-10-28,16500,P
USGS,05378500,2024-10-29,15400,P
USGS,05378500,2024-10-30,16800,P
USGS,05378500,2024-10-31,19100,P
USGS,05378500,2024-11-01,20400,P
USGS,05378500,2024-11-02,19600,P
USGS,05378500,2024-11-03,19000,P
USGS,05378500,2024-11-04,18900,P
USGS,05378500,2024-11-05,20700,P
USGS,05378500,2024-11-06,22600,P
USGS,05378500,2024-11-07,23000,P
USGS,05378500,2024-11-08,23000,P
USGS,05378500,2024-11-09,22300,P
USGS,05378500,2024-11-10,21500,P
USGS,05378500,2024-11-11,20900,P
USGS,05378500,2024-11-12,20800,P
USGS,05378500,2024-11-13,18600,P
USGS,05378500,2024-11-14,16800,P
USGS,05378500,2024-11-15,16600,P
USGS,05378500,2024-11-16,17800,P
USGS,05378500,2024-11-17,16800,P
USGS,05378500,2024-11-18,19200,P
USGS,05378500,2024-11-19,23400,P
USGS,05378500,2024-11-20,25900,P
USGS,05378500,2024-11-21,26200,P
USGS,05378500,2024-11-22,27400,P
USGS,05378500,2024-11-23,27600,P
USGS,05378500,2024-11-24,27100,P
USGS,05378500,2024-11-25,25400,P
USGS,05378500,2024-11-26,24700,P
USGS,05378500,2024-11-27,24700,P
USGS,05378500,2024-11-28,24800,P
USGS,05378500,2024-11-29,24800,P
USGS,05378500,2024-11-30,23100,P
USGS,05378500,2024-12-01,20200,P
USGS,05378500,2024-12-02,17100,P
USGS,05378500,2024-12-03,15700,P
USGS,05378500,2024-12-04,Ice,P
USGS,05378500,2024-12-05,Ice,P
USGS,05378500,2024-12-06,Ice,P
USGS,05378500,2024-12-07,Ice,P
USGS,05378500,2024-12-08,Ice,P
USGS,05378500,2024-12-09,Ice,P
USGS,05378500,2024-12-10,Ice,P
USGS,05378500,2024-12-11,Ice,P
USGS,05378500,2024-12-12,Ice,P
USGS,05378500,2024-12-13,Ice,P
USGS,05378500,2024-12-14,Ice,P
USGS,05378500,2024-12-15,Ice,P
USGS,05378500,2024-12-16,Ice,P
USGS,05378500,2024-12-17,Ice,P
USGS,05378500,2024-12-18,Ice,P
USGS,05378500,2024-12-19,Ice,P
USGS,05378500,2024-12-20,Ice,P
USGS,05378500,2024-12-21,Ice,P
USGS,05378500,2024-12-22,Ice,P
USGS,05378500,2024-12-23,Ice,P
USGS,05378500,2024-12-24,Ice,P
USGS,05378500,2024-12-25,Ice,P
USGS,05378500,2024-12-26,Ice,P
USGS,05378500,2024-12-27,Ice,P
USGS,05378500,2024-12-28,Ice,P
USGS,05378500,2024-12-29,Ice,P
USGS,05378500,2024-12-30,Ice,P
USGS,05378500,2024-12-31,Ice,P
USGS,05378500,2025-01-01,Ice,P
USGS,05378500,2025-01-02,Ice,P
USGS,05378500,2025-01-03,Ice,P
USGS,05378500,2025-01-04,Ice,P
USGS,05378500,2025-01-05,Ice,P
USGS,05378500,2025-01-06,Ice,P
USGS,05378500,2025-01-07,Ice,P
USGS,05378500,2025-01-08,Ice,P
USGS,05378500,2025-01-09,Ice,P
USGS,05378500,2025-01-10,Ice,P
USGS,05378500,2025-01-11,Ice,P
USGS,05378500,2025-01-12,Ice,P
USGS,05378500,2025-01-13,Ice,P
USGS,05378500,2025-01-14,Ice,P
USGS,05378500,2025-01-15,Ice,P
USGS,05378500,2025-01-16,Ice,P
USGS,05378500,2025-01-17,Ice,P
USGS,05378500,2025-01-18,Ice,P
USGS,05378500,2025-01-19,Ice,P
USGS,05378500,2025-01-20,Ice,P
USGS,05378500,2025-01-21,Ice,P
USGS,05378500,2025-01-22,Ice,P
USGS,05378500,2025-01-23,Ice,P
USGS,05378500,2025-01-24,Ice,P
USGS,05378500,2025-01-25,Ice,P
USGS,05378500,2025-01-26,Ice,P
USGS,05378500,2025-01-27,Ice,P
USGS,05378500,2025-01-28,Ice,P
USGS,05378500,2025-01-29,Ice,P
USGS,05378500,2025-01-30,Ice,P
USGS,05378500,2025-01-31,Ice,P
USGS,05378500,2025-02-01,Ice,P
USGS,05378500,2025-02-02,Ice,P
USGS,05378500,2025-02-03,Ice,P
USGS,05378500,2025-02-04,Ice,P
USGS,05378500,2025-02-05,Ice,P
USGS,05378500,2025-02-06,Ice,P
USGS,05378500,2025-02-07,Ice,P
USGS,05378500,2025-02-08,Ice,P
USGS,05378500,2025-02-09,Ice,P
USGS,05378500,2025-02-10,Ice,P
USGS,05378500,2025-02-11,Ice,P
USGS,05378500,2025-02-12,Ice,P
USGS,05378500,2025-02-13,Ice,P
USGS,05378500,2025-02-14,Ice,P
USGS,05378500,2025-02-15,Ice,P
USGS,05378500,2025-02-16,Ice,P
USGS,05378500,2025-02-17,Ice,P
USGS,05378500,2025-02-18,Ice,P
USGS,05378500,2025-02-19,Ice,P
USGS,05378500,2025-02-20,Ice,P
USGS,05378500,2025-02-21,Ice,P
USGS,05378500,2025-02-22,Ice,P
USGS,05378500,2025-02-23,Ice,P
USGS,05378500,2025-02-24,Ice,P
USGS,05378500,2025-02-25,Ice,P
USGS,05378500,2025-02-26,Ice,P
USGS,05378500,2025-02-27,Ice,P
USGS,05378500,2025-02-28,Ice,P
USGS,05378500,2025-03-01,Ice,P
USGS,05378500,2025-03-02,Ice,P
USGS,05378500,2025-03-03,Ice,P
USGS,05378500,2025-03-04,Ice,P
USGS,05378500,2025-03-05,Ice,P
USGS,05378500,2025-03-06,Ice,P
USGS,05378500,2025-03-07,Ice,P
USGS,05378500,2025-03-08,Ice,P
USGS,05378500,2025-03-09,Ice,P
USGS,05378500,2025-03-10,Ice,P
USGS,05378500,2025-03-11,26500,P
USGS,05378500,2025-03-12,31300,P
USGS,05378500,2025-03-13,34900,P
USGS,05378500,2025-03-14,35000,P
USGS,05378500,2025-03-15,34200,P
USGS,05378500,2025-03-16,35300,P
USGS,05378500,2025-03-17,35300,P
USGS,05378500,2025-03-18,36900,P
USGS,05378500,2025-03-19,38100,P
USGS,05378500,2025-03-20,37100,P
USGS,05378500,2025-03-21,34800,P
USGS,05378500,2025-03-22,34100,P
USGS,05378500,2025-03-23,30700,P
USGS,05378500,2025-03-24,29200,P
USGS,05378500,2025-03-25,29100,P
USGS,05378500,2025-03-26,28100,P
USGS,05378500,2025-03-27,25700,P
USGS,05378500,2025-03-28,21900,P
USGS,05378500,2025-03-29,21500,P
USGS,05378500,2025-03-30,23700,P
USGS,05378500,2025-03-31,31800,P
USGS,05378500,2025-04-01,43900,P
USGS,05378500,2025-04-02,51700,P
USGS,05378500,2025-04-03,55600,P
USGS,05378500,2025-04-04,54900,P
USGS,05378500,2025-04-05,52700,P
USGS,05378500,2025-04-06,52200,P
USGS,05378500,2025-04-07,52100,P
USGS,05378500,2025-04-08,52000,P
USGS,05378500,2025-04-09,49500,P
USGS,05378500,2025-04-10,47200,P
USGS,05378500,2025-04-11,46000,P
USGS,05378500,2025-04-12,43200,P
USGS,05378500,2025-04-13,41900,P
USGS,05378500,2025-04-14,40900,P
USGS,05378500,2025-04-15,38500,P
USGS,05378500,2025-04-16,37400,P
USGS,05378500,2025-04-17,36000,P
USGS,05378500,2025-04-18,36300,P
USGS,05378500,2025-04-19,37300,P
USGS,05378500,2025-04-20,37800,P
USGS,05378500,2025-04-21,40100,P
USGS,05378500,2025-04-22,43000,P
USGS,05378500,2025-04-23,51400,P
USGS,05378500,2025-04-24,58500,P
USGS,05378500,2025-04-25,60500,P
USGS,05378500,2025-04-26,60200,P
USGS,05378500,2025-04-27,57900,P
USGS,05378500,2025-04-28,54300,P
USGS,05378500,2025-04-29,52700,P
USGS,05378500,2025-04-30,50700,P
USGS,05378500,2025-05-01,51100,P
USGS,05378500,2025-05-02,54400,P
USGS,05378500,2025-05-03,55400,P
USGS,05378500,2025-05-04,55000,P
USGS,05378500,2025-05-05,53100,P
USGS,05378500,2025-05-06,52000,P
USGS,05378500,2025-05-07,51800,P
USGS,05378500,2025-05-08,49000,P
USGS,05378500,2025-05-09,46000,P
USGS,05378500,2025-05-10,45900,P
USGS,05378500,2025-05-11,41700,P
USGS,05378500,2025-05-12,39000,P
USGS,05378500,2025-05-13,38800,P
USGS,05378500,2025-05-14,37400,P
USGS,05378500,2025-05-15,33500,P
USGS,05378500,2025-05-16,31400,P
USGS,05378500,2025-05-17,30700,P
USGS,05378500,2025-05-18,30700,P
USGS,05378500,2025-05-19,29000,P
USGS,05378500,2025-05-20,28700,P
USGS,05378500,2025-05-21,32400,P
USGS,05378500,2025-05-22,37300,P
USGS,05378500,2025-05-23,41100,P
USGS,05378500,2025-05-24,44300,P
USGS,05378500,2025-05-25,48200,P
USGS,05378500,2025-05-26,51000,P
USGS,05378500,2025-05-27,51700,P
USGS,05378500,2025-05-28,52000,P
USGS,05378500,2025-05-29,52100,P
USGS,05378500,2025-05-30,52100,P
USGS,05378500,2025-05-31,50500,P
USGS,05378500,2025-06-01,47400,P
USGS,05378500,2025-06-02,43500,P
USGS,05378500,2025-06-03,42400,P
USGS,05378500,2025-06-04,41700,P
USGS,05378500,2025-06-05,40300,P
USGS,05378500,2025-06-06,38900,P
USGS,05378500,2025-06-07,38500,P
USGS,05378500,2025-06-08,38500,P
USGS,05378500,2025-06-09,38600,P:e
USGS,05378500,2025-06-10,38500,P:e
USGS,05378500,2025-06-11,37900,P:e
USGS,05378500,2025-06-12,37200,P:e
USGS,05378500,2025-06-13,36000,P
USGS,05378500,2025-06-14,36800,P
USGS,05378500,2025-06-15,38500,P
USGS,05378500,2025-06-16,39300,P
USGS,05378500,2025-06-17,42800,P
USGS,05378500,2025-06-18,46900,P
USGS,05378500,2025-06-19,49600,P
USGS,05378500,2025-06-20,51200,P
USGS,05378500,2025-06-21,50900,P
USGS,05378500,2025-06-22,50900,P
USGS,05378500,2025-06-23,51300,P
USGS,05378500,2025-06-24,52600,P
USGS,05378500,2025-06-25,53400,P
USGS,05378500,2025-06-26,54900,P
USGS,05378500,2025-06-27,57400,P
USGS,05378500,2025-06-28,61500,P
USGS,05378500,2025-06-29,67500,P
USGS,05378500,2025-06-30,72400,P
USGS,05378500,2025-07-01,76100,P
USGS,05378500,2025-07-02,78300,P
USGS,05378500,2025-07-03,77700,P
USGS,05378500,2025-07-04,74600,P
USGS,05378500,2025-07-05,72300,P
USGS,05378500,2025-07-06,72200,P
USGS,05378500,2025-07-07,71700,P
USGS,05378500,2025-07-08,70900,P
USGS,05378500,2025-07-09,70800,P
USGS,05378500,2025-07-10,70700,P
USGS,05378500,2025-07-11,69300,P
USGS,05378500,2025-07-12,67400,P
USGS,05378500,2025-07-13,67300,P
USGS,05378500,2025-07-14,65600,P
USGS,05378500,2025-07-15,64900,P
USGS,05378500,2025-07-16,64100,P
USGS,05378500,2025-07-17,62800,P
USGS,05378500,2025-07-18,61700,P
USGS,05378500,2025-07-19,60700,P
USGS,05378500,2025-07-20,58800,P
USGS,05378500,2025-07-21,58800,P
USGS,05378500,2025-07-22,58700,P
USGS,05378500,2025-07-23,58400,P
USGS,05378500,2025-07-24,58200,P
USGS,05378500,2025-07-25,57800,P
USGS,05378500,2025-07-26,57300,P
USGS,05378500,2025-07-27,58500,P
USGS,05378500,2025-07-28,60000,P
USGS,05378500,2025-07-29,59600,P
USGS,05378500,2025-07-30,59400,P
USGS,05378500,2025-07-31,59400,P
USGS,05378500,2025-08-01,59500,P
USGS,05378500,2025-08-02,58900,P
USGS,05378500,2025-08-03,58100,P
USGS,05378500,2025-08-04,57000,P
USGS,05378500,2025-08-05,55300,P
USGS,05378500,2025-08-06,54600,P
USGS,05378500,2025-08-07,53300,P
USGS,05378500,2025-08-08,52300,P
USGS,05378500,2025-08-09,49800,P
USGS,05378500,2025-08-10,51400,P
USGS,05378500,2025-08-11,51300,P
USGS,05378500,2025-08-12,49900,P
USGS,05378500,2025-08-13,47400,P
USGS,05378500,2025-08-14,45900,P
USGS,05378500,2025-08-15,43100,P
USGS,05378500,2025-08-16,42300,P
USGS,05378500,2025-08-17,42500,P
USGS,05378500,2025-08-18,44800,P
USGS,05378500,2025-08-19,47800,P
USGS,05378500,2025-08-20,51600,P
USGS,05378500,2025-08-21,54800,P
USGS,05378500,2025-08-22,53600,P
USGS,05378500,2025-08-23,52200,P
USGS,05378500,2025-08-24,52000,P
USGS,05378500,2025-08-25,52000,P
USGS,05378500,2025-08-26,51800,P
USGS,05378500,2025-08-27,51200,P
USGS,05378500,2025-08-28,51200,P
USGS,05378500,2025-08-29,51700,P
USGS,05378500,2025-08-30,52200,P
USGS,05378500,2025-08-31,52700,P
USGS,05378500,2025-09-01,53800,P
USGS,05378500,2025-09-02,53900,P
USGS,05378500,2025-09-03,52900,P
USGS,05378500,2025-09-04,50500,P
USGS,05378500,2025-09-05,47400,P
USGS,05378500,2025-09-06,44300,P
USGS,05378500,2025-09-07,41600,P
USGS,05378500,2025-09-08,38500,P
USGS,05378500,2025-09-09,34900,P
USGS,05378500,2025-09-10,34900,P
USGS,05378500,2025-09-11,35300,P
USGS,05378500,2025-09-12,33700,P
USGS,05378500,2025-09-13,32000,P
USGS,05378500,2025-09-14,29900,P
USGS,05378500,2025-09-15,29200,P
USGS,05378500,2025-09-16,29200,P
USGS,05378500,2025-09-17,29000,P
USGS,05378500,2025-09-18,27700,P
USGS,05378500,2025-09-19,26500,P
USGS,05378500,2025-09-20,25900,P
USGS,05378500,2025-09-21,25800,P
USGS,05378500,2025-09-22,26000,P
USGS,05378500,2025-09-23,27700,P
USGS,05378500,2025-09-24,27800,P
USGS,05378500,2025-09-25,27800,P
USGS,05378500,2025-09-26,27100,P
USGS,05378500,2025-09-27,26500,P
USGS,05378500,2025-09-28,26600,P
USGS,05378500,2025-09-29,24900,P
USGS,05378500,2025-09-30,22800,P
USGS,05378500,2025-10-01,22400,P
USGS,05378500,2025-10-02,21600,P
USGS,05378500,2025-10-03,21200,P
USGS,05378500,2025-10-04,22100,P
USGS,05378500,2025-10-05,22100,P
USGS,05378500,2025-10-06,21500,P
USGS,05378500,2025-10-07,21400,P
USGS,05378500,2025-10-08,19900,P
USGS,05378500,2025-10-09,19800,P
USGS,05378500,2025-10-10,18600,P
USGS,05378500,2025-10-11,19100,P
USGS,05378500,2025-10-12,18400,P
USGS,05378500,2025-10-13,16500,P
USGS,05378500,2025-10-14,17200,P
USGS,05378500,2025-10-15,17500,P
USGS,05378500,2025-10-16,17800,P
USGS,05378500,2025-10-17,17200,P
USGS,05378500,2025-10-18,16800,P
USGS,05378500,2025-10-19,16800,P
USGS,05378500,2025-10-20,17600,P
USGS,05378500,2025-10-21,16700,P
USGS,05378500,2025-10-22,17700,P
USGS,05378500,2025-10-23,18800,P
USGS,05378500,2025-10-24,18400,P
USGS,05378500,2025-10-25,18400,P
USGS,05378500,2025-10-26,18300,P
USGS,05378500,2025-10-27,17400,P
USGS,05378500,2025-10-28,15900,P
USGS,05378500,2025-10-29,15100,P
USGS,05378500,2025-10-30,15500,P
USGS,05378500,2025-10-31,15800,P
USGS,05378500,2025-11-01,16700,P
USGS,05378500,2025-11-02,17600,P
USGS,05378500,2025-11-03,16800,P
USGS,05378500,2025-11-04,17400,P
USGS,05378500,2025-11-05,16500,P
USGS,05378500,2025-11-06,17800,P
USGS,05378500,2025-11-07,16400,P
USGS,05378500,2025-11-08,16700,P
USGS,05378500,2025-11-09,16100,P
USGS,05378500,2025-11-10,16600,P
USGS,05378500,2025-11-11,16800,P
USGS,05378500,2025-11-12,16500,P
USGS,05378500,2025-11-13,17200,P
USGS,05378500,2025-11-14,17100,P
USGS,05378500,2025-11-15,16300,P
USGS,05378500,2025-11-16,16700,P
USGS,05378500,2025-11-17,16700,P
USGS,05378500,2025-11-18,16100,P
USGS,05378500,2025-11-19,16100,P
USGS,05378500,2025-11-20,16000,P
USGS,05378500,2025-11-21,15700,P
USGS,05378500,2025-11-22,16000,P
USGS,05378500,2025-11-23,16000,P
USGS,05378500,2025-11-24,15700,P
USGS,05378500,2025-11-25,15200,P
USGS,05378500,2025-11-26,12700,P
USGS,05378500,2025-11-27,14100,P
USGS,05378500,2025-11-28,14300,P
USGS,05378500,2025-11-29,14500,P
USGS,05378500,2025-11-30,14300,P
USGS,05378500,2025-12-01,14900,P
USGS,05378500,2025-12-02,16200,P
USGS,05378500,2025-12-03,16000,P
USGS,05378500,2025-12-04,15500,P
USGS,05378500,2025-12-05,13900,P
USGS,05378500,2025-12-06,13800,P
USGS,05378500,2025-12-07,13800,P
USGS,05378500,2025-12-08,14600,P
USGS,05378500,2025-12-09,14300,P
USGS,05378500,2025-12-10,14200,P
USGS,05378500,2025-12-11,14500,P
USGS,05378500,2025-12-12,Ice,P
USGS,05378500,2025-12-13,Ice,P
USGS,05378500,2025-12-14,Ice,P
USGS,05378500,2025-12-15,Ice,P
USGS,05378500,2025-12-16,Ice,P
USGS,05378500,2025-12-17,Ice,P
USGS,05378500,2025-12-18,Ice,P
USGS,05378500,2025-12-19,Ice,P
USGS,05378500,2025-12-20,Ice,P
USGS,05378500,2025-12-21,Ice,P
USGS,05378500,2025-12-22,Ice,P
USGS,05378500,2025-12-23,Ice,P
USGS,05378500,2025-12-24,Ice,P
USGS,05378500,2025-12-25,Ice,P
USGS,05378500,2025-12-26,Ice,P
USGS,05378500,2025-12-27,Ice,P
USGS,05378500,2025-12-28,Ice,P
USGS,05378500,2025-12-29,Ice,P
USGS,05378500,2025-12-30,Ice,P
USGS,05378500,2025-12-31,Ice,P